Sample_Name,NODE_ID,family-supergroup,Country,Site,Collection_MY,Collection_Y,Season,Mosq_Species_Name,Mapped_Reads,Total_Reads_in_Lib,Non_rRNA_Reads,RPM,Virus_name_fin_cut,Virus_name_final
H2KK5AFX2_Bangui-Bayanga-Nov-2019-Aedes-aegypti-3_S7,NODE_7_length_6815_cov_284.155295,Phenuiviridae,Central African Republic,Bayanga,Nov-19,2019,Rainy,Aedes aegypti,28386,4970562,4806045,5906.31,Phasivirus phasiense,Phasivirus phasiense  isolate CAR6
H2KK5AFX2_Bangui-Bayanga-Nov-2019-Aedes-aegypti-3_S7,NODE_6_length_6841_cov_118.787825,Flaviviridae,Central African Republic,Bayanga,Nov-19,2019,Rainy,Aedes aegypti,19102,4970562,4806045,3974.58,Cell fusing agent virus,Cell fusing agent virus  isolate CAR5
H2KK5AFX2_Bangui-Bayanga-Nov-2019-Aedes-aegypti-3_S7,NODE_5_length_7062_cov_6.492059,Metaviridae,Central African Republic,Bayanga,Nov-19,2019,Rainy,Aedes aegypti,830,4970562,4806045,172.7,Bayanga meta-like virus 4,Bayanga meta-like virus 4  isolate CAR4
H2KK5AFX2_Bangui-Bayanga-Nov-2019-Aedes-aegypti-3_S7,NODE_65_length_4273_cov_1.710952,Metaviridae,Central African Republic,Bayanga,Nov-19,2019,Rainy,Aedes aegypti,209,4970562,4806045,43.49,Bayanga meta-like virus 2,Bayanga meta-like virus 2  isolate CAR2
H2KK5AFX2_Bangui-Bayanga-Nov-2019-Aedes-aegypti-3_S7,NODE_57_length_4372_cov_1.814143,Metaviridae,Central African Republic,Bayanga,Nov-19,2019,Rainy,Aedes aegypti,198,4970562,4806045,41.2,Bayanga meta-like virus 1,Bayanga meta-like virus 1  isolate CAR1
H2KK5AFX2_Bangui-Bayanga-Nov-2019-Aedes-aegypti-3_S7,NODE_1031_length_1424_cov_3.510733,Metaviridae,Central African Republic,Bayanga,Nov-19,2019,Rainy,Aedes aegypti,199,4970562,4806045,41.4,Bayanga meta-like virus 3,Bayanga meta-like virus 3  isolate CAR3
H2KK5AFX2_Bangui-Bayanga-Nov-2019-Aedes-aegypti-3_S7,NODE_1858_length_1124_cov_1.600381,Flaviviridae,Central African Republic,Bayanga,Nov-19,2019,Rainy,Aedes aegypti,39,4970562,4806045,8.11,Zika virus,Zika virus  isolate CAR7
H2KK5AFX2_Bangui-Bayanga-Nov-2019-Aedes-albopictus-1_S8,NODE_13_length_5669_cov_4.548070,Metaviridae,Central African Republic,Bayanga,Nov-19,2019,Rainy,Aedes albopictus,594,4936549,4749465,125.07,Bayanga meta-like virus 7,Bayanga meta-like virus 7  isolate CAR12
H2KK5AFX2_Bangui-Bayanga-Nov-2019-Aedes-albopictus-1_S8,NODE_509_length_1916_cov_0.975583,Metaviridae,Central African Republic,Bayanga,Nov-19,2019,Rainy,Aedes albopictus,49,4936549,4749465,10.32,Bayanga meta-like virus 5,Bayanga meta-like virus 5  isolate CAR10
H2KK5AFX2_Bangui-Bayanga-Nov-2019-Aedes-albopictus-1_S8,NODE_446_length_2012_cov_1.660134,Metaviridae,Central African Republic,Bayanga,Nov-19,2019,Rainy,Aedes albopictus,62,4936549,4749465,13.05,Bayanga meta-like virus 10,Bayanga meta-like virus 10  isolate CAR8
H2KK5AFX2_Bangui-Bayanga-Nov-2019-Aedes-albopictus-1_S8,NODE_2104_length_1138_cov_2.004695,Flaviviridae,Central African Republic,Bayanga,Nov-19,2019,Rainy,Aedes albopictus,43,4936549,4749465,09.05,Zika virus,Zika virus  isolate CAR15
H2KK5AFX2_Bangui-Bayanga-Nov-2019-Aedes-albopictus-1_S8,NODE_1709_length_1239_cov_2.487993,Metaviridae,Central African Republic,Bayanga,Nov-19,2019,Rainy,Aedes albopictus,67,4936549,4749465,14.11,Bayanga meta-like virus 9,Bayanga meta-like virus 9  isolate CAR14
H2KK5AFX2_Bangui-Bayanga-Nov-2019-Aedes-albopictus-1_S8,NODE_2138_length_1133_cov_0.889623,Metaviridae,Central African Republic,Bayanga,Nov-19,2019,Rainy,Aedes albopictus,27,4936549,4749465,5.68,Bayanga meta-like virus 6,Bayanga meta-like virus 6  isolate CAR11
H2KK5AFX2_Bangui-Bayanga-Nov-2019-Aedes-albopictus-1_S8,NODE_1565_length_1280_cov_1.359569,Metaviridae,Central African Republic,Bayanga,Nov-19,2019,Rainy,Aedes albopictus,57,4936549,4749465,12,Bayanga meta-like virus 8,Bayanga meta-like virus 8  isolate CAR13
H2KK5AFX2_Bangui-Bayanga-Nov-2019-Aedes-albopictus-1_S8,NODE_1463_length_1313_cov_2.375806,Metaviridae,Central African Republic,Bayanga,Nov-19,2019,Rainy,Aedes albopictus,185,4936549,4749465,38.95,Bayanga meta-like virus 11,Bayanga meta-like virus 11  isolate CAR9
H2KK5AFX2_Bangui-Bayanga-Nov-2019-Aedes-albopictus-2_S9,NODE_1592_length_1415_cov_1.534277,Metaviridae,Central African Republic,Bayanga,Nov-19,2019,Rainy,Aedes albopictus,54,4853506,4584285,11.78,Bayanga meta-like virus 6,Bayanga meta-like virus 6  isolate CAR17
H2KK5AFX2_Bangui-Bayanga-Nov-2019-Aedes-albopictus-2_S9,NODE_178_length_3051_cov_3.236400,Metaviridae,Central African Republic,Bayanga,Nov-19,2019,Rainy,Aedes albopictus,305,4853506,4584285,66.53,Bayanga meta-like virus 7,Bayanga meta-like virus 7  isolate CAR18
H2KK5AFX2_Bangui-Bayanga-Nov-2019-Aedes-albopictus-2_S9,NODE_2407_length_1205_cov_1.831272,Metaviridae,Central African Republic,Bayanga,Nov-19,2019,Rainy,Aedes albopictus,59,4853506,4584285,12.87,Bayanga meta-like virus 11,Bayanga meta-like virus 11  isolate CAR16
H2KK5AFX2_Bangui-Bayanga-Nov-2019-Anopheles-gambiae_S14,NODE_241_length_1432_cov_2.584989,Flaviviridae,Central African Republic,Bayanga,Nov-19,2019,Rainy,Anopheles gambiae,137,3809266,3074030,44.57,Zika virus,Zika virus  isolate CAR19
H2KK5AFX2_Bangui-Bayanga-Nov-2019-Culex-quinquefasciatus-1_S17,NODE_2_length_5685_cov_6.137028,Hypoviridae,Central African Republic,Bayanga,Nov-19,2019,Rainy,Culex antennatus,552,5682323,381727,1446.06,Bayanga hypo-like virus 1,Bayanga hypo-like virus 1  isolate CAR20
H2KK5AFX2_Bangui-Bouar-Jun-2019-Anopheles-funestus-1_S20,NODE_29_length_4477_cov_409.512943,Sedoreovirales,Central African Republic,Bouar,Jun-19,2019,Rainy,Anopheles funestus,27844,5329876,4861055,5727.97,Bouar sedoreo-like virus 1,Bouar sedoreo-like virus 1  isolate CAR26
H2KK5AFX2_Bangui-Bouar-Jun-2019-Anopheles-funestus-1_S20,NODE_168_length_1871_cov_1.681869,Flaviviridae,Central African Republic,Bouar,Jun-19,2019,Rainy,Anopheles funestus,225,5329876,4861055,46.28,Zika virus,Zika virus  isolate CAR27
H2KK5AFX2_Bangui-Bouar-Jun-2019-Anopheles-funestus-1_S20,NODE_252_length_1536_cov_66.073821,Partitiviridae,Central African Republic,Bouar,Jun-19,2019,Rainy,Anopheles funestus,1498,5329876,4861055,308.16,Bouar partiti-like virus 1,Bouar partiti-like virus 1  isolate CAR25
H2KK5AFX2_Bangui-Bouar-Jun-2019-Anopheles-funestus-1_S20,NODE_640_length_1149_cov_1.480483,Metaviridae,Central African Republic,Bouar,Jun-19,2019,Rainy,Anopheles funestus,35,5329876,4861055,7.2,Bouar meta-like virus 13,Bouar meta-like virus 13  isolate CAR24
H2KK5AFX2_Bangui-Bouar-Jun-2019-Anopheles-funestus-1_S20,NODE_719_length_1112_cov_2.762271,Metaviridae,Central African Republic,Bouar,Jun-19,2019,Rainy,Anopheles funestus,288,5329876,4861055,59.25,Bouar meta-like virus 10,Bouar meta-like virus 10  isolate CAR21
H2KK5AFX2_Bangui-Bouar-Jun-2019-Anopheles-funestus-1_S20,NODE_918_length_1035_cov_1.775468,Metaviridae,Central African Republic,Bouar,Jun-19,2019,Rainy,Anopheles funestus,39,5329876,4861055,08.02,Bouar meta-like virus 12,Bouar meta-like virus 12  isolate CAR23
H2KK5AFX2_Bangui-Bouar-Jun-2019-Anopheles-funestus-1_S20,NODE_1035_length_1004_cov_1.425349,Metaviridae,Central African Republic,Bouar,Jun-19,2019,Rainy,Anopheles funestus,25,5329876,4861055,5.14,Bouar meta-like virus 11,Bouar meta-like virus 11  isolate CAR22
H2KK5AFX2_Bangui-Bouar-Jun-2019-Anopheles-gambiae-1_S22,NODE_24_length_5339_cov_11.488986,Metaviridae,Central African Republic,Bouar,Jun-19,2019,Rainy,Anopheles gambiae,1318,5231439,4911252,268.36,Bouar meta-like virus 17,Bouar meta-like virus 17  isolate CAR30
H2KK5AFX2_Bangui-Bouar-Jun-2019-Anopheles-gambiae-1_S22,NODE_1314_length_1601_cov_3.362565,Metaviridae,Central African Republic,Bouar,Jun-19,2019,Rainy,Anopheles gambiae,111,5231439,4911252,22.6,Bouar meta-like virus 19,Bouar meta-like virus 19  isolate CAR32
H2KK5AFX2_Bangui-Bouar-Jun-2019-Anopheles-gambiae-1_S22,NODE_129_length_2984_cov_421.728272,Solemoviridae,Central African Republic,Bouar,Jun-19,2019,Rainy,Anopheles gambiae,20818,5231439,4911252,4238.84,Bouar solemo-like virus 2,Bouar solemo-like virus 2  isolate CAR34
H2KK5AFX2_Bangui-Bouar-Jun-2019-Anopheles-gambiae-1_S22,NODE_3392_length_1260_cov_0.919966,Metaviridae,Central African Republic,Bouar,Jun-19,2019,Rainy,Anopheles gambiae,23,5231439,4911252,4.68,Bouar meta-like virus 18,Bouar meta-like virus 18  isolate CAR31
H2KK5AFX2_Bangui-Bouar-Jun-2019-Anopheles-gambiae-1_S22,NODE_4079_length_1198_cov_1.621333,Metaviridae,Central African Republic,Bouar,Jun-19,2019,Rainy,Anopheles gambiae,80,5231439,4911252,16.29,Bouar meta-like virus 16,Bouar meta-like virus 16  isolate CAR29
H2KK5AFX2_Bangui-Bouar-Jun-2019-Anopheles-gambiae-1_S22,NODE_7091_length_1026_cov_2.250787,Metaviridae,Central African Republic,Bouar,Jun-19,2019,Rainy,Anopheles gambiae,47,5231439,4911252,9.57,Bouar meta-like virus 20,Bouar meta-like virus 20  isolate CAR33
H2KK5AFX2_Bangui-Bouar-Jun-2019-Anopheles-gambiae-1_S22,NODE_3815_length_1220_cov_1.181343,Metaviridae,Central African Republic,Bouar,Jun-19,2019,Rainy,Anopheles gambiae,84,5231439,4911252,17.1,Bouar meta-like virus 15,Bouar meta-like virus 15  isolate CAR28
H2KK5AFX2_Bangui-Bouar-Jun-2019-Anopheles-gambiae-2_S23,NODE_5_length_6985_cov_5.372685,Metaviridae,Central African Republic,Bouar,Jun-19,2019,Rainy,Anopheles gambiae,798,5300029,4926854,161.97,Bouar meta-like virus 19,Bouar meta-like virus 19  isolate CAR39
H2KK5AFX2_Bangui-Bouar-Jun-2019-Anopheles-gambiae-2_S23,NODE_81_length_4200_cov_7.402229,Metaviridae,Central African Republic,Bouar,Jun-19,2019,Rainy,Anopheles gambiae,744,5300029,4926854,151.01,Bouar meta-like virus 17,Bouar meta-like virus 17  isolate CAR38
H2KK5AFX2_Bangui-Bouar-Jun-2019-Anopheles-gambiae-2_S23,NODE_190_length_2692_cov_6.535319,Kitaviridae,Central African Republic,Bouar,Jun-19,2019,Rainy,Anopheles gambiae,268,5300029,4926854,54.4,Bouar kita-like virus 3,Bouar kita-like virus 3  isolate CAR35
H2KK5AFX2_Bangui-Bouar-Jun-2019-Anopheles-gambiae-2_S23,NODE_2700_length_1205_cov_1.234099,Metaviridae,Central African Republic,Bouar,Jun-19,2019,Rainy,Anopheles gambiae,137,5300029,4926854,27.8,Bouar meta-like virus 22,Bouar meta-like virus 22  isolate CAR42
H2KK5AFX2_Bangui-Bouar-Jun-2019-Anopheles-gambiae-2_S23,NODE_4526_length_1068_cov_2.151759,Metaviridae,Central African Republic,Bouar,Jun-19,2019,Rainy,Anopheles gambiae,46,5300029,4926854,9.34,Bouar meta-like virus 16,Bouar meta-like virus 16  isolate CAR37
H2KK5AFX2_Bangui-Bouar-Jun-2019-Anopheles-gambiae-2_S23,NODE_5478_length_1019_cov_1.715645,Metaviridae,Central African Republic,Bouar,Jun-19,2019,Rainy,Anopheles gambiae,37,5300029,4926854,7.51,Bouar meta-like virus 24,Bouar meta-like virus 24  isolate CAR44
H2KK5AFX2_Bangui-Bouar-Jun-2019-Anopheles-gambiae-2_S23,NODE_4920_length_1047_cov_0.995893,Metaviridae,Central African Republic,Bouar,Jun-19,2019,Rainy,Anopheles gambiae,16,5300029,4926854,3.25,Bouar meta-like virus 21,Bouar meta-like virus 21  isolate CAR41
H2KK5AFX2_Bangui-Bouar-Jun-2019-Anopheles-gambiae-2_S23,NODE_281_length_2280_cov_1.578614,Metaviridae,Central African Republic,Bouar,Jun-19,2019,Rainy,Anopheles gambiae,103,5300029,4926854,20.91,Bouar meta-like virus 15,Bouar meta-like virus 15  isolate CAR36
H2KK5AFX2_Bangui-Bouar-Jun-2019-Anopheles-gambiae-2_S23,NODE_2142_length_1264_cov_1.847187,Metaviridae,Central African Republic,Bouar,Jun-19,2019,Rainy,Anopheles gambiae,59,5300029,4926854,11.98,Bouar meta-like virus 23,Bouar meta-like virus 23  isolate CAR43
H2KK5AFX2_Bangui-Bouar-Jun-2019-Anopheles-gambiae-2_S23,NODE_5590_length_1014_cov_1.854410,Metaviridae,Central African Republic,Bouar,Jun-19,2019,Rainy,Anopheles gambiae,37,5300029,4926854,7.51,Bouar meta-like virus 20,Bouar meta-like virus 20  isolate CAR40
H2KK5AFX2_Bangui-Bouar-Jun-2019-Anopheles-gambiae-3_S24,NODE_7_length_6984_cov_6.475329,Metaviridae,Central African Republic,Bouar,Jun-19,2019,Rainy,Anopheles gambiae,885,5356651,5235361,169.04,Bouar meta-like virus 19,Bouar meta-like virus 19  isolate CAR48
H2KK5AFX2_Bangui-Bouar-Jun-2019-Anopheles-gambiae-3_S24,NODE_596_length_2135_cov_1.900582,Metaviridae,Central African Republic,Bouar,Jun-19,2019,Rainy,Anopheles gambiae,117,5356651,5235361,22.35,Bouar meta-like virus 25,Bouar meta-like virus 25  isolate CAR52
H2KK5AFX2_Bangui-Bouar-Jun-2019-Anopheles-gambiae-3_S24,NODE_512_length_2221_cov_1.706238,Metaviridae,Central African Republic,Bouar,Jun-19,2019,Rainy,Anopheles gambiae,129,5356651,5235361,24.64,Bouar meta-like virus 15,Bouar meta-like virus 15  isolate CAR45
H2KK5AFX2_Bangui-Bouar-Jun-2019-Anopheles-gambiae-3_S24,NODE_3_length_8059_cov_9.864012,Metaviridae,Central African Republic,Bouar,Jun-19,2019,Rainy,Anopheles gambiae,1971,5356651,5235361,376.48,Bouar meta-like virus 17,Bouar meta-like virus 17  isolate CAR47
H2KK5AFX2_Bangui-Bouar-Jun-2019-Anopheles-gambiae-3_S24,NODE_7456_length_1172_cov_1.053685,Metaviridae,Central African Republic,Bouar,Jun-19,2019,Rainy,Anopheles gambiae,50,5356651,5235361,9.55,Bouar meta-like virus 28,Bouar meta-like virus 28  isolate CAR55
H2KK5AFX2_Bangui-Bouar-Jun-2019-Anopheles-gambiae-3_S24,NODE_5654_length_1256_cov_0.949281,Metaviridae,Central African Republic,Bouar,Jun-19,2019,Rainy,Anopheles gambiae,23,5356651,5235361,4.39,Bouar meta-like virus 27,Bouar meta-like virus 27  isolate CAR54
H2KK5AFX2_Bangui-Bouar-Jun-2019-Anopheles-gambiae-3_S24,NODE_8218_length_1143_cov_1.420561,Metaviridae,Central African Republic,Bouar,Jun-19,2019,Rainy,Anopheles gambiae,35,5356651,5235361,6.69,Bouar meta-like virus 22,Bouar meta-like virus 22  isolate CAR50
H2KK5AFX2_Bangui-Bouar-Jun-2019-Anopheles-gambiae-3_S24,NODE_2465_length_1528_cov_2.232302,Metaviridae,Central African Republic,Bouar,Jun-19,2019,Rainy,Anopheles gambiae,119,5356651,5235361,22.73,Bouar meta-like virus 23,Bouar meta-like virus 23  isolate CAR51
H2KK5AFX2_Bangui-Bouar-Jun-2019-Anopheles-gambiae-3_S24,NODE_9499_length_1098_cov_1.956098,Metaviridae,Central African Republic,Bouar,Jun-19,2019,Rainy,Anopheles gambiae,50,5356651,5235361,9.55,Bouar meta-like virus 16,Bouar meta-like virus 16  isolate CAR46
H2KK5AFX2_Bangui-Bouar-Jun-2019-Anopheles-gambiae-3_S24,NODE_11670_length_1036_cov_1.736241,Metaviridae,Central African Republic,Bouar,Jun-19,2019,Rainy,Anopheles gambiae,38,5356651,5235361,7.26,Bouar meta-like virus 20,Bouar meta-like virus 20  isolate CAR49
H2KK5AFX2_Bangui-Bouar-Jun-2019-Anopheles-gambiae-3_S24,NODE_752_length_2024_cov_1.828293,Metaviridae,Central African Republic,Bouar,Jun-19,2019,Rainy,Anopheles gambiae,72,5356651,5235361,13.75,Bouar meta-like virus 26,Bouar meta-like virus 26  isolate CAR53
H2KK5AFX2_Bangui-Bouar-Nov-2019-Aedes-aegypti-2_S1,NODE_4_length_6815_cov_1013.846930,Phenuiviridae,Central African Republic,Bouar,Nov-19,2019,Rainy,Aedes aegypti,98087,3245738,3128320,31354.53,Phasivirus phasiense,Phasivirus phasiense  isolate CAR63
H2KK5AFX2_Bangui-Bouar-Nov-2019-Aedes-aegypti-2_S1,NODE_46_length_4285_cov_56.332384,Inseviridae,Central African Republic,Bouar,Nov-19,2019,Rainy,Aedes aegypti,3553,3245738,3128320,1135.75,Bouar inse-like virus 1,Bouar inse-like virus 1  isolate CAR57
H2KK5AFX2_Bangui-Bouar-Nov-2019-Aedes-aegypti-2_S1,NODE_47_length_4285_cov_39.210826,Inseviridae,Central African Republic,Bouar,Nov-19,2019,Rainy,Aedes aegypti,2538,3245738,3128320,811.3,Bouar inse-like virus 2,Bouar inse-like virus 2  isolate CAR58
H2KK5AFX2_Bangui-Bouar-Nov-2019-Aedes-aegypti-2_S1,NODE_1068_length_1414_cov_84.617450,Inseviridae,Central African Republic,Bouar,Nov-19,2019,Rainy,Aedes aegypti,1765,3245738,3128320,564.2,Mosquito toti-like virus XZ15,Mosquito toti-like virus XZ15  isolate CAR62
H2KK5AFX2_Bangui-Bouar-Nov-2019-Aedes-aegypti-2_S1,NODE_1106_length_1396_cov_3.440665,Metaviridae,Central African Republic,Bouar,Nov-19,2019,Rainy,Aedes aegypti,86,3245738,3128320,27.49,Bouar meta-like virus 1,Bouar meta-like virus 1  isolate CAR60
H2KK5AFX2_Bangui-Bouar-Nov-2019-Aedes-aegypti-2_S1,NODE_1075_length_1411_cov_2.155456,Metaviridae,Central African Republic,Bouar,Nov-19,2019,Rainy,Aedes aegypti,100,3245738,3128320,31.96,Bouar meta-like virus 2,Bouar meta-like virus 2  isolate CAR61
H2KK5AFX2_Bangui-Bouar-Nov-2019-Aedes-aegypti-2_S1,NODE_1039_length_1426_cov_4.328160,Kitaviridae,Central African Republic,Bouar,Nov-19,2019,Rainy,Aedes aegypti,126,3245738,3128320,40.28,Bouar kita-like virus 1,Bouar kita-like virus 1  isolate CAR59
H2KK5AFX2_Bangui-Bouar-Nov-2019-Aedes-aegypti-2_S1,NODE_873_length_1519_cov_3.127939,Deltaflexiviridae,Central African Republic,Bouar,Nov-19,2019,Rainy,Aedes aegypti,80,3245738,3128320,25.57,Bouar deltaflexi-like virus 1,Bouar deltaflexi-like virus 1  isolate CAR56
H2KK5AFX2_Bangui-Bouar-Nov-2019-Aedes-aegypti-3_S2,NODE_2_length_6818_cov_620.838399,Phenuiviridae,Central African Republic,Bouar,Nov-19,2019,Rainy,Aedes aegypti,63379,3632521,3586141,17673.32,Phasivirus phasiense,Phasivirus phasiense  isolate CAR72
H2KK5AFX2_Bangui-Bouar-Nov-2019-Aedes-aegypti-3_S2,NODE_11_length_6002_cov_51.001855,Inseviridae,Central African Republic,Bouar,Nov-19,2019,Rainy,Aedes aegypti,9160,3632521,3586141,2554.27,Bouar inse-like virus 3,Bouar inse-like virus 3  isolate CAR66
H2KK5AFX2_Bangui-Bouar-Nov-2019-Aedes-aegypti-3_S2,NODE_10_length_6017_cov_125.308378,Inseviridae,Central African Republic,Bouar,Nov-19,2019,Rainy,Aedes aegypti,11758,3632521,3586141,3278.73,Bouar inse-like virus 1,Bouar inse-like virus 1  isolate CAR64
H2KK5AFX2_Bangui-Bouar-Nov-2019-Aedes-aegypti-3_S2,NODE_68_length_3141_cov_28.814211,Inseviridae,Central African Republic,Bouar,Nov-19,2019,Rainy,Aedes aegypti,1366,3632521,3586141,380.91,Bouar inse-like virus 2,Bouar inse-like virus 2  isolate CAR65
H2KK5AFX2_Bangui-Bouar-Nov-2019-Aedes-aegypti-3_S2,NODE_122_length_2447_cov_8.018113,Orthomyxoviridae,Central African Republic,Bouar,Nov-19,2019,Rainy,Aedes aegypti,286,3632521,3586141,79.75,Mosquito orthomyxo-like virus YN2,Mosquito orthomyxo-like virus YN2  isolate CAR71
H2KK5AFX2_Bangui-Bouar-Nov-2019-Aedes-aegypti-3_S2,NODE_98_length_2642_cov_3.372908,Metaviridae,Central African Republic,Bouar,Nov-19,2019,Rainy,Aedes aegypti,514,3632521,3586141,143.33,Bouar meta-like virus 2,Bouar meta-like virus 2  isolate CAR67
H2KK5AFX2_Bangui-Bouar-Nov-2019-Aedes-aegypti-3_S2,NODE_736_length_1449_cov_1.724564,Flaviviridae,Central African Republic,Bouar,Nov-19,2019,Rainy,Aedes aegypti,142,3632521,3586141,39.6,Zika virus,Zika virus  isolate CAR73
H2KK5AFX2_Bangui-Bouar-Nov-2019-Aedes-aegypti-3_S2,NODE_813_length_1402_cov_2.288939,Metaviridae,Central African Republic,Bouar,Nov-19,2019,Rainy,Aedes aegypti,59,3632521,3586141,16.45,Bouar meta-like virus 3,Bouar meta-like virus 3  isolate CAR68
H2KK5AFX2_Bangui-Bouar-Nov-2019-Aedes-aegypti-3_S2,NODE_93_length_2672_cov_2.337053,Metaviridae,Central African Republic,Bouar,Nov-19,2019,Rainy,Aedes aegypti,159,3632521,3586141,44.34,Bouar meta-like virus 5,Bouar meta-like virus 5  isolate CAR70
H2KK5AFX2_Bangui-Bouar-Nov-2019-Aedes-aegypti-3_S2,NODE_858_length_1380_cov_2.977812,Metaviridae,Central African Republic,Bouar,Nov-19,2019,Rainy,Aedes aegypti,71,3632521,3586141,19.8,Bouar meta-like virus 4,Bouar meta-like virus 4  isolate CAR69
H2KK5AFX2_Bangui-Bouar-Nov-2019-Aedes-albopictus-1_S3,NODE_1501_length_1845_cov_1.234199,Metaviridae,Central African Republic,Bouar,Nov-19,2019,Rainy,Aedes albopictus,57,5277695,4881008,11.68,Bouar meta-like virus 8,Bouar meta-like virus 8  isolate CAR75
H2KK5AFX2_Bangui-Bouar-Nov-2019-Aedes-albopictus-1_S3,NODE_826_length_2256_cov_2.727439,Metaviridae,Central African Republic,Bouar,Nov-19,2019,Rainy,Aedes albopictus,137,5277695,4881008,28.07,Bouar meta-like virus 9,Bouar meta-like virus 9  isolate CAR76
H2KK5AFX2_Bangui-Bouar-Nov-2019-Aedes-albopictus-1_S3,NODE_2523_length_1516_cov_2.807346,Flaviviridae,Central African Republic,Bouar,Nov-19,2019,Rainy,Aedes albopictus,80,5277695,4881008,16.39,Bouar flavi-like virus 1,Bouar flavi-like virus 1  isolate CAR74
H2LTKAFX2_Bangui-Batalimo-Oct-2019-Aedes-aegypti-1_S8,NODE_51_length_4461_cov_3.439608,Metaviridae,Central African Republic,Batalimo,Oct-19,2019,Rainy,Aedes aegypti,311,6374853,3824979,81.31,Batalimo meta-like virus 3,Batalimo meta-like virus 3  isolate CAR80
H2LTKAFX2_Bangui-Batalimo-Oct-2019-Aedes-aegypti-1_S8,NODE_11_length_7935_cov_572.218774,Inseviridae,Central African Republic,Batalimo,Oct-19,2019,Rainy,Aedes aegypti,115640,6374853,3824979,30232.85,Batalimo inse-like virus 1,Batalimo inse-like virus 1  isolate CAR77
H2LTKAFX2_Bangui-Batalimo-Oct-2019-Aedes-aegypti-1_S8,NODE_476_length_2137_cov_2.033430,Flaviviridae,Central African Republic,Batalimo,Oct-19,2019,Rainy,Aedes aegypti,185,6374853,3824979,48.37,Zika virus,Zika virus  isolate CAR83
H2LTKAFX2_Bangui-Batalimo-Oct-2019-Aedes-aegypti-1_S8,NODE_848_length_1695_cov_2.733662,Metaviridae,Central African Republic,Batalimo,Oct-19,2019,Rainy,Aedes aegypti,209,6374853,3824979,54.64,Batalimo meta-like virus 2,Batalimo meta-like virus 2  isolate CAR79
H2LTKAFX2_Bangui-Batalimo-Oct-2019-Aedes-aegypti-1_S8,NODE_832_length_1711_cov_3.080586,Phenuiviridae,Central African Republic,Batalimo,Oct-19,2019,Rainy,Aedes aegypti,130,6374853,3824979,33.99,Mosquito bunya-like virus YN16,Mosquito bunya-like virus YN16  isolate CAR82
H2LTKAFX2_Bangui-Batalimo-Oct-2019-Aedes-aegypti-1_S8,NODE_630_length_1929_cov_4.122306,Metaviridae,Central African Republic,Batalimo,Oct-19,2019,Rainy,Aedes aegypti,141,6374853,3824979,36.86,Batalimo meta-like virus 1,Batalimo meta-like virus 1  isolate CAR78
H2LTKAFX2_Bangui-Batalimo-Oct-2019-Aedes-aegypti-1_S8,NODE_576_length_1992_cov_3.727983,Metaviridae,Central African Republic,Batalimo,Oct-19,2019,Rainy,Aedes aegypti,134,6374853,3824979,35.03,Batalimo meta-like virus 4,Batalimo meta-like virus 4  isolate CAR81
H2LTKAFX2_Bangui-Batalimo-Oct-2019-Aedes-aegypti-3_S10,NODE_16_length_6822_cov_966.662469,Phenuiviridae,Central African Republic,Batalimo,Oct-19,2019,Rainy,Aedes aegypti,99614,5679017,5210994,19116.12,Phasivirus phasiense,Phasivirus phasiense  isolate CAR90
H2LTKAFX2_Bangui-Batalimo-Oct-2019-Aedes-aegypti-3_S10,NODE_24_length_6087_cov_142.314100,Inseviridae,Central African Republic,Batalimo,Oct-19,2019,Rainy,Aedes aegypti,40737,5679017,5210994,7817.51,Batalimo inse-like virus 2,Batalimo inse-like virus 2  isolate CAR85
H2LTKAFX2_Bangui-Batalimo-Oct-2019-Aedes-aegypti-3_S10,NODE_22_length_6112_cov_288.299884,Inseviridae,Central African Republic,Batalimo,Oct-19,2019,Rainy,Aedes aegypti,28543,5679017,5210994,5477.46,Batalimo inse-like virus 1,Batalimo inse-like virus 1  isolate CAR84
H2LTKAFX2_Bangui-Batalimo-Oct-2019-Aedes-aegypti-3_S10,NODE_95_length_3884_cov_3.168197,Metaviridae,Central African Republic,Batalimo,Oct-19,2019,Rainy,Aedes aegypti,555,5679017,5210994,106.51,Batalimo meta-like virus 2,Batalimo meta-like virus 2  isolate CAR86
H2LTKAFX2_Bangui-Batalimo-Oct-2019-Aedes-aegypti-3_S10,NODE_977_length_1785_cov_4.393107,Metaviridae,Central African Republic,Batalimo,Oct-19,2019,Rainy,Aedes aegypti,132,5679017,5210994,25.33,Batalimo meta-like virus 7,Batalimo meta-like virus 7  isolate CAR89
H2LTKAFX2_Bangui-Batalimo-Oct-2019-Aedes-aegypti-3_S10,NODE_67_length_4284_cov_4.751365,Metaviridae,Central African Republic,Batalimo,Oct-19,2019,Rainy,Aedes aegypti,425,5679017,5210994,81.56,Batalimo meta-like virus 5,Batalimo meta-like virus 5  isolate CAR87
H2LTKAFX2_Bangui-Batalimo-Oct-2019-Aedes-aegypti-3_S10,NODE_3020_length_1115_cov_1.102687,Metaviridae,Central African Republic,Batalimo,Oct-19,2019,Rainy,Aedes aegypti,35,5679017,5210994,6.72,Batalimo meta-like virus 6,Batalimo meta-like virus 6  isolate CAR88
H2LTKAFX2_Bangui-Batalimo-Oct-2019-Aedes-albopictus-1_S11,NODE_54_length_4573_cov_3.673333,Metaviridae,Central African Republic,Batalimo,Oct-19,2019,Rainy,Aedes albopictus,366,5989850,5389892,67.9,Batalimo meta-like virus 9,Batalimo meta-like virus 9  isolate CAR92
H2LTKAFX2_Bangui-Batalimo-Oct-2019-Aedes-albopictus-1_S11,NODE_3176_length_1188_cov_1.758744,Metaviridae,Central African Republic,Batalimo,Oct-19,2019,Rainy,Aedes albopictus,36,5989850,5389892,6.68,Batalimo meta-like virus 8,Batalimo meta-like virus 8  isolate CAR91
H2LTKAFX2_Bangui-Batalimo-Oct-2019-Aedes-albopictus-2_S12,NODE_300_length_2849_cov_6.521254,Metaviridae,Central African Republic,Batalimo,Oct-19,2019,Rainy,Aedes albopictus,1549,6337184,5950925,260.3,Batalimo meta-like virus 10,Batalimo meta-like virus 10  isolate CAR93
H2LTKAFX2_Bangui-Batalimo-Oct-2019-Aedes-albopictus-2_S12,NODE_88_length_4173_cov_3.077561,Metaviridae,Central African Republic,Batalimo,Oct-19,2019,Rainy,Aedes albopictus,304,6337184,5950925,51.08,Batalimo meta-like virus 9,Batalimo meta-like virus 9  isolate CAR95
H2LTKAFX2_Bangui-Batalimo-Oct-2019-Aedes-albopictus-2_S12,NODE_4258_length_1087_cov_1.510848,Metaviridae,Central African Republic,Batalimo,Oct-19,2019,Rainy,Aedes albopictus,81,6337184,5950925,13.61,Batalimo meta-like virus 11,Batalimo meta-like virus 11  isolate CAR94
H2LTKAFX2_Bangui-Batalimo-Oct-2019-Aedes-albopictus-3_S13,NODE_937_length_1868_cov_5.648468,Flaviviridae,Central African Republic,Batalimo,Oct-19,2019,Rainy,Aedes albopictus,263,5507687,4896650,53.71,Batalimo flavi-like virus 1,Batalimo flavi-like virus 1  isolate CAR96
H2LTKAFX2_Bangui-Batalimo-Oct-2019-Aedes-albopictus-3_S13,NODE_2459_length_1309_cov_1.567152,Metaviridae,Central African Republic,Batalimo,Oct-19,2019,Rainy,Aedes albopictus,48,5507687,4896650,9.8,Batalimo meta-like virus 12,Batalimo meta-like virus 12  isolate CAR98
H2LTKAFX2_Bangui-Batalimo-Oct-2019-Aedes-albopictus-3_S13,NODE_1858_length_1456_cov_2.568330,Metaviridae,Central African Republic,Batalimo,Oct-19,2019,Rainy,Aedes albopictus,90,5507687,4896650,18.38,Batalimo meta-like virus 9,Batalimo meta-like virus 9  isolate CAR99
H2LTKAFX2_Bangui-Batalimo-Oct-2019-Aedes-albopictus-3_S13,NODE_2541_length_1286_cov_7.725474,Metaviridae,Central African Republic,Batalimo,Oct-19,2019,Rainy,Aedes albopictus,316,5507687,4896650,64.53,Batalimo meta-like virus 10,Batalimo meta-like virus 10  isolate CAR97
H2LTKAFX2_Bangui-Batalimo-Oct-2019-Anopheles-funestus-1_S17,NODE_35_length_2993_cov_2.223288,Flaviviridae,Central African Republic,Batalimo,Oct-19,2019,Rainy,Anopheles funestus,380,4025647,3721789,102.11,Zika virus,Zika virus  isolate CAR102
H2LTKAFX2_Bangui-Batalimo-Oct-2019-Anopheles-funestus-1_S17,NODE_129_length_1502_cov_134.965010,Partitiviridae,Central African Republic,Batalimo,Oct-19,2019,Rainy,Anopheles funestus,3545,4025647,3721789,952.5,Batalimo partiti-like virus 1,Batalimo partiti-like virus 1  isolate CAR100
H2LTKAFX2_Bangui-Batalimo-Oct-2019-Anopheles-funestus-1_S17,NODE_41_length_2817_cov_98.991983,Solemoviridae,Central African Republic,Batalimo,Oct-19,2019,Rainy,Anopheles funestus,5240,4025647,3721789,1407.93,Batalimo solemo-like virus 1,Batalimo solemo-like virus 1  isolate CAR101
H2LTKAFX2_Bangui-Batalimo-Oct-2019-Anopheles-funestus-3_S19,NODE_1_length_10757_cov_7.210782,Flaviviridae,Central African Republic,Batalimo,Oct-19,2019,Rainy,Anopheles funestus,1724,4214378,1757674,980.84,Zika virus,Zika virus  isolate CAR106
H2LTKAFX2_Bangui-Batalimo-Oct-2019-Anopheles-funestus-3_S19,NODE_2_length_10701_cov_769.401393,Kitaviridae,Central African Republic,Batalimo,Oct-19,2019,Rainy,Anopheles funestus,122708,4214378,1757674,69812.72,Batalimo kita-like virus 1,Batalimo kita-like virus 1  isolate CAR103
H2LTKAFX2_Bangui-Batalimo-Oct-2019-Anopheles-funestus-3_S19,NODE_11_length_3798_cov_537.553345,Parvoviridae,Central African Republic,Batalimo,Oct-19,2019,Rainy,Anopheles funestus,33334,4214378,1757674,18964.84,Batalimo parvo-like virus 1,Batalimo parvo-like virus 1  isolate CAR104
H2LTKAFX2_Bangui-Batalimo-Oct-2019-Anopheles-funestus-3_S19,NODE_18_length_2917_cov_2423.860759,Solemoviridae,Central African Republic,Batalimo,Oct-19,2019,Rainy,Anopheles funestus,102653,4214378,1757674,58402.75,Batalimo solemo-like virus 1,Batalimo solemo-like virus 1  isolate CAR105
H2LTKAFX2_Bangui-Batalimo-Oct-2019-Anopheles-gambiae-1_S14,NODE_50_length_2434_cov_2.343075,Flaviviridae,Central African Republic,Batalimo,Oct-19,2019,Rainy,Anopheles gambiae,373,4532679,3085919,120.87,Zika virus,Zika virus  isolate CAR108
H2LTKAFX2_Bangui-Batalimo-Oct-2019-Anopheles-gambiae-1_S14,NODE_101_length_1719_cov_25.010328,Partitiviridae,Central African Republic,Batalimo,Oct-19,2019,Rainy,Anopheles gambiae,653,4532679,3085919,211.61,Batalimo partiti-like virus 4,Batalimo partiti-like virus 4  isolate CAR107
H2LTKAFX2_Bangui-Bouar-Nov-2019-Aedes-aegypti-1_S24,NODE_8_length_9464_cov_1817.371632,Iflaviridae,Central African Republic,Bouar,Nov-19,2019,Rainy,Aedes aegypti,256467,5648376,5421223,47307.96,Bouar ifla-like virus 1,Bouar ifla-like virus 1  isolate CAR109
H2LTKAFX2_Bangui-Bouar-Nov-2019-Aedes-aegypti-1_S24,NODE_77_length_4341_cov_4.207591,Metaviridae,Central African Republic,Bouar,Nov-19,2019,Rainy,Aedes aegypti,453,5648376,5421223,83.56,Bouar meta-like virus 6,Bouar meta-like virus 6  isolate CAR115
H2LTKAFX2_Bangui-Bouar-Nov-2019-Aedes-aegypti-1_S24,NODE_21_length_6097_cov_119.293659,Inseviridae,Central African Republic,Bouar,Nov-19,2019,Rainy,Aedes aegypti,13695,5648376,5421223,2526.18,Bouar inse-like virus 2,Bouar inse-like virus 2  isolate CAR110
H2LTKAFX2_Bangui-Bouar-Nov-2019-Aedes-aegypti-1_S24,NODE_271_length_2857_cov_5.060345,Orthototiviridae,Central African Republic,Bouar,Nov-19,2019,Rainy,Aedes aegypti,425,5648376,5421223,78.4,Mosquito toti-like virus XZ18,Mosquito toti-like virus XZ18  isolate CAR117
H2LTKAFX2_Bangui-Bouar-Nov-2019-Aedes-aegypti-1_S24,NODE_138_length_3645_cov_16.548432,Inseviridae,Central African Republic,Bouar,Nov-19,2019,Rainy,Aedes aegypti,1209,5648376,5421223,223.01,Bouar inse-like virus 4,Bouar inse-like virus 4  isolate CAR111
H2LTKAFX2_Bangui-Bouar-Nov-2019-Aedes-aegypti-1_S24,NODE_519_length_2255_cov_37.790559,Inseviridae,Central African Republic,Bouar,Nov-19,2019,Rainy,Aedes aegypti,1947,5648376,5421223,359.14,Mosquito toti-like virus XZ15,Mosquito toti-like virus XZ15  isolate CAR116
H2LTKAFX2_Bangui-Bouar-Nov-2019-Aedes-aegypti-1_S24,NODE_945_length_1820_cov_2.008586,Metaviridae,Central African Republic,Bouar,Nov-19,2019,Rainy,Aedes aegypti,73,5648376,5421223,13.47,Bouar meta-like virus 2,Bouar meta-like virus 2  isolate CAR114
H2LTKAFX2_Bangui-Bouar-Nov-2019-Aedes-aegypti-1_S24,NODE_3364_length_1091_cov_4.445972,Inseviridae,Central African Republic,Bouar,Nov-19,2019,Rainy,Aedes aegypti,588,5648376,5421223,108.46,Bouar inse-like virus 5,Bouar inse-like virus 5  isolate CAR112
H2LTKAFX2_Bangui-Bouar-Nov-2019-Aedes-aegypti-1_S24,NODE_1755_length_1439_cov_3.986823,Metaviridae,Central African Republic,Bouar,Nov-19,2019,Rainy,Aedes aegypti,119,5648376,5421223,21.95,Bouar meta-like virus 1,Bouar meta-like virus 1  isolate CAR113
H2LTKAFX2_Bangui-Bouar-Nov-2019-Anopheles-funestus-2_S22,NODE_1_length_10746_cov_61.598145,Kitaviridae,Central African Republic,Bouar,Nov-19,2019,Rainy,Anopheles funestus,15909,4920843,4679546,3399.69,Bouar kita-like virus 2,Bouar kita-like virus 2  isolate CAR118
H2LTKAFX2_Bangui-Bouar-Nov-2019-Anopheles-funestus-2_S22,NODE_34_length_4337_cov_32.954503,Virgaviridae,Central African Republic,Bouar,Nov-19,2019,Rainy,Anopheles funestus,2906,4920843,4679546,621,Hubei virga-like virus 1,Hubei virga-like virus 1  isolate CAR122
H2LTKAFX2_Bangui-Bouar-Nov-2019-Anopheles-funestus-2_S22,NODE_46_length_3589_cov_64.824801,Orthototiviridae,Central African Republic,Bouar,Nov-19,2019,Rainy,Anopheles funestus,5812,4920843,4679546,1242,Bouar orthototi-like virus 2,Bouar orthototi-like virus 2  isolate CAR121
H2LTKAFX2_Bangui-Bouar-Nov-2019-Anopheles-funestus-2_S22,NODE_54_length_3387_cov_19.495775,Virgaviridae,Central African Republic,Bouar,Nov-19,2019,Rainy,Anopheles funestus,1124,4920843,4679546,240.19,Riboviria sp.,Riboviria sp.  isolate CAR123
H2LTKAFX2_Bangui-Bouar-Nov-2019-Anopheles-funestus-2_S22,NODE_142_length_1914_cov_1.443781,Metaviridae,Central African Republic,Bouar,Nov-19,2019,Rainy,Anopheles funestus,48,4920843,4679546,10.26,Bouar meta-like virus 13,Bouar meta-like virus 13  isolate CAR120
H2LTKAFX2_Bangui-Bouar-Nov-2019-Anopheles-funestus-2_S22,NODE_425_length_1171_cov_1.663934,Metaviridae,Central African Republic,Bouar,Nov-19,2019,Rainy,Anopheles funestus,38,4920843,4679546,8.12,Bouar meta-like virus 12,Bouar meta-like virus 12  isolate CAR119
H2LTKAFX2_Bangui-Bouar-Nov-2019-Anopheles-gambiae_S23,NODE_2_length_6465_cov_95.079474,Inseviridae,Central African Republic,Bouar,Nov-19,2019,Rainy,Anopheles gambiae,10931,3792890,2314402,4723.03,Bouar inse-like virus 6,Bouar inse-like virus 6  isolate CAR124
H2LTKAFX2_Bangui-Bouar-Nov-2019-Anopheles-gambiae_S23,NODE_199_length_1467_cov_3.359397,Flaviviridae,Central African Republic,Bouar,Nov-19,2019,Rainy,Anopheles gambiae,380,3792890,2314402,164.2,Zika virus,Zika virus  isolate CAR126
H2LTKAFX2_Bangui-Bouar-Nov-2019-Anopheles-gambiae_S23,NODE_284_length_1253_cov_2.582203,Metaviridae,Central African Republic,Bouar,Nov-19,2019,Rainy,Anopheles gambiae,60,3792890,2314402,25.92,Bouar meta-like virus 19,Bouar meta-like virus 19  isolate CAR125
H2LTKAFX2_Bangui-Mbaiki-Oct-2019-Anopheles-gambiae-2_S4,NODE_2_length_11940_cov_139.598888,Xinmoviridae,Central African Republic,Mbaiki,Oct-19,2019,Rainy,Anopheles gambiae,27845,4101166,3781774,7362.95,Mbaiki xinmo-like virus 1,Mbaiki xinmo-like virus 1  isolate CAR130
H2LTKAFX2_Bangui-Mbaiki-Oct-2019-Anopheles-gambiae-2_S4,NODE_119_length_2465_cov_4.441054,Metaviridae,Central African Republic,Mbaiki,Oct-19,2019,Rainy,Anopheles gambiae,6427,4101166,3781774,1699.47,Mbaiki meta-like virus 25,Mbaiki meta-like virus 25  isolate CAR127
H2LTKAFX2_Bangui-Mbaiki-Oct-2019-Anopheles-gambiae-2_S4,NODE_407_length_1550_cov_1.422478,Metaviridae,Central African Republic,Mbaiki,Oct-19,2019,Rainy,Anopheles gambiae,39,4101166,3781774,10.31,Mbaiki meta-like virus 27,Mbaiki meta-like virus 27  isolate CAR129
H2LTKAFX2_Bangui-Mbaiki-Oct-2019-Anopheles-gambiae-2_S4,NODE_576_length_1373_cov_1.179231,Metaviridae,Central African Republic,Mbaiki,Oct-19,2019,Rainy,Anopheles gambiae,30,4101166,3781774,7.93,Mbaiki meta-like virus 26,Mbaiki meta-like virus 26  isolate CAR128
H2LTKAFX2_Bangui-Mbaiki-Oct-2019-Anopheles-gambiae-3_S5,NODE_105_length_2271_cov_2.466788,Flaviviridae,Central African Republic,Mbaiki,Oct-19,2019,Rainy,Anopheles gambiae,401,4367390,2781987,144.14,Zika virus,Zika virus  isolate CAR131
H2LTKAFX2_Cambodia-Prek-Toal-Nov-2019-Mansonia-uniformis-2_S1,NODE_4_length_6848_cov_7.330627,Metaviridae,Cambodia,Prek Toal,Nov-19,2019,Rainy,Mansonia indiana,1589,5744910,5092985,312,Prek Toal meta-like virus 8,Prek Toal meta-like virus 8  isolate CAM132
H2LTKAFX2_Cambodia-Prek-Toal-Nov-2019-Mansonia-uniformis-2_S1,NODE_72_length_2323_cov_1.462222,Metaviridae,Cambodia,Prek Toal,Nov-19,2019,Rainy,Mansonia indiana,419,5744910,5092985,82.27,Prek Toal meta-like virus 9,Prek Toal meta-like virus 9  isolate CAM133
H2LTKAFX2_Cambodia-Prek-Toal-Nov-2019-Mansonia-uniformis-3_S2,NODE_32_length_4441_cov_3.779304,Xinmoviridae,Cambodia,Prek Toal,Nov-19,2019,Rainy,Mansonia africana,275,7026089,6443250,42.68,Malby virus,Malby virus  isolate CAM134
H2LTKAFX2_Cambodia-Prek-Toal-Nov-2019-Mansonia-uniformis-3_S2,NODE_157_length_2344_cov_1.357111,Metaviridae,Cambodia,Prek Toal,Nov-19,2019,Rainy,Mansonia africana,98,7026089,6443250,15.21,Prek Toal meta-like virus 5,Prek Toal meta-like virus 5  isolate CAM136
H2LTKAFX2_Cambodia-Prek-Toal-Nov-2019-Mansonia-uniformis-3_S2,NODE_601_length_1281_cov_3.223510,Metaviridae,Cambodia,Prek Toal,Nov-19,2019,Rainy,Mansonia africana,93,7026089,6443250,14.43,Prek Toal meta-like virus 7,Prek Toal meta-like virus 7  isolate CAM138
H2LTKAFX2_Cambodia-Prek-Toal-Nov-2019-Mansonia-uniformis-3_S2,NODE_387_length_1543_cov_2.347619,Metaviridae,Cambodia,Prek Toal,Nov-19,2019,Rainy,Mansonia africana,94,7026089,6443250,14.59,Prek Toal meta-like virus 4,Prek Toal meta-like virus 4  isolate CAM135
H2LTKAFX2_Cambodia-Prek-Toal-Nov-2019-Mansonia-uniformis-3_S2,NODE_926_length_1054_cov_2.281346,Metaviridae,Cambodia,Prek Toal,Nov-19,2019,Rainy,Mansonia africana,47,7026089,6443250,7.29,Prek Toal meta-like virus 6,Prek Toal meta-like virus 6  isolate CAM137
H552HAFX2Cambodia-Prek-Toal-Feb-2019-Mansonia-indiana_S12,NODE_7_length_6501_cov_6.744866,Metaviridae,Cambodia,Prek Toal,Feb-19,2019,Dry,Mansonia indiana,1346,5856674,2677039,502.79,Prek Toal meta-like virus 8,Prek Toal meta-like virus 8  isolate CAM141
H552HAFX2Cambodia-Prek-Toal-Feb-2019-Mansonia-indiana_S12,NODE_602_length_1512_cov_1.641418,Metaviridae,Cambodia,Prek Toal,Feb-19,2019,Dry,Mansonia indiana,40,5856674,2677039,14.94,Prek Toal meta-like virus 10,Prek Toal meta-like virus 10  isolate CAM139
H552HAFX2Cambodia-Prek-Toal-Feb-2019-Mansonia-indiana_S12,NODE_317_length_1802_cov_1.440139,Metaviridae,Cambodia,Prek Toal,Feb-19,2019,Dry,Mansonia indiana,90,5856674,2677039,33.62,Prek Toal meta-like virus 9,Prek Toal meta-like virus 9  isolate CAM142
H552HAFX2Cambodia-Prek-Toal-Feb-2019-Mansonia-indiana_S12,NODE_1240_length_1142_cov_3.142189,Metaviridae,Cambodia,Prek Toal,Feb-19,2019,Dry,Mansonia indiana,322,5856674,2677039,120.28,Prek Toal meta-like virus 11,Prek Toal meta-like virus 11  isolate CAM140
H552HAFX2Cambodia-Prek-Toal-Nov-2019-Culex-bitaeniorhynchus-1_S13,NODE_25_length_4570_cov_2.387814,Metaviridae,Cambodia,Prek Toal,Nov-19,2019,Rainy,Culex bitaeniorhynchus,384,4808297,3814213,100.68,Prek Toal meta-like virus 1,Prek Toal meta-like virus 1  isolate CAM145
H552HAFX2Cambodia-Prek-Toal-Nov-2019-Culex-bitaeniorhynchus-1_S13,NODE_206_length_1817_cov_2.074541,Iflaviridae,Cambodia,Prek Toal,Nov-19,2019,Rainy,Culex bitaeniorhynchus,72,4808297,3814213,18.88,Prek Toal ifla-like virus 1,Prek Toal ifla-like virus 1  isolate CAM144
H552HAFX2Cambodia-Prek-Toal-Nov-2019-Culex-bitaeniorhynchus-1_S13,NODE_496_length_1212_cov_3.133450,Iflaviridae,Cambodia,Prek Toal,Nov-19,2019,Rainy,Culex bitaeniorhynchus,56,4808297,3814213,14.68,Mosquito picorna-like virus XZ2,Mosquito picorna-like virus XZ2  isolate CAM143
H552HAFX2Cambodia-Prek-Toal-Nov-2019-Mansonia-indiana-2_S23,NODE_7_length_7086_cov_56.642378,Metaviridae,Cambodia,Prek Toal,Nov-19,2019,Rainy,Mansonia indiana,10345,5762300,5578760,1854.35,Prek Toal meta-like virus 8,Prek Toal meta-like virus 8  isolate CAM156
H552HAFX2Cambodia-Prek-Toal-Nov-2019-Mansonia-indiana-2_S23,NODE_219_length_2830_cov_4.701850,Metaviridae,Cambodia,Prek Toal,Nov-19,2019,Rainy,Mansonia indiana,315,5762300,5578760,56.46,Prek Toal meta-like virus 16,Prek Toal meta-like virus 16  isolate CAM151
H552HAFX2Cambodia-Prek-Toal-Nov-2019-Mansonia-indiana-2_S23,NODE_86_length_4277_cov_3.440057,Metaviridae,Cambodia,Prek Toal,Nov-19,2019,Rainy,Mansonia indiana,597,5762300,5578760,107.01,Prek Toal meta-like virus 15,Prek Toal meta-like virus 15  isolate CAM150
H552HAFX2Cambodia-Prek-Toal-Nov-2019-Mansonia-indiana-2_S23,NODE_34_length_5437_cov_14.318233,Metaviridae,Cambodia,Prek Toal,Nov-19,2019,Rainy,Mansonia indiana,3863,5762300,5578760,692.45,Prek Toal meta-like virus 9,Prek Toal meta-like virus 9  isolate CAM157
H552HAFX2Cambodia-Prek-Toal-Nov-2019-Mansonia-indiana-2_S23,NODE_783_length_1423_cov_2.256296,Metaviridae,Cambodia,Prek Toal,Nov-19,2019,Rainy,Mansonia indiana,64,5762300,5578760,11.47,Prek Toal meta-like virus 12,Prek Toal meta-like virus 12  isolate CAM147
H552HAFX2Cambodia-Prek-Toal-Nov-2019-Mansonia-indiana-2_S23,NODE_865_length_1351_cov_1.135368,Metaviridae,Cambodia,Prek Toal,Nov-19,2019,Rainy,Mansonia indiana,89,5762300,5578760,15.95,Prek Toal meta-like virus 13,Prek Toal meta-like virus 13  isolate CAM148
H552HAFX2Cambodia-Prek-Toal-Nov-2019-Mansonia-indiana-2_S23,NODE_939_length_1301_cov_2.825733,Metaviridae,Cambodia,Prek Toal,Nov-19,2019,Rainy,Mansonia indiana,83,5762300,5578760,14.88,Prek Toal meta-like virus 11,Prek Toal meta-like virus 11  isolate CAM146
H552HAFX2Cambodia-Prek-Toal-Nov-2019-Mansonia-indiana-2_S23,NODE_1071_length_1207_cov_0.977954,Metaviridae,Cambodia,Prek Toal,Nov-19,2019,Rainy,Mansonia indiana,107,5762300,5578760,19.18,Prek Toal meta-like virus 18,Prek Toal meta-like virus 18  isolate CAM153
H552HAFX2Cambodia-Prek-Toal-Nov-2019-Mansonia-indiana-2_S23,NODE_1054_length_1217_cov_0.988636,Metaviridae,Cambodia,Prek Toal,Nov-19,2019,Rainy,Mansonia indiana,81,5762300,5578760,14.52,Prek Toal meta-like virus 14,Prek Toal meta-like virus 14  isolate CAM149
H552HAFX2Cambodia-Prek-Toal-Nov-2019-Mansonia-indiana-2_S23,NODE_1045_length_1223_cov_3.370435,Metaviridae,Cambodia,Prek Toal,Nov-19,2019,Rainy,Mansonia indiana,75,5762300,5578760,13.44,Prek Toal meta-like virus 6,Prek Toal meta-like virus 6  isolate CAM155
H552HAFX2Cambodia-Prek-Toal-Nov-2019-Mansonia-indiana-2_S23,NODE_1395_length_1051_cov_3.101227,Metaviridae,Cambodia,Prek Toal,Nov-19,2019,Rainy,Mansonia indiana,175,5762300,5578760,31.37,Prek Toal meta-like virus 19,Prek Toal meta-like virus 19  isolate CAM154
H552HAFX2Cambodia-Prek-Toal-Nov-2019-Mansonia-indiana-2_S23,NODE_1430_length_1040_cov_2.619442,Metaviridae,Cambodia,Prek Toal,Nov-19,2019,Rainy,Mansonia indiana,79,5762300,5578760,14.16,Prek Toal meta-like virus 17,Prek Toal meta-like virus 17  isolate CAM152
H577TAFX2Cambodia-Rattanakiri-July-2019-Aedes-albopictus-1_S7,NODE_56_length_2684_cov_4.058598,Kitaviridae,Cambodia,Rattanakiri,Jul-19,2019,Rainy,Aedes albopictus,306,7251589,2999525,102.02,Rattanakiri kita-like virus 1,Rattanakiri kita-like virus 1  isolate CAM160
H577TAFX2Cambodia-Rattanakiri-July-2019-Aedes-albopictus-1_S7,NODE_140_length_1836_cov_74.244470,Partitiviridae,Cambodia,Rattanakiri,Jul-19,2019,Rainy,Aedes albopictus,2088,7251589,2999525,696.11,Netjeret virus,Netjeret virus  isolate CAM158
H577TAFX2Cambodia-Rattanakiri-July-2019-Aedes-albopictus-1_S7,NODE_358_length_1372_cov_0.946112,Metaviridae,Cambodia,Rattanakiri,Jul-19,2019,Rainy,Aedes albopictus,31,7251589,2999525,10.33,Rattanakiri meta-like virus 2,Rattanakiri meta-like virus 2  isolate CAM162
H577TAFX2Cambodia-Rattanakiri-July-2019-Aedes-albopictus-1_S7,NODE_92_length_2129_cov_2.803988,Metaviridae,Cambodia,Rattanakiri,Jul-19,2019,Rainy,Aedes albopictus,298,7251589,2999525,99.35,Rattanakiri meta-like virus 1,Rattanakiri meta-like virus 1  isolate CAM161
H577TAFX2Cambodia-Rattanakiri-July-2019-Aedes-albopictus-1_S7,NODE_629_length_1146_cov_2.082013,Endornaviridae,Cambodia,Rattanakiri,Jul-19,2019,Rainy,Aedes albopictus,129,7251589,2999525,43.01,Rattanakiri endorna-like virus 1,Rattanakiri endorna-like virus 1  isolate CAM159
H577TAFX2Cambodia-Rattanakiri-July-2019-Aedes-albopictus-2_S8,NODE_21_length_4441_cov_1.941163,Metaviridae,Cambodia,Rattanakiri,Jul-19,2019,Rainy,Aedes albopictus,207,5775591,4149086,49.89,Rattanakiri meta-like virus 1,Rattanakiri meta-like virus 1  isolate CAM163
H577TAFX2Cambodia-Rattanakiri-July-2019-Aedes-albopictus-3_S9,NODE_1_length_10416_cov_6.944504,Rhabdoviridae,Cambodia,Rattanakiri,Jul-19,2019,Rainy,Aedes albopictus,1193,6663556,2681570,444.89,Merida-like virus,Merida-like virus  isolate CAM164
H577TAFX2Cambodia-Rattanakiri-July-2019-Aedes-albopictus-3_S9,NODE_30_length_3292_cov_15.883194,Amalgaviridae,Cambodia,Rattanakiri,Jul-19,2019,Rainy,Aedes albopictus,832,6663556,2681570,310.27,Rattanakiri amalga-like virus 1,Rattanakiri amalga-like virus 1  isolate CAM165
H577TAFX2Cambodia-Rattanakiri-July-2019-Aedes-albopictus-3_S9,NODE_36_length_3212_cov_19.835298,Amalgaviridae,Cambodia,Rattanakiri,Jul-19,2019,Rainy,Aedes albopictus,1044,6663556,2681570,389.32,Rattanakiri amalga-like virus 3,Rattanakiri amalga-like virus 3  isolate CAM167
H577TAFX2Cambodia-Rattanakiri-July-2019-Aedes-albopictus-3_S9,NODE_34_length_3244_cov_13.497635,Amalgaviridae,Cambodia,Rattanakiri,Jul-19,2019,Rainy,Aedes albopictus,676,6663556,2681570,252.09,Rattanakiri amalga-like virus 2,Rattanakiri amalga-like virus 2  isolate CAM166
H577TAFX2Cambodia-Rattanakiri-July-2019-Aedes-albopictus-3_S9,NODE_232_length_1400_cov_1.596081,Metaviridae,Cambodia,Rattanakiri,Jul-19,2019,Rainy,Aedes albopictus,47,6663556,2681570,17.53,Rattanakiri meta-like virus 1,Rattanakiri meta-like virus 1  isolate CAM168
H577TAFX2Cambodia-Rattanakiri-July-2019-Aedes-albopictus-3_S9,NODE_37_length_3211_cov_147.163480,Mitoviridae,Cambodia,Rattanakiri,Jul-19,2019,Rainy,Aedes albopictus,7156,6663556,2681570,2668.59,Rattanakiri mito-like virus 1,Rattanakiri mito-like virus 1  isolate CAM169
H577TAFX2Cambodia-Rattanakiri-July-2019-Culex-vishnui-1_S10,NODE_1_length_10854_cov_75.312030,Flaviviridae,Cambodia,Rattanakiri,Jul-19,2019,Rainy,Culex vishnui,13254,5613114,3686356,3595.42,Mosquito flavivirus,Mosquito flavivirus  isolate CAM171
H577TAFX2Cambodia-Rattanakiri-July-2019-Culex-vishnui-1_S10,NODE_2_length_7802_cov_9.921982,Kitaviridae,Cambodia,Rattanakiri,Jul-19,2019,Rainy,Culex vishnui,1253,5613114,3686356,339.9,Culex pipiens-associated Tunisia virus,Culex pipiens-associated Tunisia virus  isolate CAM170
H577TAFX2Cambodia-Rattanakiri-July-2019-Culex-vishnui-1_S10,NODE_77_length_2459_cov_1.278290,Metaviridae,Cambodia,Rattanakiri,Jul-19,2019,Rainy,Culex vishnui,171,5613114,3686356,46.39,Rattanakiri meta-like virus 3,Rattanakiri meta-like virus 3  isolate CAM172
H577TAFX2Guyane-HamPrefont-July-2019-Coquillettidia-venezuelensis-1_S13,NODE_2_length_9154_cov_3505.331571,Iflaviridae,Guyane,Macouria,Jul-19,2019,Rainy,Coquillettidia venezuelensis,480731,5347529,4921687,97676.06,Macouria ifla-like virus 1,Macouria ifla-like virus 1  isolate GUY175
H577TAFX2Guyane-HamPrefont-July-2019-Coquillettidia-venezuelensis-1_S13,NODE_3_length_9081_cov_223.348801,Virgaviridae,Guyane,Macouria,Jul-19,2019,Rainy,Coquillettidia venezuelensis,30962,5347529,4921687,6290.93,Macouria virga-like virus 1,Macouria virga-like virus 1  isolate GUY183
H577TAFX2Guyane-HamPrefont-July-2019-Coquillettidia-venezuelensis-1_S13,NODE_4_length_8973_cov_190.424607,Virgaviridae,Guyane,Macouria,Jul-19,2019,Rainy,Coquillettidia venezuelensis,26116,5347529,4921687,5306.31,Mosquito hepe-like virus HLJ1,Mosquito hepe-like virus HLJ1  isolate GUY185
H577TAFX2Guyane-HamPrefont-July-2019-Coquillettidia-venezuelensis-1_S13,NODE_1_length_10980_cov_10.870267,Xinmoviridae,Guyane,Macouria,Jul-19,2019,Rainy,Coquillettidia venezuelensis,1841,5347529,4921687,374.06,Macouria xinmo-like virus 1,Macouria xinmo-like virus 1  isolate GUY184
H577TAFX2Guyane-HamPrefont-July-2019-Coquillettidia-venezuelensis-1_S13,NODE_8_length_6030_cov_1638.075709,Orthototiviridae,Guyane,Macouria,Jul-19,2019,Rainy,Coquillettidia venezuelensis,162392,5347529,4921687,32995.19,Macouria orthototi-like virus 4,Macouria orthototi-like virus 4  isolate GUY181
H577TAFX2Guyane-HamPrefont-July-2019-Coquillettidia-venezuelensis-1_S13,NODE_7_length_6030_cov_1762.700185,Orthototiviridae,Guyane,Macouria,Jul-19,2019,Rainy,Coquillettidia venezuelensis,192393,5347529,4921687,39090.86,Macouria orthototi-like virus 3,Macouria orthototi-like virus 3  isolate GUY180
H577TAFX2Guyane-HamPrefont-July-2019-Coquillettidia-venezuelensis-1_S13,NODE_44_length_3309_cov_3771.790482,Chrysoviridae,Guyane,Macouria,Jul-19,2019,Rainy,Coquillettidia venezuelensis,203541,5347529,4921687,41355.94,Macouria chryso-like virus 1,Macouria chryso-like virus 1  isolate GUY174
H577TAFX2Guyane-HamPrefont-July-2019-Coquillettidia-venezuelensis-1_S13,NODE_38_length_3425_cov_2549.432279,Orthototiviridae,Guyane,Macouria,Jul-19,2019,Rainy,Coquillettidia venezuelensis,293715,5347529,4921687,59677.7,Macouria orthototi-like virus 2,Macouria orthototi-like virus 2  isolate GUY179
H577TAFX2Guyane-HamPrefont-July-2019-Coquillettidia-venezuelensis-1_S13,NODE_171_length_2235_cov_1.998150,Metaviridae,Guyane,Macouria,Jul-19,2019,Rainy,Coquillettidia venezuelensis,288,5347529,4921687,58.52,Macouria meta-like virus 4,Macouria meta-like virus 4  isolate GUY177
H577TAFX2Guyane-HamPrefont-July-2019-Coquillettidia-venezuelensis-1_S13,NODE_118_length_2443_cov_1402.719409,Tombusviridae,Guyane,Macouria,Jul-19,2019,Rainy,Coquillettidia venezuelensis,52722,5347529,4921687,10712.18,Macouria tombus-like virus 1,Macouria tombus-like virus 1  isolate GUY182
H577TAFX2Guyane-HamPrefont-July-2019-Coquillettidia-venezuelensis-1_S13,NODE_334_length_1903_cov_2.900000,Metaviridae,Guyane,Macouria,Jul-19,2019,Rainy,Coquillettidia venezuelensis,123,5347529,4921687,24.99,Macouria meta-like virus 5,Macouria meta-like virus 5  isolate GUY178
H577TAFX2Guyane-HamPrefont-July-2019-Coquillettidia-venezuelensis-1_S13,NODE_2094_length_1002_cov_1.620022,Aliusviridae,Guyane,Macouria,Jul-19,2019,Rainy,Coquillettidia venezuelensis,47,5347529,4921687,9.55,Macouria alius-like virus 1,Macouria alius-like virus 1  isolate GUY173
H577TAFX2Guyane-HamPrefont-July-2019-Coquillettidia-venezuelensis-1_S13,NODE_1588_length_1119_cov_3.817400,Metaviridae,Guyane,Macouria,Jul-19,2019,Rainy,Coquillettidia venezuelensis,84,5347529,4921687,17.07,Macouria meta-like virus 3,Macouria meta-like virus 3  isolate GUY176
H577TAFX2Guyane-HamPrefont-July-2019-Coquillettidia-venezuelensis-2_S14,NODE_5_length_6295_cov_6.141112,Rhabdoviridae,Guyane,Macouria,Jul-19,2019,Rainy,Coquillettidia venezuelensis,644,6130182,4274466,150.66,Macouria rhabdo-like virus 1,Macouria rhabdo-like virus 1  isolate GUY194
H577TAFX2Guyane-HamPrefont-July-2019-Coquillettidia-venezuelensis-2_S14,NODE_51_length_3912_cov_6.159417,Metaviridae,Guyane,Macouria,Jul-19,2019,Rainy,Coquillettidia venezuelensis,506,6130182,4274466,118.38,Macouria meta-like virus 5,Macouria meta-like virus 5  isolate GUY189
H577TAFX2Guyane-HamPrefont-July-2019-Coquillettidia-venezuelensis-2_S14,NODE_356_length_2281_cov_1.589221,Metaviridae,Guyane,Macouria,Jul-19,2019,Rainy,Coquillettidia venezuelensis,64,6130182,4274466,14.97,Macouria meta-like virus 10,Macouria meta-like virus 10  isolate GUY187
H577TAFX2Guyane-HamPrefont-July-2019-Coquillettidia-venezuelensis-2_S14,NODE_300_length_2416_cov_14.574477,Metaviridae,Guyane,Macouria,Jul-19,2019,Rainy,Coquillettidia venezuelensis,891,6130182,4274466,208.45,Macouria meta-like virus 9,Macouria meta-like virus 9  isolate GUY193
H577TAFX2Guyane-HamPrefont-July-2019-Coquillettidia-venezuelensis-2_S14,NODE_269_length_2489_cov_3.913079,Metaviridae,Guyane,Macouria,Jul-19,2019,Rainy,Coquillettidia venezuelensis,306,6130182,4274466,71.59,Macouria meta-like virus 7,Macouria meta-like virus 7  isolate GUY191
H577TAFX2Guyane-HamPrefont-July-2019-Coquillettidia-venezuelensis-2_S14,NODE_171_length_2820_cov_4.934474,Metaviridae,Guyane,Macouria,Jul-19,2019,Rainy,Coquillettidia venezuelensis,470,6130182,4274466,109.96,Macouria meta-like virus 4,Macouria meta-like virus 4  isolate GUY188
H577TAFX2Guyane-HamPrefont-July-2019-Coquillettidia-venezuelensis-2_S14,NODE_1198_length_1514_cov_2.656489,Aliusviridae,Guyane,Macouria,Jul-19,2019,Rainy,Coquillettidia venezuelensis,93,6130182,4274466,21.76,Macouria alius-like virus 1,Macouria alius-like virus 1  isolate GUY186
H577TAFX2Guyane-HamPrefont-July-2019-Coquillettidia-venezuelensis-2_S14,NODE_2875_length_1094_cov_5.109696,Metaviridae,Guyane,Macouria,Jul-19,2019,Rainy,Coquillettidia venezuelensis,92,6130182,4274466,21.52,Macouria meta-like virus 8,Macouria meta-like virus 8  isolate GUY192
H577TAFX2Guyane-HamPrefont-July-2019-Coquillettidia-venezuelensis-2_S14,NODE_2023_length_1248_cov_2.486809,Metaviridae,Guyane,Macouria,Jul-19,2019,Rainy,Coquillettidia venezuelensis,146,6130182,4274466,34.16,Macouria meta-like virus 6,Macouria meta-like virus 6  isolate GUY190
H577TAFX2Guyane-HamPrefont-July-2019-Coquillettidia-venezuelensis-3_S15,NODE_1_length_9037_cov_642.567158,Virgaviridae,Guyane,Macouria,Jul-19,2019,Rainy,Coquillettidia venezuelensis,89386,4513092,2662777,33568.71,Macouria virga-like virus 2,Macouria virga-like virus 2  isolate GUY198
H577TAFX2Guyane-HamPrefont-July-2019-Coquillettidia-venezuelensis-3_S15,NODE_11_length_3595_cov_2877.915105,Chrysoviridae,Guyane,Macouria,Jul-19,2019,Rainy,Coquillettidia venezuelensis,156870,4513092,2662777,58912.18,Macouria chryso-like virus 1,Macouria chryso-like virus 1  isolate GUY195
H577TAFX2Guyane-HamPrefont-July-2019-Coquillettidia-venezuelensis-3_S15,NODE_251_length_1204_cov_2.429708,Metaviridae,Guyane,Macouria,Jul-19,2019,Rainy,Coquillettidia venezuelensis,194,4513092,2662777,72.86,Macouria meta-like virus 9,Macouria meta-like virus 9  isolate GUY197
H577TAFX2Guyane-HamPrefont-July-2019-Coquillettidia-venezuelensis-3_S15,NODE_397_length_1034_cov_2.729448,Metaviridae,Guyane,Macouria,Jul-19,2019,Rainy,Coquillettidia venezuelensis,59,4513092,2662777,22.16,Macouria meta-like virus 4,Macouria meta-like virus 4  isolate GUY196
H577TAFX2Guyane-HamPrefont-July-2019-Culex-portesi-1_S16,NODE_1_length_9204_cov_826.628409,Virgaviridae,Guyane,Macouria,Jul-19,2019,Rainy,Culex portesi,117131,5351259,2858520,40976.1,Macouria virga-like virus 3,Macouria virga-like virus 3  isolate GUY200
H577TAFX2Guyane-HamPrefont-July-2019-Culex-portesi-1_S16,NODE_18_length_3243_cov_16.918297,Amalgaviridae,Guyane,Macouria,Jul-19,2019,Rainy,Culex portesi,889,5351259,2858520,311,Macouria amalga-like virus 1,Macouria amalga-like virus 1  isolate GUY199
H577TAFX2Guyane-HamPrefont-July-2019-Culex-portesi-2_S17,NODE_1_length_9215_cov_778.286589,Virgaviridae,Guyane,Macouria,Jul-19,2019,Rainy,Culex portesi,109985,6631593,3607435,30488.42,Macouria virga-like virus 3,Macouria virga-like virus 3  isolate GUY204
H577TAFX2Guyane-HamPrefont-July-2019-Culex-portesi-2_S17,NODE_29_length_3539_cov_1707.750433,Chrysoviridae,Guyane,Macouria,Jul-19,2019,Rainy,Culex portesi,89793,6631593,3607435,24891.09,Macouria chryso-like virus 2,Macouria chryso-like virus 2  isolate GUY201
H577TAFX2Guyane-HamPrefont-July-2019-Culex-portesi-2_S17,NODE_2_length_7569_cov_770.566302,Orthototiviridae,Guyane,Macouria,Jul-19,2019,Rainy,Culex portesi,91638,6631593,3607435,25402.54,Macouria orthototi-like virus 14,Macouria orthototi-like virus 14  isolate GUY203
H577TAFX2Guyane-HamPrefont-July-2019-Culex-portesi-2_S17,NODE_417_length_1375_cov_0.849462,Metaviridae,Guyane,Macouria,Jul-19,2019,Rainy,Culex portesi,561,6631593,3607435,155.51,Macouria meta-like virus 35,Macouria meta-like virus 35  isolate GUY202
H577TAFX2Guyane-HamPrefont-July-2019-Culex-portesi-3_S18,NODE_4_length_8575_cov_35.261586,picorna,Guyane,Macouria,Jul-19,2019,Rainy,Culex portesi,5012,4976772,4001046,1252.67,Macouria picorna-like virus 1,Macouria picorna-like virus 1  isolate GUY207
H577TAFX2Guyane-HamPrefont-July-2019-Culex-portesi-3_S18,NODE_437_length_1642_cov_1.131931,Metaviridae,Guyane,Macouria,Jul-19,2019,Rainy,Culex portesi,56,4976772,4001046,14,Macouria meta-like virus 36,Macouria meta-like virus 36  isolate GUY205
H577TAFX2Guyane-HamPrefont-July-2019-Culex-portesi-3_S18,NODE_1024_length_1190_cov_2.075201,Metaviridae,Guyane,Macouria,Jul-19,2019,Rainy,Culex portesi,50,4976772,4001046,12.5,Macouria meta-like virus 37,Macouria meta-like virus 37  isolate GUY206
H577TAFX2Guyane-HamPrefont-July-2019-Mansonia-titillans-1_S19,NODE_1_length_10989_cov_64.907933,Virgaviridae,Guyane,Macouria,Jul-19,2019,Rainy,Mansonia titillans,10968,5143417,2848366,3850.63,Macouria virga-like virus 4,Macouria virga-like virus 4  isolate GUY228
H577TAFX2Guyane-HamPrefont-July-2019-Mansonia-titillans-1_S19,NODE_4_length_7713_cov_44.307592,Phenuiviridae,Guyane,Macouria,Jul-19,2019,Rainy,Mansonia titillans,5397,5143417,2848366,1894.77,Macouria phenui-like virus 1,Macouria phenui-like virus 1  isolate GUY227
H577TAFX2Guyane-HamPrefont-July-2019-Mansonia-titillans-1_S19,NODE_43_length_3446_cov_10.124222,Metaviridae,Guyane,Macouria,Jul-19,2019,Rainy,Mansonia titillans,860,5143417,2848366,301.93,Macouria meta-like virus 48,Macouria meta-like virus 48  isolate GUY215
H577TAFX2Guyane-HamPrefont-July-2019-Mansonia-titillans-1_S19,NODE_6_length_7229_cov_95.959754,Orthototiviridae,Guyane,Macouria,Jul-19,2019,Rainy,Mansonia titillans,10975,5143417,2848366,3853.09,Macouria orthototi-like virus 15,Macouria orthototi-like virus 15  isolate GUY225
H577TAFX2Guyane-HamPrefont-July-2019-Mansonia-titillans-1_S19,NODE_82_length_2867_cov_1.561203,Metaviridae,Guyane,Macouria,Jul-19,2019,Rainy,Mansonia titillans,264,5143417,2848366,92.68,Macouria meta-like virus 42,Macouria meta-like virus 42  isolate GUY209
H577TAFX2Guyane-HamPrefont-July-2019-Mansonia-titillans-1_S19,NODE_146_length_2451_cov_171.802775,Orthomyxoviridae,Guyane,Macouria,Jul-19,2019,Rainy,Mansonia titillans,6385,5143417,2848366,2241.64,Macouria orthomyxo-like virus 3,Macouria orthomyxo-like virus 3  isolate GUY224
H577TAFX2Guyane-HamPrefont-July-2019-Mansonia-titillans-1_S19,NODE_142_length_2467_cov_33.980368,Orthomyxoviridae,Guyane,Macouria,Jul-19,2019,Rainy,Mansonia titillans,1276,5143417,2848366,447.98,Macouria orthomyxo-like virus 2,Macouria orthomyxo-like virus 2  isolate GUY223
H577TAFX2Guyane-HamPrefont-July-2019-Mansonia-titillans-1_S19,NODE_55_length_3274_cov_5.062793,Metaviridae,Guyane,Macouria,Jul-19,2019,Rainy,Mansonia titillans,1043,5143417,2848366,366.17,Macouria meta-like virus 47,Macouria meta-like virus 47  isolate GUY214
H577TAFX2Guyane-HamPrefont-July-2019-Mansonia-titillans-1_S19,NODE_73_length_2972_cov_2.507416,Metaviridae,Guyane,Macouria,Jul-19,2019,Rainy,Mansonia titillans,161,5143417,2848366,56.52,Macouria meta-like virus 55,Macouria meta-like virus 55  isolate GUY222
H577TAFX2Guyane-HamPrefont-July-2019-Mansonia-titillans-1_S19,NODE_9_length_5965_cov_5.507298,Metaviridae,Guyane,Macouria,Jul-19,2019,Rainy,Mansonia titillans,1178,5143417,2848366,413.58,Macouria meta-like virus 45,Macouria meta-like virus 45  isolate GUY212
H577TAFX2Guyane-HamPrefont-July-2019-Mansonia-titillans-1_S19,NODE_386_length_1805_cov_4.928406,Partitiviridae,Guyane,Macouria,Jul-19,2019,Rainy,Mansonia titillans,153,5143417,2848366,53.72,Macouria partiti-like virus 4,Macouria partiti-like virus 4  isolate GUY226
H577TAFX2Guyane-HamPrefont-July-2019-Mansonia-titillans-1_S19,NODE_11_length_5947_cov_3.366701,Metaviridae,Guyane,Macouria,Jul-19,2019,Rainy,Mansonia titillans,836,5143417,2848366,293.5,Macouria meta-like virus 46,Macouria meta-like virus 46  isolate GUY213
H577TAFX2Guyane-HamPrefont-July-2019-Mansonia-titillans-1_S19,NODE_68_length_3015_cov_3.074099,Metaviridae,Guyane,Macouria,Jul-19,2019,Rainy,Mansonia titillans,251,5143417,2848366,88.12,Macouria meta-like virus 49,Macouria meta-like virus 49  isolate GUY216
H577TAFX2Guyane-HamPrefont-July-2019-Mansonia-titillans-1_S19,NODE_907_length_1344_cov_2.212431,Metaviridae,Guyane,Macouria,Jul-19,2019,Rainy,Mansonia titillans,121,5143417,2848366,42.48,Macouria meta-like virus 50,Macouria meta-like virus 50  isolate GUY217
H577TAFX2Guyane-HamPrefont-July-2019-Mansonia-titillans-1_S19,NODE_1131_length_1217_cov_1.910839,Metaviridae,Guyane,Macouria,Jul-19,2019,Rainy,Mansonia titillans,105,5143417,2848366,36.86,Macouria meta-like virus 51,Macouria meta-like virus 51  isolate GUY218
H577TAFX2Guyane-HamPrefont-July-2019-Mansonia-titillans-1_S19,NODE_1422_length_1100_cov_4.342746,Metaviridae,Guyane,Macouria,Jul-19,2019,Rainy,Mansonia titillans,117,5143417,2848366,41.08,Macouria meta-like virus 54,Macouria meta-like virus 54  isolate GUY221
H577TAFX2Guyane-HamPrefont-July-2019-Mansonia-titillans-1_S19,NODE_1262_length_1162_cov_1.317723,Metaviridae,Guyane,Macouria,Jul-19,2019,Rainy,Mansonia titillans,88,5143417,2848366,30.89,Macouria meta-like virus 53,Macouria meta-like virus 53  isolate GUY220
H577TAFX2Guyane-HamPrefont-July-2019-Mansonia-titillans-1_S19,NODE_352_length_1856_cov_1.636007,Metaviridae,Guyane,Macouria,Jul-19,2019,Rainy,Mansonia titillans,70,5143417,2848366,24.58,Macouria meta-like virus 43,Macouria meta-like virus 43  isolate GUY210
H577TAFX2Guyane-HamPrefont-July-2019-Mansonia-titillans-1_S19,NODE_1553_length_1060_cov_1.947315,Metaviridae,Guyane,Macouria,Jul-19,2019,Rainy,Mansonia titillans,95,5143417,2848366,33.35,Macouria meta-like virus 41,Macouria meta-like virus 41  isolate GUY208
H577TAFX2Guyane-HamPrefont-July-2019-Mansonia-titillans-1_S19,NODE_1185_length_1189_cov_1.491039,Metaviridae,Guyane,Macouria,Jul-19,2019,Rainy,Mansonia titillans,123,5143417,2848366,43.18,Macouria meta-like virus 52,Macouria meta-like virus 52  isolate GUY219
H577TAFX2Guyane-HamPrefont-July-2019-Mansonia-titillans-1_S19,NODE_1705_length_1027_cov_1.628931,Metaviridae,Guyane,Macouria,Jul-19,2019,Rainy,Mansonia titillans,38,5143417,2848366,13.34,Macouria meta-like virus 44,Macouria meta-like virus 44  isolate GUY211
H577TAFX2Guyane-HamPrefont-July-2019-Mansonia-titillans-2_S20,NODE_1_length_12248_cov_46.774620,Xinmoviridae,Guyane,Macouria,Jul-19,2019,Rainy,Mansonia titillans,8870,6125416,5072146,1748.77,Macouria xinmo-like virus 2,Macouria xinmo-like virus 2  isolate GUY243
H577TAFX2Guyane-HamPrefont-July-2019-Mansonia-titillans-2_S20,NODE_16_length_6524_cov_2.626570,Metaviridae,Guyane,Macouria,Jul-19,2019,Rainy,Mansonia titillans,1052,6125416,5072146,207.41,Macouria meta-like virus 52,Macouria meta-like virus 52  isolate GUY230
H577TAFX2Guyane-HamPrefont-July-2019-Mansonia-titillans-2_S20,NODE_24_length_5908_cov_4.075921,Metaviridae,Guyane,Macouria,Jul-19,2019,Rainy,Mansonia titillans,1060,6125416,5072146,208.98,Macouria meta-like virus 61,Macouria meta-like virus 61  isolate GUY237
H577TAFX2Guyane-HamPrefont-July-2019-Mansonia-titillans-2_S20,NODE_44_length_4916_cov_5.598802,Metaviridae,Guyane,Macouria,Jul-19,2019,Rainy,Mansonia titillans,799,6125416,5072146,157.53,Macouria meta-like virus 62,Macouria meta-like virus 62  isolate GUY238
H577TAFX2Guyane-HamPrefont-July-2019-Mansonia-titillans-2_S20,NODE_9_length_7429_cov_10.475122,Metaviridae,Guyane,Macouria,Jul-19,2019,Rainy,Mansonia titillans,1918,6125416,5072146,378.14,Macouria meta-like virus 54,Macouria meta-like virus 54  isolate GUY231
H577TAFX2Guyane-HamPrefont-July-2019-Mansonia-titillans-2_S20,NODE_83_length_4041_cov_6.280746,Metaviridae,Guyane,Macouria,Jul-19,2019,Rainy,Mansonia titillans,760,6125416,5072146,149.84,Macouria meta-like virus 57,Macouria meta-like virus 57  isolate GUY233
H577TAFX2Guyane-HamPrefont-July-2019-Mansonia-titillans-2_S20,NODE_1162_length_1753_cov_2.423810,Metaviridae,Guyane,Macouria,Jul-19,2019,Rainy,Mansonia titillans,133,6125416,5072146,26.22,Macouria meta-like virus 56,Macouria meta-like virus 56  isolate GUY232
H577TAFX2Guyane-HamPrefont-July-2019-Mansonia-titillans-2_S20,NODE_1106_length_1782_cov_11060.899356,Partitiviridae,Guyane,Macouria,Jul-19,2019,Rainy,Mansonia titillans,285773,6125416,5072146,56341.64,Macouria partiti-like virus 6,Macouria partiti-like virus 6  isolate GUY240
H577TAFX2Guyane-HamPrefont-July-2019-Mansonia-titillans-2_S20,NODE_1002_length_1845_cov_22.932280,Partitiviridae,Guyane,Macouria,Jul-19,2019,Rainy,Mansonia titillans,639,6125416,5072146,125.98,Macouria partiti-like virus 8,Macouria partiti-like virus 8  isolate GUY242
H577TAFX2Guyane-HamPrefont-July-2019-Mansonia-titillans-2_S20,NODE_1598_length_1548_cov_1.859661,Metaviridae,Guyane,Macouria,Jul-19,2019,Rainy,Mansonia titillans,114,6125416,5072146,22.48,Macouria meta-like virus 60,Macouria meta-like virus 60  isolate GUY236
H577TAFX2Guyane-HamPrefont-July-2019-Mansonia-titillans-2_S20,NODE_1862_length_1448_cov_5.291636,Metaviridae,Guyane,Macouria,Jul-19,2019,Rainy,Mansonia titillans,227,6125416,5072146,44.75,Macouria meta-like virus 41,Macouria meta-like virus 41  isolate GUY229
H577TAFX2Guyane-HamPrefont-July-2019-Mansonia-titillans-2_S20,NODE_1643_length_1527_cov_161.725585,Partitiviridae,Guyane,Macouria,Jul-19,2019,Rainy,Mansonia titillans,3669,6125416,5072146,723.36,Macouria partiti-like virus 5,Macouria partiti-like virus 5  isolate GUY239
H577TAFX2Guyane-HamPrefont-July-2019-Mansonia-titillans-2_S20,NODE_391_length_2616_cov_2.634290,Metaviridae,Guyane,Macouria,Jul-19,2019,Rainy,Mansonia titillans,256,6125416,5072146,50.47,Macouria meta-like virus 58,Macouria meta-like virus 58  isolate GUY234
H577TAFX2Guyane-HamPrefont-July-2019-Mansonia-titillans-2_S20,NODE_1200_length_1733_cov_1.403012,Metaviridae,Guyane,Macouria,Jul-19,2019,Rainy,Mansonia titillans,65,6125416,5072146,12.82,Macouria meta-like virus 59,Macouria meta-like virus 59  isolate GUY235
H577TAFX2Guyane-HamPrefont-July-2019-Mansonia-titillans-2_S20,NODE_3335_length_1090_cov_1.809243,Partitiviridae,Guyane,Macouria,Jul-19,2019,Rainy,Mansonia titillans,1156,6125416,5072146,227.91,Macouria partiti-like virus 7,Macouria partiti-like virus 7  isolate GUY241
H577TAFX2Guyane-HamPrefont-July-2019-Mansonia-titillans-3_S21,NODE_10_length_6750_cov_10.589337,Metaviridae,Guyane,Macouria,Jul-19,2019,Rainy,Mansonia titillans,1883,5059682,3227740,583.38,Macouria meta-like virus 63,Macouria meta-like virus 63  isolate GUY252
H577TAFX2Guyane-HamPrefont-July-2019-Mansonia-titillans-3_S21,NODE_1_length_11539_cov_8.410256,Metaviridae,Guyane,Macouria,Jul-19,2019,Rainy,Mansonia titillans,1571,5059682,3227740,486.72,Macouria meta-like virus 47,Macouria meta-like virus 47  isolate GUY248
H577TAFX2Guyane-HamPrefont-July-2019-Mansonia-titillans-3_S21,NODE_6_length_7446_cov_6.671369,Metaviridae,Guyane,Macouria,Jul-19,2019,Rainy,Mansonia titillans,1597,5059682,3227740,494.77,Macouria meta-like virus 65,Macouria meta-like virus 65  isolate GUY254
H577TAFX2Guyane-HamPrefont-July-2019-Mansonia-titillans-3_S21,NODE_8_length_7182_cov_4.006049,Metaviridae,Guyane,Macouria,Jul-19,2019,Rainy,Mansonia titillans,1235,5059682,3227740,382.62,Macouria meta-like virus 66,Macouria meta-like virus 66  isolate GUY255
H577TAFX2Guyane-HamPrefont-July-2019-Mansonia-titillans-3_S21,NODE_12_length_6593_cov_6.425460,Orthototiviridae,Guyane,Macouria,Jul-19,2019,Rainy,Mansonia titillans,705,5059682,3227740,218.42,Macouria orthototi-like virus 15,Macouria orthototi-like virus 15  isolate GUY259
H577TAFX2Guyane-HamPrefont-July-2019-Mansonia-titillans-3_S21,NODE_5_length_7595_cov_7.437650,Metaviridae,Guyane,Macouria,Jul-19,2019,Rainy,Mansonia titillans,1528,5059682,3227740,473.4,Macouria meta-like virus 45,Macouria meta-like virus 45  isolate GUY246
H577TAFX2Guyane-HamPrefont-July-2019-Mansonia-titillans-3_S21,NODE_140_length_2505_cov_153.538651,Orthomyxoviridae,Guyane,Macouria,Jul-19,2019,Rainy,Mansonia titillans,6625,5059682,3227740,2052.52,Macouria orthomyxo-like virus 3,Macouria orthomyxo-like virus 3  isolate GUY258
H577TAFX2Guyane-HamPrefont-July-2019-Mansonia-titillans-3_S21,NODE_146_length_2472_cov_12.773656,Orthomyxoviridae,Guyane,Macouria,Jul-19,2019,Rainy,Mansonia titillans,491,5059682,3227740,152.12,Macouria orthomyxo-like virus 2,Macouria orthomyxo-like virus 2  isolate GUY257
H577TAFX2Guyane-HamPrefont-July-2019-Mansonia-titillans-3_S21,NODE_52_length_3618_cov_2.717630,Metaviridae,Guyane,Macouria,Jul-19,2019,Rainy,Mansonia titillans,426,5059682,3227740,131.98,Macouria meta-like virus 42,Macouria meta-like virus 42  isolate GUY244
H577TAFX2Guyane-HamPrefont-July-2019-Mansonia-titillans-3_S21,NODE_279_length_2047_cov_2.718845,Metaviridae,Guyane,Macouria,Jul-19,2019,Rainy,Mansonia titillans,463,5059682,3227740,143.44,Macouria meta-like virus 50,Macouria meta-like virus 50  isolate GUY250
H577TAFX2Guyane-HamPrefont-July-2019-Mansonia-titillans-3_S21,NODE_35_length_4175_cov_3.619941,Xinmoviridae,Guyane,Macouria,Jul-19,2019,Rainy,Mansonia titillans,515,5059682,3227740,159.56,Macouria xinmo-like virus 3,Macouria xinmo-like virus 3  isolate GUY264
H577TAFX2Guyane-HamPrefont-July-2019-Mansonia-titillans-3_S21,NODE_253_length_2117_cov_1.522016,Metaviridae,Guyane,Macouria,Jul-19,2019,Rainy,Mansonia titillans,88,5059682,3227740,27.26,Macouria meta-like virus 64,Macouria meta-like virus 64  isolate GUY253
H577TAFX2Guyane-HamPrefont-July-2019-Mansonia-titillans-3_S21,NODE_11_length_6614_cov_1.897416,Metaviridae,Guyane,Macouria,Jul-19,2019,Rainy,Mansonia titillans,367,5059682,3227740,113.7,Macouria meta-like virus 67,Macouria meta-like virus 67  isolate GUY256
H577TAFX2Guyane-HamPrefont-July-2019-Mansonia-titillans-3_S21,NODE_481_length_1741_cov_19.238010,Partitiviridae,Guyane,Macouria,Jul-19,2019,Rainy,Mansonia titillans,497,5059682,3227740,153.98,Macouria partiti-like virus 9,Macouria partiti-like virus 9  isolate GUY261
H577TAFX2Guyane-HamPrefont-July-2019-Mansonia-titillans-3_S21,NODE_701_length_1555_cov_1.896086,Phenuiviridae,Guyane,Macouria,Jul-19,2019,Rainy,Mansonia titillans,40,5059682,3227740,12.39,Macouria phenui-like virus 2,Macouria phenui-like virus 2  isolate GUY262
H577TAFX2Guyane-HamPrefont-July-2019-Mansonia-titillans-3_S21,NODE_437_length_1792_cov_8.687027,Partitiviridae,Guyane,Macouria,Jul-19,2019,Rainy,Mansonia titillans,263,5059682,3227740,81.48,Macouria partiti-like virus 4,Macouria partiti-like virus 4  isolate GUY260
H577TAFX2Guyane-HamPrefont-July-2019-Mansonia-titillans-3_S21,NODE_41_length_3976_cov_5.114527,Metaviridae,Guyane,Macouria,Jul-19,2019,Rainy,Mansonia titillans,809,5059682,3227740,250.64,Macouria meta-like virus 46,Macouria meta-like virus 46  isolate GUY247
H577TAFX2Guyane-HamPrefont-July-2019-Mansonia-titillans-3_S21,NODE_565_length_1666_cov_2.183302,Metaviridae,Guyane,Macouria,Jul-19,2019,Rainy,Mansonia titillans,96,5059682,3227740,29.74,Macouria meta-like virus 43,Macouria meta-like virus 43  isolate GUY245
H577TAFX2Guyane-HamPrefont-July-2019-Mansonia-titillans-3_S21,NODE_27_length_4804_cov_2.798774,Metaviridae,Guyane,Macouria,Jul-19,2019,Rainy,Mansonia titillans,391,5059682,3227740,121.14,Macouria meta-like virus 49,Macouria meta-like virus 49  isolate GUY249
H577TAFX2Guyane-HamPrefont-July-2019-Mansonia-titillans-3_S21,NODE_93_length_2907_cov_3.704658,Solemoviridae,Guyane,Macouria,Jul-19,2019,Rainy,Mansonia titillans,184,5059682,3227740,57.01,Macouria solemo-like virus 4,Macouria solemo-like virus 4  isolate GUY263
H577TAFX2Guyane-HamPrefont-July-2019-Mansonia-titillans-3_S21,NODE_1254_length_1252_cov_2.488550,Metaviridae,Guyane,Macouria,Jul-19,2019,Rainy,Mansonia titillans,95,5059682,3227740,29.43,Macouria meta-like virus 54,Macouria meta-like virus 54  isolate GUY251
H577TAFX2Guyane-Macouria-Sep-2019-Coquillettidia-venezuelensis-1_S1,NODE_2_length_6230_cov_1462.638460,Orthototiviridae,Guyane,Macouria,Sep-19,2019,Dry,Coquillettidia venezuelensis,142120,5278440,4598767,30903.94,Macouria orthototi-like virus 5,Macouria orthototi-like virus 5  isolate GUY268
H577TAFX2Guyane-Macouria-Sep-2019-Coquillettidia-venezuelensis-1_S1,NODE_35_length_3106_cov_796.101220,Solemoviridae,Guyane,Macouria,Sep-19,2019,Dry,Coquillettidia venezuelensis,37734,5278440,4598767,8205.24,Macouria solemo-like virus 1,Macouria solemo-like virus 1  isolate GUY269
H577TAFX2Guyane-Macouria-Sep-2019-Coquillettidia-venezuelensis-1_S1,NODE_73_length_2439_cov_14796.720203,Tombusviridae,Guyane,Macouria,Sep-19,2019,Dry,Coquillettidia venezuelensis,539491,5278440,4598767,117312.1,Macouria tombus-like virus 1,Macouria tombus-like virus 1  isolate GUY270
H577TAFX2Guyane-Macouria-Sep-2019-Coquillettidia-venezuelensis-1_S1,NODE_935_length_1089_cov_2.024606,Metaviridae,Guyane,Macouria,Sep-19,2019,Dry,Coquillettidia venezuelensis,51,5278440,4598767,11.09,Macouria meta-like virus 5,Macouria meta-like virus 5  isolate GUY267
H577TAFX2Guyane-Macouria-Sep-2019-Coquillettidia-venezuelensis-1_S1,NODE_1073_length_1037_cov_2.408714,Metaviridae,Guyane,Macouria,Sep-19,2019,Dry,Coquillettidia venezuelensis,47,5278440,4598767,10.22,Macouria meta-like virus 3,Macouria meta-like virus 3  isolate GUY266
H577TAFX2Guyane-Macouria-Sep-2019-Coquillettidia-venezuelensis-1_S1,NODE_937_length_1089_cov_1.533465,Aliusviridae,Guyane,Macouria,Sep-19,2019,Dry,Coquillettidia venezuelensis,38,5278440,4598767,8.26,Macouria alius-like virus 1,Macouria alius-like virus 1  isolate GUY265
H577TAFX2Guyane-Macouria-Sep-2019-Coquillettidia-venezuelensis-2_S2,NODE_8_length_7187_cov_5.736154,Metaviridae,Guyane,Macouria,Sep-19,2019,Dry,Coquillettidia venezuelensis,2300,5718048,4604571,499.5,Macouria meta-like virus 5,Macouria meta-like virus 5  isolate GUY277
H577TAFX2Guyane-Macouria-Sep-2019-Coquillettidia-venezuelensis-2_S2,NODE_246_length_3114_cov_4.319632,Chrysoviridae,Guyane,Macouria,Sep-19,2019,Dry,Coquillettidia venezuelensis,206,5718048,4604571,44.74,Macouria chryso-like virus 1,Macouria chryso-like virus 1  isolate GUY272
H577TAFX2Guyane-Macouria-Sep-2019-Coquillettidia-venezuelensis-2_S2,NODE_565_length_2448_cov_3.655158,Metaviridae,Guyane,Macouria,Sep-19,2019,Dry,Coquillettidia venezuelensis,214,5718048,4604571,46.48,Macouria meta-like virus 4,Macouria meta-like virus 4  isolate GUY276
H577TAFX2Guyane-Macouria-Sep-2019-Coquillettidia-venezuelensis-2_S2,NODE_248_length_3103_cov_1464.758746,Solemoviridae,Guyane,Macouria,Sep-19,2019,Dry,Coquillettidia venezuelensis,68405,5718048,4604571,14855.89,Macouria solemo-like virus 2,Macouria solemo-like virus 2  isolate GUY281
H577TAFX2Guyane-Macouria-Sep-2019-Coquillettidia-venezuelensis-2_S2,NODE_2013_length_1545_cov_11.131793,Metaviridae,Guyane,Macouria,Sep-19,2019,Dry,Coquillettidia venezuelensis,1097,5718048,4604571,238.24,Macouria meta-like virus 9,Macouria meta-like virus 9  isolate GUY280
H577TAFX2Guyane-Macouria-Sep-2019-Coquillettidia-venezuelensis-2_S2,NODE_254_length_3084_cov_5.966788,Metaviridae,Guyane,Macouria,Sep-19,2019,Dry,Coquillettidia venezuelensis,657,5718048,4604571,142.68,Macouria meta-like virus 11,Macouria meta-like virus 11  isolate GUY273
H577TAFX2Guyane-Macouria-Sep-2019-Coquillettidia-venezuelensis-2_S2,NODE_2306_length_1460_cov_2.180966,Metaviridae,Guyane,Macouria,Sep-19,2019,Dry,Coquillettidia venezuelensis,90,5718048,4604571,19.55,Macouria meta-like virus 12,Macouria meta-like virus 12  isolate GUY274
H577TAFX2Guyane-Macouria-Sep-2019-Coquillettidia-venezuelensis-2_S2,NODE_777_length_2177_cov_5.033270,Metaviridae,Guyane,Macouria,Sep-19,2019,Dry,Coquillettidia venezuelensis,191,5718048,4604571,41.48,Macouria meta-like virus 8,Macouria meta-like virus 8  isolate GUY279
H577TAFX2Guyane-Macouria-Sep-2019-Coquillettidia-venezuelensis-2_S2,NODE_2505_length_1409_cov_3.910928,Metaviridae,Guyane,Macouria,Sep-19,2019,Dry,Coquillettidia venezuelensis,168,5718048,4604571,36.49,Macouria meta-like virus 13,Macouria meta-like virus 13  isolate GUY275
H577TAFX2Guyane-Macouria-Sep-2019-Coquillettidia-venezuelensis-2_S2,NODE_2690_length_1366_cov_2.679814,Metaviridae,Guyane,Macouria,Sep-19,2019,Dry,Coquillettidia venezuelensis,145,5718048,4604571,31.49,Macouria meta-like virus 7,Macouria meta-like virus 7  isolate GUY278
H577TAFX2Guyane-Macouria-Sep-2019-Coquillettidia-venezuelensis-2_S2,NODE_3524_length_1204_cov_2.005305,Aliusviridae,Guyane,Macouria,Sep-19,2019,Dry,Coquillettidia venezuelensis,55,5718048,4604571,11.94,Macouria alius-like virus 1,Macouria alius-like virus 1  isolate GUY271
H577TAFX2Guyane-Macouria-Sep-2019-Coquillettidia-venezuelensis-3_S3,NODE_1_length_8993_cov_66.783072,Virgaviridae,Guyane,Macouria,Sep-19,2019,Dry,Coquillettidia venezuelensis,9378,6382355,4385952,2138.19,Mosquito hepe-like virus HLJ1,Mosquito hepe-like virus HLJ1  isolate GUY293
H577TAFX2Guyane-Macouria-Sep-2019-Coquillettidia-venezuelensis-3_S3,NODE_7_length_5898_cov_3.755536,Metaviridae,Guyane,Macouria,Sep-19,2019,Dry,Coquillettidia venezuelensis,570,6382355,4385952,129.96,Macouria meta-like virus 3,Macouria meta-like virus 3  isolate GUY283
H577TAFX2Guyane-Macouria-Sep-2019-Coquillettidia-venezuelensis-3_S3,NODE_129_length_2930_cov_3.009800,Metaviridae,Guyane,Macouria,Sep-19,2019,Dry,Coquillettidia venezuelensis,318,6382355,4385952,72.5,Macouria meta-like virus 4,Macouria meta-like virus 4  isolate GUY284
H577TAFX2Guyane-Macouria-Sep-2019-Coquillettidia-venezuelensis-3_S3,NODE_36_length_3903_cov_4.471802,Orthototiviridae,Guyane,Macouria,Sep-19,2019,Dry,Coquillettidia venezuelensis,286,6382355,4385952,65.21,Macouria orthototi-like virus 7,Macouria orthototi-like virus 7  isolate GUY289
H577TAFX2Guyane-Macouria-Sep-2019-Coquillettidia-venezuelensis-3_S3,NODE_301_length_2312_cov_3.306387,Orthototiviridae,Guyane,Macouria,Sep-19,2019,Dry,Coquillettidia venezuelensis,177,6382355,4385952,40.36,Macouria orthototi-like virus 9,Macouria orthototi-like virus 9  isolate GUY291
H577TAFX2Guyane-Macouria-Sep-2019-Coquillettidia-venezuelensis-3_S3,NODE_253_length_2425_cov_3.990221,Orthototiviridae,Guyane,Macouria,Sep-19,2019,Dry,Coquillettidia venezuelensis,219,6382355,4385952,49.93,Macouria orthototi-like virus 8,Macouria orthototi-like virus 8  isolate GUY290
H577TAFX2Guyane-Macouria-Sep-2019-Coquillettidia-venezuelensis-3_S3,NODE_41_length_3815_cov_5.561999,Metaviridae,Guyane,Macouria,Sep-19,2019,Dry,Coquillettidia venezuelensis,1073,6382355,4385952,244.65,Macouria meta-like virus 9,Macouria meta-like virus 9  isolate GUY287
H577TAFX2Guyane-Macouria-Sep-2019-Coquillettidia-venezuelensis-3_S3,NODE_240_length_2458_cov_6888.896017,Tombusviridae,Guyane,Macouria,Sep-19,2019,Dry,Coquillettidia venezuelensis,252391,6382355,4385952,57545.32,Macouria tombus-like virus 1,Macouria tombus-like virus 1  isolate GUY292
H577TAFX2Guyane-Macouria-Sep-2019-Coquillettidia-venezuelensis-3_S3,NODE_1915_length_1235_cov_2.063683,Orthototiviridae,Guyane,Macouria,Sep-19,2019,Dry,Coquillettidia venezuelensis,94,6382355,4385952,21.43,Macouria orthototi-like virus 6,Macouria orthototi-like virus 6  isolate GUY288
H577TAFX2Guyane-Macouria-Sep-2019-Coquillettidia-venezuelensis-3_S3,NODE_875_length_1658_cov_2.823975,Metaviridae,Guyane,Macouria,Sep-19,2019,Dry,Coquillettidia venezuelensis,200,6382355,4385952,45.6,Macouria meta-like virus 5,Macouria meta-like virus 5  isolate GUY285
H577TAFX2Guyane-Macouria-Sep-2019-Coquillettidia-venezuelensis-3_S3,NODE_1761_length_1280_cov_1.754764,Metaviridae,Guyane,Macouria,Sep-19,2019,Dry,Coquillettidia venezuelensis,63,6382355,4385952,14.36,Macouria meta-like virus 14,Macouria meta-like virus 14  isolate GUY282
H577TAFX2Guyane-Macouria-Sep-2019-Coquillettidia-venezuelensis-3_S3,NODE_676_length_1829_cov_3.185649,Metaviridae,Guyane,Macouria,Sep-19,2019,Dry,Coquillettidia venezuelensis,100,6382355,4385952,22.8,Macouria meta-like virus 8,Macouria meta-like virus 8  isolate GUY286
H577TAFX2Guyane-Macouria-Sep-2019-Culex-portesi-1_S4,NODE_1_length_9270_cov_1159.843318,Virgaviridae,Guyane,Macouria,Sep-19,2019,Dry,Culex portesi,163266,5852738,5057832,32279.84,Macouria virga-like virus 3,Macouria virga-like virus 3  isolate GUY296
H577TAFX2Guyane-Macouria-Sep-2019-Culex-portesi-1_S4,NODE_23_length_3559_cov_246.770511,Chrysoviridae,Guyane,Macouria,Sep-19,2019,Dry,Culex portesi,13551,5852738,5057832,2679.21,Macouria chryso-like virus 2,Macouria chryso-like virus 2  isolate GUY294
H577TAFX2Guyane-Macouria-Sep-2019-Culex-portesi-1_S4,NODE_4_length_6463_cov_65.315023,Orthototiviridae,Guyane,Macouria,Sep-19,2019,Dry,Culex portesi,7820,5852738,5057832,1546.12,Macouria orthototi-like virus 14,Macouria orthototi-like virus 14  isolate GUY295
H577TAFX2Guyane-Macouria-Sep-2019-Culex-portesi-2_S5,NODE_9_length_6888_cov_147.379017,Peribunyaviridae,Guyane,Macouria,Sep-19,2019,Dry,Culex portesi,15792,7041934,5073876,3112.41,Brazoran virus,Brazoran virus  isolate GUY297
H577TAFX2Guyane-Macouria-Sep-2019-Culex-portesi-2_S5,NODE_7_length_7359_cov_18.454433,Orthototiviridae,Guyane,Macouria,Sep-19,2019,Dry,Culex portesi,2398,7041934,5073876,472.62,Macouria orthototi-like virus 14,Macouria orthototi-like virus 14  isolate GUY300
H577TAFX2Guyane-Macouria-Sep-2019-Culex-portesi-2_S5,NODE_421_length_2260_cov_1.555098,Metaviridae,Guyane,Macouria,Sep-19,2019,Dry,Culex portesi,122,7041934,5073876,24.04,Macouria meta-like virus 38,Macouria meta-like virus 38  isolate GUY299
H577TAFX2Guyane-Macouria-Sep-2019-Culex-portesi-2_S5,NODE_2793_length_1145_cov_1.812500,Metaviridae,Guyane,Macouria,Sep-19,2019,Dry,Culex portesi,31,7041934,5073876,6.11,Macouria meta-like virus 37,Macouria meta-like virus 37  isolate GUY298
H577TAFX2Guyane-Macouria-Sep-2019-Culex-portesi-3_S6,NODE_6_length_9269_cov_433.499130,Virgaviridae,Guyane,Macouria,Sep-19,2019,Dry,Culex portesi,63696,6715045,4801923,13264.69,Macouria virga-like virus 3,Macouria virga-like virus 3  isolate GUY303
H577TAFX2Guyane-Macouria-Sep-2019-Culex-portesi-3_S6,NODE_90_length_3553_cov_1919.845115,Chrysoviridae,Guyane,Macouria,Sep-19,2019,Dry,Culex portesi,103728,6715045,4801923,21601.35,Macouria chryso-like virus 2,Macouria chryso-like virus 2  isolate GUY301
H577TAFX2Guyane-Macouria-Sep-2019-Culex-portesi-3_S6,NODE_2297_length_1179_cov_1.497288,Metaviridae,Guyane,Macouria,Sep-19,2019,Dry,Culex portesi,54,6715045,4801923,11.25,Macouria meta-like virus 38,Macouria meta-like virus 38  isolate GUY302
H7MTYAFXY_Bangui-Batalimo-Aedes-albopictus_S4,NODE_4708_length_1515_cov_2.872399,Metaviridae,Central African Republic,Batalimo,Dec-18,2018,Dry,Aedes albopictus,106,12336101,9864440,10.75,Batalimo meta-like virus 8,Batalimo meta-like virus 8  isolate CAR308
H7MTYAFXY_Bangui-Batalimo-Aedes-albopictus_S4,NODE_5021_length_1461_cov_1.518732,Metaviridae,Central African Republic,Batalimo,Dec-18,2018,Dry,Aedes albopictus,66,12336101,9864440,6.69,Batalimo meta-like virus 13,Batalimo meta-like virus 13  isolate CAR304
H7MTYAFXY_Bangui-Batalimo-Aedes-albopictus_S4,NODE_1764_length_2388_cov_2.793089,Metaviridae,Central African Republic,Batalimo,Dec-18,2018,Dry,Aedes albopictus,548,12336101,9864440,55.55,Batalimo meta-like virus 16,Batalimo meta-like virus 16  isolate CAR307
H7MTYAFXY_Bangui-Batalimo-Aedes-albopictus_S4,NODE_6539_length_1265_cov_2.269295,Metaviridae,Central African Republic,Batalimo,Dec-18,2018,Dry,Aedes albopictus,137,12336101,9864440,13.89,Batalimo meta-like virus 14,Batalimo meta-like virus 14  isolate CAR305
H7MTYAFXY_Bangui-Batalimo-Aedes-albopictus_S4,NODE_6728_length_1245_cov_1.464164,Metaviridae,Central African Republic,Batalimo,Dec-18,2018,Dry,Aedes albopictus,53,12336101,9864440,5.37,Batalimo meta-like virus 15,Batalimo meta-like virus 15  isolate CAR306
H7MTYAFXY_Bangui-Batalimo-Aedes-albopictus_S4,NODE_8794_length_1063_cov_2.992929,Metaviridae,Central African Republic,Batalimo,Dec-18,2018,Dry,Aedes albopictus,102,12336101,9864440,10.34,Batalimo meta-like virus 9,Batalimo meta-like virus 9  isolate CAR309
H7MTYAFXY_Bangui-Gbozo-Aedes-aegypti-1_S1,NODE_41_length_6822_cov_1275.351459,Phenuiviridae,Central African Republic,Gbozo,Apr-19,2019,Dry,Aedes aegypti,129940,9548449,9141875,14213.71,Phasivirus phasiense,Phasivirus phasiense  isolate CAR315
H7MTYAFXY_Bangui-Gbozo-Aedes-aegypti-1_S1,NODE_64_length_6164_cov_4972.361681,Inseviridae,Central African Republic,Gbozo,Apr-19,2019,Dry,Aedes aegypti,544473,9548449,9141875,59558.13,Gbozo inse-like virus 1,Gbozo inse-like virus 1  isolate CAR310
H7MTYAFXY_Bangui-Gbozo-Aedes-aegypti-1_S1,NODE_220_length_4244_cov_5.186766,Metaviridae,Central African Republic,Gbozo,Apr-19,2019,Dry,Aedes aegypti,427,9548449,9141875,46.71,Gbozo meta-like virus 1,Gbozo meta-like virus 1  isolate CAR311
H7MTYAFXY_Bangui-Gbozo-Aedes-aegypti-1_S1,NODE_805_length_2758_cov_2.545624,Metaviridae,Central African Republic,Gbozo,Apr-19,2019,Dry,Aedes aegypti,141,9548449,9141875,15.42,Gbozo meta-like virus 3,Gbozo meta-like virus 3  isolate CAR313
H7MTYAFXY_Bangui-Gbozo-Aedes-aegypti-1_S1,NODE_5522_length_1101_cov_1.613813,Metaviridae,Central African Republic,Gbozo,Apr-19,2019,Dry,Aedes aegypti,56,9548449,9141875,6.13,Gbozo meta-like virus 4,Gbozo meta-like virus 4  isolate CAR314
H7MTYAFXY_Bangui-Gbozo-Aedes-aegypti-1_S1,NODE_5965_length_1055_cov_2.315682,Metaviridae,Central African Republic,Gbozo,Apr-19,2019,Dry,Aedes aegypti,57,9548449,9141875,6.24,Gbozo meta-like virus 2,Gbozo meta-like virus 2  isolate CAR312
H7MTYAFXY_Bangui-Gbozo-Aedes-aegypti-2_S2,NODE_61_length_6227_cov_3932.008125,Inseviridae,Central African Republic,Gbozo,Apr-19,2019,Dry,Aedes aegypti,426540,10045059,9649023,44205.51,Gbozo inse-like virus 1,Gbozo inse-like virus 1  isolate CAR317
H7MTYAFXY_Bangui-Gbozo-Aedes-aegypti-2_S2,NODE_1429_length_2206_cov_3.330052,Metaviridae,Central African Republic,Gbozo,Apr-19,2019,Dry,Aedes aegypti,188,10045059,9649023,19.48,Gbozo meta-like virus 3,Gbozo meta-like virus 3  isolate CAR319
H7MTYAFXY_Bangui-Gbozo-Aedes-aegypti-2_S2,NODE_900_length_2682_cov_6.650441,Deltaflexiviridae,Central African Republic,Gbozo,Apr-19,2019,Dry,Aedes aegypti,320,10045059,9649023,33.16,Gbozo deltaflexi-like virus 1,Gbozo deltaflexi-like virus 1  isolate CAR316
H7MTYAFXY_Bangui-Gbozo-Aedes-aegypti-2_S2,NODE_1791_length_1991_cov_2.929093,Phenuiviridae,Central African Republic,Gbozo,Apr-19,2019,Dry,Aedes aegypti,83,10045059,9649023,8.6,Phasivirus phasiense,Phasivirus phasiense  isolate CAR322
H7MTYAFXY_Bangui-Gbozo-Aedes-aegypti-2_S2,NODE_1762_length_2005_cov_3.697205,Phenuiviridae,Central African Republic,Gbozo,Apr-19,2019,Dry,Aedes aegypti,266,10045059,9649023,27.57,Mosquito bunya-like virus YN16,Mosquito bunya-like virus YN16  isolate CAR321
H7MTYAFXY_Bangui-Gbozo-Aedes-aegypti-2_S2,NODE_6469_length_1010_cov_1.500534,Metaviridae,Central African Republic,Gbozo,Apr-19,2019,Dry,Aedes aegypti,34,10045059,9649023,3.52,Gbozo meta-like virus 2,Gbozo meta-like virus 2  isolate CAR318
H7MTYAFXY_Bangui-Gbozo-Aedes-aegypti-2_S2,NODE_2666_length_1638_cov_5.766773,Metaviridae,Central African Republic,Gbozo,Apr-19,2019,Dry,Aedes aegypti,12024,10045059,9649023,1246.14,Gbozo meta-like virus 5,Gbozo meta-like virus 5  isolate CAR320
H7MTYAFXY_Bangui-Gbozo-Aedes-aegypti-3_S3,NODE_339_length_4312_cov_3.438783,Metaviridae,Central African Republic,Gbozo,Apr-19,2019,Dry,Aedes aegypti,278,10701102,9949226,27.94,Gbozo meta-like virus 3,Gbozo meta-like virus 3  isolate CAR326
H7MTYAFXY_Bangui-Gbozo-Aedes-aegypti-3_S3,NODE_44_length_7507_cov_39.422384,Orthototiviridae,Central African Republic,Gbozo,Apr-19,2019,Dry,Aedes aegypti,4877,10701102,9949226,490.19,Gbozo orthototi-like virus 1,Gbozo orthototi-like virus 1  isolate CAR330
H7MTYAFXY_Bangui-Gbozo-Aedes-aegypti-3_S3,NODE_93_length_6164_cov_3039.762436,Inseviridae,Central African Republic,Gbozo,Apr-19,2019,Dry,Aedes aegypti,427534,10701102,9949226,42971.58,Gbozo inse-like virus 1,Gbozo inse-like virus 1  isolate CAR324
H7MTYAFXY_Bangui-Gbozo-Aedes-aegypti-3_S3,NODE_1506_length_2459_cov_12.316848,Deltaflexiviridae,Central African Republic,Gbozo,Apr-19,2019,Dry,Aedes aegypti,631,10701102,9949226,63.42,Gbozo deltaflexi-like virus 1,Gbozo deltaflexi-like virus 1  isolate CAR323
H7MTYAFXY_Bangui-Gbozo-Aedes-aegypti-3_S3,NODE_2949_length_1758_cov_1.885460,Metaviridae,Central African Republic,Gbozo,Apr-19,2019,Dry,Aedes aegypti,95,10701102,9949226,9.55,Gbozo meta-like virus 6,Gbozo meta-like virus 6  isolate CAR329
H7MTYAFXY_Bangui-Gbozo-Aedes-aegypti-3_S3,NODE_3505_length_1602_cov_4.565075,Metaviridae,Central African Republic,Gbozo,Apr-19,2019,Dry,Aedes aegypti,309,10701102,9949226,31.06,Gbozo meta-like virus 5,Gbozo meta-like virus 5  isolate CAR328
H7MTYAFXY_Bangui-Gbozo-Aedes-aegypti-3_S3,NODE_4286_length_1438_cov_3.912088,Metaviridae,Central African Republic,Gbozo,Apr-19,2019,Dry,Aedes aegypti,146,10701102,9949226,14.67,Gbozo meta-like virus 2,Gbozo meta-like virus 2  isolate CAR325
H7MTYAFXY_Bangui-Gbozo-Aedes-aegypti-3_S3,NODE_3759_length_1542_cov_1.121852,Metaviridae,Central African Republic,Gbozo,Apr-19,2019,Dry,Aedes aegypti,61,10701102,9949226,6.13,Gbozo meta-like virus 4,Gbozo meta-like virus 4  isolate CAR327
HCY5WAFX2_Bangui-Mbaiki-Rainy-Aedes-aegypti-3_S1,NODE_65_length_4433_cov_3.520872,Metaviridae,Central African Republic,Mbaiki,Oct-19,2019,Rainy,Aedes aegypti,493,6063114,5931828,83.11,Mbaiki meta-like virus 5,Mbaiki meta-like virus 5  isolate CAR335
HCY5WAFX2_Bangui-Mbaiki-Rainy-Aedes-aegypti-3_S1,NODE_6_length_7062_cov_8.044498,Metaviridae,Central African Republic,Mbaiki,Oct-19,2019,Rainy,Aedes aegypti,1175,6063114,5931828,198.08,Mbaiki meta-like virus 4,Mbaiki meta-like virus 4  isolate CAR334
HCY5WAFX2_Bangui-Mbaiki-Rainy-Aedes-aegypti-3_S1,NODE_7_length_6868_cov_3.357763,Metaviridae,Central African Republic,Mbaiki,Oct-19,2019,Rainy,Aedes aegypti,731,6063114,5931828,123.23,Mbaiki meta-like virus 3,Mbaiki meta-like virus 3  isolate CAR333
HCY5WAFX2_Bangui-Mbaiki-Rainy-Aedes-aegypti-3_S1,NODE_13_length_6269_cov_4.088444,Orthototiviridae,Central African Republic,Mbaiki,Oct-19,2019,Rainy,Aedes aegypti,445,6063114,5931828,75.02,Mbaiki orthototi-like virus 1,Mbaiki orthototi-like virus 1  isolate CAR336
HCY5WAFX2_Bangui-Mbaiki-Rainy-Aedes-aegypti-3_S1,NODE_820_length_1644_cov_0.994271,Metaviridae,Central African Republic,Mbaiki,Oct-19,2019,Rainy,Aedes aegypti,43,6063114,5931828,7.25,Mbaiki meta-like virus 1,Mbaiki meta-like virus 1  isolate CAR331
HCY5WAFX2_Bangui-Mbaiki-Rainy-Aedes-aegypti-3_S1,NODE_829_length_1634_cov_2.319667,Metaviridae,Central African Republic,Mbaiki,Oct-19,2019,Rainy,Aedes aegypti,109,6063114,5931828,18.38,Mbaiki meta-like virus 2,Mbaiki meta-like virus 2  isolate CAR332
HCY5WAFX2_Bangui-Mbaiki-Rainy-Aedes-aegypti-4_S2,NODE_41_length_4386_cov_2.333642,Metaviridae,Central African Republic,Mbaiki,Oct-19,2019,Rainy,Aedes aegypti,270,4050785,3974038,67.94,Mbaiki meta-like virus 5,Mbaiki meta-like virus 5  isolate CAR339
HCY5WAFX2_Bangui-Mbaiki-Rainy-Aedes-aegypti-4_S2,NODE_4_length_7062_cov_4.586064,Metaviridae,Central African Republic,Mbaiki,Oct-19,2019,Rainy,Aedes aegypti,701,4050785,3974038,176.39,Mbaiki meta-like virus 4,Mbaiki meta-like virus 4  isolate CAR338
HCY5WAFX2_Bangui-Mbaiki-Rainy-Aedes-aegypti-4_S2,NODE_12_length_6140_cov_627.425416,Inseviridae,Central African Republic,Mbaiki,Oct-19,2019,Rainy,Aedes aegypti,64116,4050785,3974038,16133.72,Mbaiki inse-like virus 1,Mbaiki inse-like virus 1  isolate CAR337
HCY5WAFX2_Bangui-Mbaiki-Rainy-Aedes-aegypti-4_S2,NODE_335_length_1868_cov_1.325905,Metaviridae,Central African Republic,Mbaiki,Oct-19,2019,Rainy,Aedes aegypti,48,4050785,3974038,12.08,Mbaiki meta-like virus 8,Mbaiki meta-like virus 8  isolate CAR342
HCY5WAFX2_Bangui-Mbaiki-Rainy-Aedes-aegypti-4_S2,NODE_119_length_2748_cov_3.053832,Orthototiviridae,Central African Republic,Mbaiki,Oct-19,2019,Rainy,Aedes aegypti,261,4050785,3974038,65.68,Mbaiki orthototi-like virus 2,Mbaiki orthototi-like virus 2  isolate CAR343
HCY5WAFX2_Bangui-Mbaiki-Rainy-Aedes-aegypti-4_S2,NODE_189_length_2310_cov_1.804649,Metaviridae,Central African Republic,Mbaiki,Oct-19,2019,Rainy,Aedes aegypti,94,4050785,3974038,23.65,Mbaiki meta-like virus 7,Mbaiki meta-like virus 7  isolate CAR341
HCY5WAFX2_Bangui-Mbaiki-Rainy-Aedes-aegypti-4_S2,NODE_980_length_1202_cov_2.395926,Metaviridae,Central African Republic,Mbaiki,Oct-19,2019,Rainy,Aedes aegypti,53,4050785,3974038,13.34,Mbaiki meta-like virus 6,Mbaiki meta-like virus 6  isolate CAR340
HCY5WAFX2_Bangui-Mbaiki-Rainy-Aedes-aegypti-5_S3,NODE_126_length_2818_cov_2.390528,Metaviridae,Central African Republic,Mbaiki,Oct-19,2019,Rainy,Aedes aegypti,133,4819038,3913702,33.98,Mbaiki meta-like virus 4,Mbaiki meta-like virus 4  isolate CAR346
HCY5WAFX2_Bangui-Mbaiki-Rainy-Aedes-aegypti-5_S3,NODE_347_length_2052_cov_3.018696,Orthototiviridae,Central African Republic,Mbaiki,Oct-19,2019,Rainy,Aedes aegypti,121,4819038,3913702,30.92,Mbaiki orthototi-like virus 3,Mbaiki orthototi-like virus 3  isolate CAR347
HCY5WAFX2_Bangui-Mbaiki-Rainy-Aedes-aegypti-5_S3,NODE_324_length_2091_cov_2.110505,Metaviridae,Central African Republic,Mbaiki,Oct-19,2019,Rainy,Aedes aegypti,180,4819038,3913702,45.99,Mbaiki meta-like virus 3,Mbaiki meta-like virus 3  isolate CAR345
HCY5WAFX2_Bangui-Mbaiki-Rainy-Aedes-aegypti-5_S3,NODE_1212_length_1295_cov_1.690671,Deltaflexiviridae,Central African Republic,Mbaiki,Oct-19,2019,Rainy,Aedes aegypti,359,4819038,3913702,91.73,Cubel,Cubel  isolate CAR344
HCY5WAFX2_Bangui-Mbaiki-Rainy-Aedes-albopictus-1_S4,NODE_70_length_3751_cov_2.462208,Metaviridae,Central African Republic,Mbaiki,Oct-19,2019,Rainy,Aedes albopictus,220,4751074,4476110,49.15,Mbaiki meta-like virus 13,Mbaiki meta-like virus 13  isolate CAR348
HCY5WAFX2_Bangui-Mbaiki-Rainy-Aedes-albopictus-1_S4,NODE_601_length_1931_cov_1.252960,Metaviridae,Central African Republic,Mbaiki,Oct-19,2019,Rainy,Aedes albopictus,62,4751074,4476110,13.85,Mbaiki meta-like virus 15,Mbaiki meta-like virus 15  isolate CAR350
HCY5WAFX2_Bangui-Mbaiki-Rainy-Aedes-albopictus-1_S4,NODE_1319_length_1464_cov_1.891445,Metaviridae,Central African Republic,Mbaiki,Oct-19,2019,Rainy,Aedes albopictus,105,4751074,4476110,23.46,Mbaiki meta-like virus 14,Mbaiki meta-like virus 14  isolate CAR349
HCY5WAFX2_Bangui-Mbaiki-Rainy-Aedes-albopictus-2_S5,NODE_2067_length_1007_cov_1.856531,Metaviridae,Central African Republic,Mbaiki,Oct-19,2019,Rainy,Aedes albopictus,78,2973305,2754517,28.32,Mbaiki meta-like virus 16,Mbaiki meta-like virus 16  isolate CAR351
HCY5WAFX2_Bangui-Mbaiki-Rainy-Aedes-albopictus-3_S6,NODE_207_length_3001_cov_1.683743,Metaviridae,Central African Republic,Mbaiki,Oct-19,2019,Rainy,Aedes albopictus,137,4983309,4447816,30.8,Mbaiki meta-like virus 19,Mbaiki meta-like virus 19  isolate CAR356
HCY5WAFX2_Bangui-Mbaiki-Rainy-Aedes-albopictus-3_S6,NODE_1296_length_1609_cov_2.552734,Metaviridae,Central African Republic,Mbaiki,Oct-19,2019,Rainy,Aedes albopictus,117,4983309,4447816,26.31,Mbaiki meta-like virus 13,Mbaiki meta-like virus 13  isolate CAR352
HCY5WAFX2_Bangui-Mbaiki-Rainy-Aedes-albopictus-3_S6,NODE_368_length_2491_cov_2.472291,Metaviridae,Central African Republic,Mbaiki,Oct-19,2019,Rainy,Aedes albopictus,120,4983309,4447816,26.98,Mbaiki meta-like virus 17,Mbaiki meta-like virus 17  isolate CAR354
HCY5WAFX2_Bangui-Mbaiki-Rainy-Aedes-albopictus-3_S6,NODE_2313_length_1289_cov_1.005757,Metaviridae,Central African Republic,Mbaiki,Oct-19,2019,Rainy,Aedes albopictus,34,4983309,4447816,7.64,Mbaiki meta-like virus 20,Mbaiki meta-like virus 20  isolate CAR357
HCY5WAFX2_Bangui-Mbaiki-Rainy-Aedes-albopictus-3_S6,NODE_2724_length_1209_cov_1.747359,Metaviridae,Central African Republic,Mbaiki,Oct-19,2019,Rainy,Aedes albopictus,59,4983309,4447816,13.26,Mbaiki meta-like virus 18,Mbaiki meta-like virus 18  isolate CAR355
HCY5WAFX2_Bangui-Mbaiki-Rainy-Aedes-albopictus-3_S6,NODE_3307_length_1109_cov_2.131274,Metaviridae,Central African Republic,Mbaiki,Oct-19,2019,Rainy,Aedes albopictus,48,4983309,4447816,10.79,Mbaiki meta-like virus 16,Mbaiki meta-like virus 16  isolate CAR353
HCY5WAFX2_Bangui-Mbaiki-Rainy-Aedes-albopictus-5_S8,NODE_456_length_1649_cov_1.506980,Metaviridae,Central African Republic,Mbaiki,Oct-19,2019,Rainy,Aedes albopictus,72,2719870,2496105,28.84,Mbaiki meta-like virus 13,Mbaiki meta-like virus 13  isolate CAR358
HCY5WAFX2_Bangui-Mbaiki-Rainy-Aedes-albopictus-5_S8,NODE_1274_length_1124_cov_1.872502,Metaviridae,Central African Republic,Mbaiki,Oct-19,2019,Rainy,Aedes albopictus,47,2719870,2496105,18.83,Mbaiki meta-like virus 16,Mbaiki meta-like virus 16  isolate CAR359
HCY5WAFX2_Cambodia-Prek-Toal-Dry-Culex-vishnui-4_S20,NODE_514_length_1030_cov_1.545455,Metaviridae,Cambodia,Prek Toal,Feb-19,2019,Dry,Culex vishnui,31,6051185,1416242,21.89,Prek Toal meta-like virus 2,Prek Toal meta-like virus 2  isolate CAM360
HCY5WAFX2_Cambodia-Prek-Toal-Rainy-Mansonia-indiana_S19,NODE_4_length_7557_cov_5.527659,Peribunyaviridae,Cambodia,Prek Toal,Nov-19,2019,Rainy,Mansonia indiana,689,3985178,2906316,237.07,uncultured virus,uncultured virus  isolate CAM375
HCY5WAFX2_Cambodia-Prek-Toal-Rainy-Mansonia-indiana_S19,NODE_6_length_7376_cov_3.023963,Metaviridae,Cambodia,Prek Toal,Nov-19,2019,Rainy,Mansonia indiana,552,3985178,2906316,189.93,Prek Toal meta-like virus 16,Prek Toal meta-like virus 16  isolate CAM365
HCY5WAFX2_Cambodia-Prek-Toal-Rainy-Mansonia-indiana_S19,NODE_119_length_3293_cov_1.328882,Metaviridae,Cambodia,Prek Toal,Nov-19,2019,Rainy,Mansonia indiana,161,3985178,2906316,55.4,Prek Toal meta-like virus 25,Prek Toal meta-like virus 25  isolate CAM372
HCY5WAFX2_Cambodia-Prek-Toal-Rainy-Mansonia-indiana_S19,NODE_13_length_6504_cov_20.127818,Metaviridae,Cambodia,Prek Toal,Nov-19,2019,Rainy,Mansonia indiana,3738,3985178,2906316,1286.16,Prek Toal meta-like virus 8,Prek Toal meta-like virus 8  isolate CAM373
HCY5WAFX2_Cambodia-Prek-Toal-Rainy-Mansonia-indiana_S19,NODE_159_length_2877_cov_0.779601,Metaviridae,Cambodia,Prek Toal,Nov-19,2019,Rainy,Mansonia indiana,130,3985178,2906316,44.73,Prek Toal meta-like virus 13,Prek Toal meta-like virus 13  isolate CAM363
HCY5WAFX2_Cambodia-Prek-Toal-Rainy-Mansonia-indiana_S19,NODE_115_length_3346_cov_2.271616,Metaviridae,Cambodia,Prek Toal,Nov-19,2019,Rainy,Mansonia indiana,243,3985178,2906316,83.61,Prek Toal meta-like virus 21,Prek Toal meta-like virus 21  isolate CAM368
HCY5WAFX2_Cambodia-Prek-Toal-Rainy-Mansonia-indiana_S19,NODE_5_length_7439_cov_7.765137,Metaviridae,Cambodia,Prek Toal,Nov-19,2019,Rainy,Mansonia indiana,1776,3985178,2906316,611.08,Prek Toal meta-like virus 9,Prek Toal meta-like virus 9  isolate CAM374
HCY5WAFX2_Cambodia-Prek-Toal-Rainy-Mansonia-indiana_S19,NODE_36_length_5026_cov_2.732082,Metaviridae,Cambodia,Prek Toal,Nov-19,2019,Rainy,Mansonia indiana,521,3985178,2906316,179.26,Prek Toal meta-like virus 19,Prek Toal meta-like virus 19  isolate CAM366
HCY5WAFX2_Cambodia-Prek-Toal-Rainy-Mansonia-indiana_S19,NODE_89_length_3678_cov_2.554230,Metaviridae,Cambodia,Prek Toal,Nov-19,2019,Rainy,Mansonia indiana,191,3985178,2906316,65.72,Prek Toal meta-like virus 11,Prek Toal meta-like virus 11  isolate CAM362
HCY5WAFX2_Cambodia-Prek-Toal-Rainy-Mansonia-indiana_S19,NODE_195_length_2616_cov_0.963822,Metaviridae,Cambodia,Prek Toal,Nov-19,2019,Rainy,Mansonia indiana,1706,3985178,2906316,587,Prek Toal meta-like virus 20,Prek Toal meta-like virus 20  isolate CAM367
HCY5WAFX2_Cambodia-Prek-Toal-Rainy-Mansonia-indiana_S19,NODE_298_length_2141_cov_1.298839,Metaviridae,Cambodia,Prek Toal,Nov-19,2019,Rainy,Mansonia indiana,114,3985178,2906316,39.22,Prek Toal meta-like virus 23,Prek Toal meta-like virus 23  isolate CAM370
HCY5WAFX2_Cambodia-Prek-Toal-Rainy-Mansonia-indiana_S19,NODE_144_length_3002_cov_1.949812,Metaviridae,Cambodia,Prek Toal,Nov-19,2019,Rainy,Mansonia indiana,182,3985178,2906316,62.62,Prek Toal meta-like virus 22,Prek Toal meta-like virus 22  isolate CAM369
HCY5WAFX2_Cambodia-Prek-Toal-Rainy-Mansonia-indiana_S19,NODE_257_length_2293_cov_0.786486,Metaviridae,Cambodia,Prek Toal,Nov-19,2019,Rainy,Mansonia indiana,148,3985178,2906316,50.92,Prek Toal meta-like virus 14,Prek Toal meta-like virus 14  isolate CAM364
HCY5WAFX2_Cambodia-Prek-Toal-Rainy-Mansonia-indiana_S19,NODE_1102_length_1132_cov_2.059490,Metaviridae,Cambodia,Prek Toal,Nov-19,2019,Rainy,Mansonia indiana,38,3985178,2906316,13.07,Prek Toal meta-like virus 10,Prek Toal meta-like virus 10  isolate CAM361
HCY5WAFX2_Cambodia-Prek-Toal-Rainy-Mansonia-indiana_S19,NODE_1283_length_1061_cov_1.070850,Metaviridae,Cambodia,Prek Toal,Nov-19,2019,Rainy,Mansonia indiana,46,3985178,2906316,15.83,Prek Toal meta-like virus 24,Prek Toal meta-like virus 24  isolate CAM371
HCY5WAFX2_Guyane-Roura-Rainy-Culex-portesi-1_S16,NODE_1_length_11279_cov_21.818490,Rhabdoviridae,Guyane,Roura,Mar-19,2019,Rainy,Culex portesi,4112,3494718,2589780,1587.78,Roura rhabdo-like virus 1,Roura rhabdo-like virus 1  isolate GUY380
HCY5WAFX2_Guyane-Roura-Rainy-Culex-portesi-1_S16,NODE_27_length_3782_cov_1.549474,Metaviridae,Guyane,Roura,Mar-19,2019,Rainy,Culex portesi,713,3494718,2589780,275.31,Roura meta-like virus 20,Roura meta-like virus 20  isolate GUY377
HCY5WAFX2_Guyane-Roura-Rainy-Culex-portesi-1_S16,NODE_37_length_3372_cov_1434.271901,Chrysoviridae,Guyane,Roura,Mar-19,2019,Rainy,Culex portesi,76720,3494718,2589780,29624.14,Roura chryso-like virus 2,Roura chryso-like virus 2  isolate GUY376
HCY5WAFX2_Guyane-Roura-Rainy-Culex-portesi-1_S16,NODE_3_length_7559_cov_65.074940,Orthototiviridae,Guyane,Roura,Mar-19,2019,Rainy,Culex portesi,8576,3494718,2589780,3311.48,Roura orthototi-like virus 1,Roura orthototi-like virus 1  isolate GUY378
HCY5WAFX2_Guyane-Roura-Rainy-Culex-portesi-1_S16,NODE_7_length_5483_cov_167.001260,Parvoviridae,Guyane,Roura,Mar-19,2019,Rainy,Culex portesi,16568,3494718,2589780,6397.45,Roura parvo-like virus 1,Roura parvo-like virus 1  isolate GUY379
HCY5WAFX2_Guyane-Roura-Rainy-Culex-portesi-2_S17,NODE_72_length_3722_cov_7.198959,Qinviridae,Guyane,Roura,Mar-19,2019,Rainy,Culex portesi,432,6234663,3971532,108.77,Roura qin-like virus 1,Roura qin-like virus 1  isolate GUY383
HCY5WAFX2_Guyane-Roura-Rainy-Culex-portesi-2_S17,NODE_108_length_3329_cov_24.692875,Amalgaviridae,Guyane,Roura,Mar-19,2019,Rainy,Culex portesi,1366,6234663,3971532,343.95,Roura amalga-like virus 1,Roura amalga-like virus 1  isolate GUY381
HCY5WAFX2_Guyane-Roura-Rainy-Culex-portesi-2_S17,NODE_1146_length_1513_cov_0.863194,Metaviridae,Guyane,Roura,Mar-19,2019,Rainy,Culex portesi,47,6234663,3971532,11.83,Roura meta-like virus 21,Roura meta-like virus 21  isolate GUY382
HG3VVBGXF_Bangui-Batalimo-Dry-Aedes-albopictus-1_S4,NODE_1_length_9188_cov_10.635436,Metaviridae,Central African Republic,Batalimo,Dec-18,2018,Dry,Aedes albopictus,2028,11931212,8438683,240.32,Batalimo meta-like virus 16,Batalimo meta-like virus 16  isolate CAR385
HG3VVBGXF_Bangui-Batalimo-Dry-Aedes-albopictus-1_S4,NODE_2230_length_1895_cov_4.334248,Metaviridae,Central African Republic,Batalimo,Dec-18,2018,Dry,Aedes albopictus,152,11931212,8438683,18.01,Batalimo meta-like virus 14,Batalimo meta-like virus 14  isolate CAR384
HG3VVBGXF_Bangui-Batalimo-Dry-Aedes-albopictus-1_S4,NODE_449_length_3236_cov_7.046791,Metaviridae,Central African Republic,Batalimo,Dec-18,2018,Dry,Aedes albopictus,580,11931212,8438683,68.73,Batalimo meta-like virus 8,Batalimo meta-like virus 8  isolate CAR390
HG3VVBGXF_Bangui-Batalimo-Dry-Aedes-albopictus-1_S4,NODE_4399_length_1436_cov_1.611886,Metaviridae,Central African Republic,Batalimo,Dec-18,2018,Dry,Aedes albopictus,173,11931212,8438683,20.5,Batalimo meta-like virus 20,Batalimo meta-like virus 20  isolate CAR389
HG3VVBGXF_Bangui-Batalimo-Dry-Aedes-albopictus-1_S4,NODE_1228_length_2371_cov_2.046997,Metaviridae,Central African Republic,Batalimo,Dec-18,2018,Dry,Aedes albopictus,1222,11931212,8438683,144.81,Batalimo meta-like virus 19,Batalimo meta-like virus 19  isolate CAR388
HG3VVBGXF_Bangui-Batalimo-Dry-Aedes-albopictus-1_S4,NODE_5776_length_1260_cov_0.882056,Metaviridae,Central African Republic,Batalimo,Dec-18,2018,Dry,Aedes albopictus,25,11931212,8438683,2.96,Batalimo meta-like virus 18,Batalimo meta-like virus 18  isolate CAR387
HG3VVBGXF_Bangui-Batalimo-Dry-Aedes-albopictus-1_S4,NODE_3215_length_1645_cov_3.346056,Metaviridae,Central African Republic,Batalimo,Dec-18,2018,Dry,Aedes albopictus,135,11931212,8438683,16,Batalimo meta-like virus 17,Batalimo meta-like virus 17  isolate CAR386
HG3VVBGXF_Bangui-Bayanga-Dry-Aedes-albopictus-1_S48,NODE_29_length_5254_cov_2.846941,Metaviridae,Central African Republic,Bayanga,Dec-18,2018,Dry,Aedes albopictus,339,4281430,3509376,96.6,Bayanga meta-like virus 11,Bayanga meta-like virus 11  isolate CAR391
HG3VVBGXF_Bangui-Bayanga-Dry-Aedes-albopictus-1_S48,NODE_2637_length_1308_cov_3.217814,Metaviridae,Central African Republic,Bayanga,Dec-18,2018,Dry,Aedes albopictus,97,4281430,3509376,27.64,Bayanga meta-like virus 7,Bayanga meta-like virus 7  isolate CAR394
HG3VVBGXF_Bangui-Bayanga-Dry-Aedes-albopictus-1_S48,NODE_3532_length_1143_cov_1.554206,Metaviridae,Central African Republic,Bayanga,Dec-18,2018,Dry,Aedes albopictus,96,4281430,3509376,27.35,Bayanga meta-like virus 12,Bayanga meta-like virus 12  isolate CAR392
HG3VVBGXF_Bangui-Bayanga-Dry-Aedes-albopictus-1_S48,NODE_3133_length_1203_cov_0.981416,Metaviridae,Central African Republic,Bayanga,Dec-18,2018,Dry,Aedes albopictus,35,4281430,3509376,9.97,Bayanga meta-like virus 6,Bayanga meta-like virus 6  isolate CAR393
HG3VVBGXF_Bangui-Bayanga-Dry-Aedes-albopictus-2_S49,NODE_1600_length_1800_cov_1.167921,Metaviridae,Central African Republic,Bayanga,Dec-18,2018,Dry,Aedes albopictus,65,4845644,4024013,16.15,Bayanga meta-like virus 14,Bayanga meta-like virus 14  isolate CAR397
HG3VVBGXF_Bangui-Bayanga-Dry-Aedes-albopictus-2_S49,NODE_976_length_2164_cov_2.051650,Metaviridae,Central African Republic,Bayanga,Dec-18,2018,Dry,Aedes albopictus,103,4845644,4024013,25.6,Bayanga meta-like virus 13,Bayanga meta-like virus 13  isolate CAR396
HG3VVBGXF_Bangui-Bayanga-Dry-Aedes-albopictus-2_S49,NODE_2545_length_1475_cov_2.984308,Metaviridae,Central African Republic,Bayanga,Dec-18,2018,Dry,Aedes albopictus,163,4845644,4024013,40.5,Bayanga meta-like virus 12,Bayanga meta-like virus 12  isolate CAR395
HG3VVBGXF_Bangui-Bayanga-Dry-Aedes-albopictus-3_S50,NODE_59_length_6667_cov_6.905975,Metaviridae,Central African Republic,Bayanga,Dec-18,2018,Dry,Aedes albopictus,1271,19653834,16348739,77.74,Bayanga meta-like virus 7,Bayanga meta-like virus 7  isolate CAR407
HG3VVBGXF_Bangui-Bayanga-Dry-Aedes-albopictus-3_S50,NODE_76_length_6249_cov_5.713569,Metaviridae,Central African Republic,Bayanga,Dec-18,2018,Dry,Aedes albopictus,789,19653834,16348739,48.26,Bayanga meta-like virus 9,Bayanga meta-like virus 9  isolate CAR408
HG3VVBGXF_Bangui-Bayanga-Dry-Aedes-albopictus-3_S50,NODE_498_length_4062_cov_8.419403,Metaviridae,Central African Republic,Bayanga,Dec-18,2018,Dry,Aedes albopictus,894,19653834,16348739,54.68,Bayanga meta-like virus 12,Bayanga meta-like virus 12  isolate CAR400
HG3VVBGXF_Bangui-Bayanga-Dry-Aedes-albopictus-3_S50,NODE_462_length_4131_cov_3.523411,Metaviridae,Central African Republic,Bayanga,Dec-18,2018,Dry,Aedes albopictus,389,19653834,16348739,23.79,Bayanga meta-like virus 18,Bayanga meta-like virus 18  isolate CAR404
HG3VVBGXF_Bangui-Bayanga-Dry-Aedes-albopictus-3_S50,NODE_1678_length_2667_cov_2.659985,Metaviridae,Central African Republic,Bayanga,Dec-18,2018,Dry,Aedes albopictus,290,19653834,16348739,17.73,Bayanga meta-like virus 15,Bayanga meta-like virus 15  isolate CAR401
HG3VVBGXF_Bangui-Bayanga-Dry-Aedes-albopictus-3_S50,NODE_3374_length_2026_cov_3.165387,Metaviridae,Central African Republic,Bayanga,Dec-18,2018,Dry,Aedes albopictus,195,19653834,16348739,11.93,Bayanga meta-like virus 19,Bayanga meta-like virus 19  isolate CAR405
HG3VVBGXF_Bangui-Bayanga-Dry-Aedes-albopictus-3_S50,NODE_151_length_5406_cov_6.219014,Metaviridae,Central African Republic,Bayanga,Dec-18,2018,Dry,Aedes albopictus,813,19653834,16348739,49.73,Bayanga meta-like virus 11,Bayanga meta-like virus 11  isolate CAR399
HG3VVBGXF_Bangui-Bayanga-Dry-Aedes-albopictus-3_S50,NODE_5067_length_1706_cov_3.165952,Metaviridae,Central African Republic,Bayanga,Dec-18,2018,Dry,Aedes albopictus,180,19653834,16348739,11.01,Bayanga meta-like virus 6,Bayanga meta-like virus 6  isolate CAR406
HG3VVBGXF_Bangui-Bayanga-Dry-Aedes-albopictus-3_S50,NODE_5103_length_1702_cov_2.526703,Metaviridae,Central African Republic,Bayanga,Dec-18,2018,Dry,Aedes albopictus,180,19653834,16348739,11.01,Bayanga meta-like virus 17,Bayanga meta-like virus 17  isolate CAR403
HG3VVBGXF_Bangui-Bayanga-Dry-Aedes-albopictus-3_S50,NODE_4887_length_1732_cov_3.221218,Metaviridae,Central African Republic,Bayanga,Dec-18,2018,Dry,Aedes albopictus,175,19653834,16348739,10.7,Bayanga meta-like virus 16,Bayanga meta-like virus 16  isolate CAR402
HG3VVBGXF_Bangui-Bayanga-Dry-Aedes-albopictus-3_S50,NODE_3987_length_1888_cov_2.625344,Metaviridae,Central African Republic,Bayanga,Dec-18,2018,Dry,Aedes albopictus,106,19653834,16348739,6.48,Bayanga meta-like virus 10,Bayanga meta-like virus 10  isolate CAR398
HG3VVBGXF_Bangui-Bayanga-Dry-Aedes-albopictus-4_S51,NODE_4232_length_1001_cov_1.212284,Metaviridae,Central African Republic,Bayanga,Dec-18,2018,Dry,Aedes albopictus,30,3577073,2869281,10.46,Bayanga meta-like virus 8,Bayanga meta-like virus 8  isolate CAR411
HG3VVBGXF_Bangui-Bayanga-Dry-Aedes-albopictus-4_S51,NODE_2972_length_1182_cov_2.110911,Metaviridae,Central African Republic,Bayanga,Dec-18,2018,Dry,Aedes albopictus,125,3577073,2869281,43.56,Bayanga meta-like virus 20,Bayanga meta-like virus 20  isolate CAR409
HG3VVBGXF_Bangui-Bayanga-Dry-Aedes-albopictus-4_S51,NODE_2363_length_1307_cov_1.615073,Metaviridae,Central African Republic,Bayanga,Dec-18,2018,Dry,Aedes albopictus,58,3577073,2869281,20.21,Bayanga meta-like virus 7,Bayanga meta-like virus 7  isolate CAR410
HG3VVBGXF_Bangui-Bayanga-Dry-Culex-quinquefasciatus-1_S34,NODE_3_length_13311_cov_496.024853,Kitaviridae,Central African Republic,Bayanga,Dec-18,2018,Dry,Culex quinquefasciatus,108032,9329953,8850841,12205.85,Bayanga kita-like virus 1,Bayanga kita-like virus 1  isolate CAR412
HG3VVBGXF_Bangui-Bayanga-Dry-Culex-quinquefasciatus-1_S34,NODE_7_length_12130_cov_4133.860081,Chuviridae,Central African Republic,Bayanga,Dec-18,2018,Dry,Culex quinquefasciatus,768570,9329953,8850841,86835.82,Wuhan Mosquito Virus 8,Wuhan Mosquito Virus 8  isolate CAR414
HG3VVBGXF_Bangui-Bayanga-Dry-Culex-quinquefasciatus-1_S34,NODE_86_length_5218_cov_283.836735,Flaviviridae,Central African Republic,Bayanga,Dec-18,2018,Dry,Culex quinquefasciatus,80318,9329953,8850841,9074.62,Culex flavivirus,Culex flavivirus  isolate CAR413
HG3VVBGXF_Bangui-Bayanga-Dry-Culex-quinquefasciatus-2_S35,NODE_1_length_10857_cov_277.003709,Flaviviridae,Central African Republic,Bayanga,Dec-18,2018,Dry,Culex quinquefasciatus,52745,6182315,5745048,9180.95,Culex flavivirus,Culex flavivirus  isolate CAR415
HG3VVBGXF_Bangui-Bayanga-Dry-Culex-quinquefasciatus-3_S36,NODE_12_length_5806_cov_179.135357,Kitaviridae,Central African Republic,Bayanga,Dec-18,2018,Dry,Culex quinquefasciatus,48493,4151496,3837857,12635.44,Bayanga kita-like virus 1,Bayanga kita-like virus 1  isolate CAR416
HG3VVBGXF_Bangui-Bayanga-Dry-Culex-quinquefasciatus-3_S36,NODE_15_length_5455_cov_94.074136,Flaviviridae,Central African Republic,Bayanga,Dec-18,2018,Dry,Culex quinquefasciatus,26689,4151496,3837857,6954.15,Culex flavivirus,Culex flavivirus  isolate CAR417
HG3VVBGXF_Bangui-Bayanga-Dry-Culex-quinquefasciatus-4_S37,NODE_1_length_13547_cov_596.899807,Kitaviridae,Central African Republic,Bayanga,Dec-18,2018,Dry,Culex quinquefasciatus,138415,4698827,4508911,30698.1,Bayanga kita-like virus 1,Bayanga kita-like virus 1  isolate CAR418
HG3VVBGXF_Bangui-Bayanga-Dry-Culex-quinquefasciatus-4_S37,NODE_3_length_12356_cov_3889.376130,Chuviridae,Central African Republic,Bayanga,Dec-18,2018,Dry,Culex quinquefasciatus,736689,4698827,4508911,163385.13,Wuhan Mosquito Virus 8,Wuhan Mosquito Virus 8  isolate CAR420
HG3VVBGXF_Bangui-Bayanga-Dry-Culex-quinquefasciatus-4_S37,NODE_21_length_5218_cov_75.064529,Flaviviridae,Central African Republic,Bayanga,Dec-18,2018,Dry,Culex quinquefasciatus,48301,4698827,4508911,10712.34,Culex flavivirus,Culex flavivirus  isolate CAR419
HG3VVBGXF_Bangui-Gbozo-Dry-Anopheles-funestus-1_S39,NODE_4_length_9095_cov_58.515739,Virgaviridae,Central African Republic,Gbozo,Apr-19,2019,Dry,Anopheles funestus,8813,4449491,4348248,2026.79,Hubei virga-like virus 1,Hubei virga-like virus 1  isolate CAR429
HG3VVBGXF_Bangui-Gbozo-Dry-Anopheles-funestus-1_S39,NODE_28_length_6141_cov_6.052736,Metaviridae,Central African Republic,Gbozo,Apr-19,2019,Dry,Anopheles funestus,813,4449491,4348248,186.97,Gbozo meta-like virus 15,Gbozo meta-like virus 15  isolate CAR424
HG3VVBGXF_Bangui-Gbozo-Dry-Anopheles-funestus-1_S39,NODE_76_length_4880_cov_3.960474,Metaviridae,Central African Republic,Gbozo,Apr-19,2019,Dry,Anopheles funestus,434,4449491,4348248,99.81,Gbozo meta-like virus 16,Gbozo meta-like virus 16  isolate CAR425
HG3VVBGXF_Bangui-Gbozo-Dry-Anopheles-funestus-1_S39,NODE_161_length_3496_cov_4.703769,Orthototiviridae,Central African Republic,Gbozo,Apr-19,2019,Dry,Anopheles funestus,464,4449491,4348248,106.71,Gbozo orthototi-like virus 2,Gbozo orthototi-like virus 2  isolate CAR428
HG3VVBGXF_Bangui-Gbozo-Dry-Anopheles-funestus-1_S39,NODE_153_length_3597_cov_3.838536,Metaviridae,Central African Republic,Gbozo,Apr-19,2019,Dry,Anopheles funestus,363,4449491,4348248,83.48,Gbozo meta-like virus 17,Gbozo meta-like virus 17  isolate CAR426
HG3VVBGXF_Bangui-Gbozo-Dry-Anopheles-funestus-1_S39,NODE_2249_length_1726_cov_1.277677,Metaviridae,Central African Republic,Gbozo,Apr-19,2019,Dry,Anopheles funestus,51,4449491,4348248,11.73,Gbozo meta-like virus 13,Gbozo meta-like virus 13  isolate CAR422
HG3VVBGXF_Bangui-Gbozo-Dry-Anopheles-funestus-1_S39,NODE_7813_length_1265_cov_0.954698,Metaviridae,Central African Republic,Gbozo,Apr-19,2019,Dry,Anopheles funestus,39,4449491,4348248,8.97,Gbozo meta-like virus 18,Gbozo meta-like virus 18  isolate CAR427
HG3VVBGXF_Bangui-Gbozo-Dry-Anopheles-funestus-1_S39,NODE_874_length_2156_cov_3.485358,Metaviridae,Central African Republic,Gbozo,Apr-19,2019,Dry,Anopheles funestus,217,4449491,4348248,49.91,Gbozo meta-like virus 14,Gbozo meta-like virus 14  isolate CAR423
HG3VVBGXF_Bangui-Gbozo-Dry-Anopheles-funestus-1_S39,NODE_184_length_3346_cov_2.738772,Kitaviridae,Central African Republic,Gbozo,Apr-19,2019,Dry,Anopheles funestus,163,4449491,4348248,37.49,Gbozo kita-like virus 1,Gbozo kita-like virus 1  isolate CAR421
HG3VVBGXF_Bangui-Gbozo-Dry-Anopheles-funestus-2_S40,NODE_1_length_10702_cov_82.464390,Kitaviridae,Central African Republic,Gbozo,Apr-19,2019,Dry,Anopheles funestus,14289,4842329,4637562,3081.14,Gbozo kita-like virus 2,Gbozo kita-like virus 2  isolate CAR430
HG3VVBGXF_Bangui-Gbozo-Dry-Anopheles-funestus-2_S40,NODE_97_length_4479_cov_911.503631,Sedoreovirales,Central African Republic,Gbozo,Apr-19,2019,Dry,Anopheles funestus,64155,4842329,4637562,13833.78,Gbozo sedoreo-like virus 1,Gbozo sedoreo-like virus 1  isolate CAR437
HG3VVBGXF_Bangui-Gbozo-Dry-Anopheles-funestus-2_S40,NODE_342_length_2730_cov_3.880693,Metaviridae,Central African Republic,Gbozo,Apr-19,2019,Dry,Anopheles funestus,203,4842329,4637562,43.77,Gbozo meta-like virus 16,Gbozo meta-like virus 16  isolate CAR434
HG3VVBGXF_Bangui-Gbozo-Dry-Anopheles-funestus-2_S40,NODE_1056_length_2043_cov_1.437563,Metaviridae,Central African Republic,Gbozo,Apr-19,2019,Dry,Anopheles funestus,74,4842329,4637562,15.96,Gbozo meta-like virus 13,Gbozo meta-like virus 13  isolate CAR431
HG3VVBGXF_Bangui-Gbozo-Dry-Anopheles-funestus-2_S40,NODE_1039_length_2056_cov_1.969743,Metaviridae,Central African Republic,Gbozo,Apr-19,2019,Dry,Anopheles funestus,110,4842329,4637562,23.72,Gbozo meta-like virus 14,Gbozo meta-like virus 14  isolate CAR432
HG3VVBGXF_Bangui-Gbozo-Dry-Anopheles-funestus-2_S40,NODE_67_length_4898_cov_2.666114,Metaviridae,Central African Republic,Gbozo,Apr-19,2019,Dry,Anopheles funestus,287,4842329,4637562,61.89,Gbozo meta-like virus 17,Gbozo meta-like virus 17  isolate CAR435
HG3VVBGXF_Bangui-Gbozo-Dry-Anopheles-funestus-2_S40,NODE_666_length_2317_cov_3.965241,Metaviridae,Central African Republic,Gbozo,Apr-19,2019,Dry,Anopheles funestus,465,4842329,4637562,100.27,Gbozo meta-like virus 15,Gbozo meta-like virus 15  isolate CAR433
HG3VVBGXF_Bangui-Gbozo-Dry-Anopheles-funestus-2_S40,NODE_308_length_2846_cov_918.514605,Solemoviridae,Central African Republic,Gbozo,Apr-19,2019,Dry,Anopheles funestus,40110,4842329,4637562,8648.94,Gbozo solemo-like virus 1,Gbozo solemo-like virus 1  isolate CAR438
HG3VVBGXF_Bangui-Gbozo-Dry-Anopheles-funestus-2_S40,NODE_10815_length_1102_cov_1.530612,Rhabdoviridae,Central African Republic,Gbozo,Apr-19,2019,Dry,Anopheles funestus,31,4842329,4637562,6.68,Gbozo rhabdo-like virus 1,Gbozo rhabdo-like virus 1  isolate CAR436
HG3VVBGXF_Bangui-Gbozo-Dry-Anopheles-gambiae_S38,NODE_732_length_1582_cov_1.840292,Metaviridae,Central African Republic,Gbozo,Apr-19,2019,Dry,Anopheles gambiae,98,5368829,4605074,21.28,Gbozo meta-like virus 20,Gbozo meta-like virus 20  isolate CAR440
HG3VVBGXF_Bangui-Gbozo-Dry-Anopheles-gambiae_S38,NODE_1316_length_1285_cov_1.356436,Metaviridae,Central African Republic,Gbozo,Apr-19,2019,Dry,Anopheles gambiae,39,5368829,4605074,8.47,Gbozo meta-like virus 19,Gbozo meta-like virus 19  isolate CAR439
HG3VVBGXF_Bangui-Gbozo-Rainy-Aedes-aegypti-1_S41,NODE_15_length_6849_cov_782.233619,Phenuiviridae,Central African Republic,Gbozo,Aug-19,2019,Rainy,Aedes aegypti,85004,4228703,4063043,20921.27,Phasivirus phasiense,Phasivirus phasiense  isolate CAR446
HG3VVBGXF_Bangui-Gbozo-Rainy-Aedes-aegypti-1_S41,NODE_77_length_3716_cov_2.282185,Metaviridae,Central African Republic,Gbozo,Aug-19,2019,Rainy,Aedes aegypti,164,4228703,4063043,40.36,Gbozo meta-like virus 8,Gbozo meta-like virus 8  isolate CAR445
HG3VVBGXF_Bangui-Gbozo-Rainy-Aedes-aegypti-1_S41,NODE_230_length_2611_cov_2.845548,Metaviridae,Central African Republic,Gbozo,Aug-19,2019,Rainy,Aedes aegypti,160,4228703,4063043,39.38,Gbozo meta-like virus 3,Gbozo meta-like virus 3  isolate CAR442
HG3VVBGXF_Bangui-Gbozo-Rainy-Aedes-aegypti-1_S41,NODE_193_length_2775_cov_4.382679,Metaviridae,Central African Republic,Gbozo,Aug-19,2019,Rainy,Aedes aegypti,253,4228703,4063043,62.27,Gbozo meta-like virus 7,Gbozo meta-like virus 7  isolate CAR444
HG3VVBGXF_Bangui-Gbozo-Rainy-Aedes-aegypti-1_S41,NODE_2301_length_1109_cov_1.737452,Metaviridae,Central African Republic,Gbozo,Aug-19,2019,Rainy,Aedes aegypti,81,4228703,4063043,19.94,Gbozo meta-like virus 2,Gbozo meta-like virus 2  isolate CAR441
HG3VVBGXF_Bangui-Gbozo-Rainy-Aedes-aegypti-1_S41,NODE_2264_length_1118_cov_1.960766,Metaviridae,Central African Republic,Gbozo,Aug-19,2019,Rainy,Aedes aegypti,37,4228703,4063043,9.11,Gbozo meta-like virus 5,Gbozo meta-like virus 5  isolate CAR443
HG3VVBGXF_Bangui-Gbozo-Rainy-Aedes-aegypti-2_S42,NODE_11_length_6810_cov_156.628024,Phenuiviridae,Central African Republic,Gbozo,Aug-19,2019,Rainy,Aedes aegypti,17158,6600581,6366453,2695.06,Phasivirus phasiense,Phasivirus phasiense  isolate CAR453
HG3VVBGXF_Bangui-Gbozo-Rainy-Aedes-aegypti-2_S42,NODE_61_length_4552_cov_1.834338,Metaviridae,Central African Republic,Gbozo,Aug-19,2019,Rainy,Aedes aegypti,346,6600581,6366453,54.35,Gbozo meta-like virus 9,Gbozo meta-like virus 9  isolate CAR452
HG3VVBGXF_Bangui-Gbozo-Rainy-Aedes-aegypti-2_S42,NODE_9_length_6878_cov_3.855694,Metaviridae,Central African Republic,Gbozo,Aug-19,2019,Rainy,Aedes aegypti,570,6600581,6366453,89.53,Gbozo meta-like virus 10,Gbozo meta-like virus 10  isolate CAR448
HG3VVBGXF_Bangui-Gbozo-Rainy-Aedes-aegypti-2_S42,NODE_14_length_6438_cov_3.898665,Metaviridae,Central African Republic,Gbozo,Aug-19,2019,Rainy,Aedes aegypti,589,6600581,6366453,92.52,Gbozo meta-like virus 3,Gbozo meta-like virus 3  isolate CAR451
HG3VVBGXF_Bangui-Gbozo-Rainy-Aedes-aegypti-2_S42,NODE_1516_length_1422_cov_1.443291,Metaviridae,Central African Republic,Gbozo,Aug-19,2019,Rainy,Aedes aegypti,81,6600581,6366453,12.72,Gbozo meta-like virus 11,Gbozo meta-like virus 11  isolate CAR449
HG3VVBGXF_Bangui-Gbozo-Rainy-Aedes-aegypti-2_S42,NODE_2164_length_1251_cov_1.295416,Metaviridae,Central African Republic,Gbozo,Aug-19,2019,Rainy,Aedes aegypti,31,6600581,6366453,4.87,Gbozo meta-like virus 12,Gbozo meta-like virus 12  isolate CAR450
HG3VVBGXF_Bangui-Gbozo-Rainy-Aedes-aegypti-2_S42,NODE_2306_length_1220_cov_2.631212,Deltaflexiviridae,Central African Republic,Gbozo,Aug-19,2019,Rainy,Aedes aegypti,55,6600581,6366453,8.64,Cubel,Cubel  isolate CAR447
HG3VVBGXF_Bangui-Gbozo-Rainy-Anopheles-funestus-2_S58,NODE_49_length_4470_cov_1562.275415,Sedoreovirales,Central African Republic,Gbozo,Aug-19,2019,Rainy,Anopheles funestus,103990,6612618,5330268,19509.34,Gbozo sedoreo-like virus 1,Gbozo sedoreo-like virus 1  isolate CAR459
HG3VVBGXF_Bangui-Gbozo-Rainy-Anopheles-funestus-2_S58,NODE_2_length_7130_cov_57.321241,Orthototiviridae,Central African Republic,Gbozo,Aug-19,2019,Rainy,Anopheles funestus,6720,6612618,5330268,1260.72,Gbozo orthototi-like virus 2,Gbozo orthototi-like virus 2  isolate CAR457
HG3VVBGXF_Bangui-Gbozo-Rainy-Anopheles-funestus-2_S58,NODE_19_length_5729_cov_3.176096,Metaviridae,Central African Republic,Gbozo,Aug-19,2019,Rainy,Anopheles funestus,394,6612618,5330268,73.92,Gbozo meta-like virus 15,Gbozo meta-like virus 15  isolate CAR455
HG3VVBGXF_Bangui-Gbozo-Rainy-Anopheles-funestus-2_S58,NODE_436_length_1468_cov_18.956272,Partitiviridae,Central African Republic,Gbozo,Aug-19,2019,Rainy,Anopheles funestus,435,6612618,5330268,81.61,Gbozo partiti-like virus 1,Gbozo partiti-like virus 1  isolate CAR458
HG3VVBGXF_Bangui-Gbozo-Rainy-Anopheles-funestus-2_S58,NODE_440_length_1466_cov_1.409189,Metaviridae,Central African Republic,Gbozo,Aug-19,2019,Rainy,Anopheles funestus,42,6612618,5330268,7.88,Gbozo meta-like virus 14,Gbozo meta-like virus 14  isolate CAR454
HG3VVBGXF_Bangui-Gbozo-Rainy-Anopheles-funestus-2_S58,NODE_967_length_1157_cov_1.295203,Metaviridae,Central African Republic,Gbozo,Aug-19,2019,Rainy,Anopheles funestus,33,6612618,5330268,6.19,Gbozo meta-like virus 17,Gbozo meta-like virus 17  isolate CAR456
HG3VVBGXF_Bangui-Gbozo-Rainy-Anopheles-funestus-2_S58,NODE_954_length_1161_cov_3.767463,Solemoviridae,Central African Republic,Gbozo,Aug-19,2019,Rainy,Anopheles funestus,64,6612618,5330268,12.01,Gbozo solemo-like virus 1,Gbozo solemo-like virus 1  isolate CAR460
HG3VVBGXF_Bangui-Gbozo-Rainy-Anopheles-gambiae-3_S54,NODE_2418_length_1139_cov_1.870544,Metaviridae,Central African Republic,Gbozo,Aug-19,2019,Rainy,Anopheles gambiae,41,5051702,3330337,12.31,Gbozo meta-like virus 20,Gbozo meta-like virus 20  isolate CAR461
HG3VVBGXF_Bangui-Gbozo-Rainy-Anopheles-gambiae-5_S56,NODE_12_length_6498_cov_1962.664280,Inseviridae,Central African Republic,Gbozo,Aug-19,2019,Rainy,Anopheles gambiae,190946,2720887,2587178,73804.74,Gbozo inse-like virus 2,Gbozo inse-like virus 2  isolate CAR462
HG3VVBGXF_Bangui-Mbaiki-Dry-Aedes-aegypti-1_S1,NODE_17_length_6835_cov_638.093168,Phenuiviridae,Central African Republic,Mbaiki,Jan-19,2019,Dry,Aedes aegypti,67612,5668241,5311668,12728.96,Phasivirus phasiense,Phasivirus phasiense  isolate CAR471
HG3VVBGXF_Bangui-Mbaiki-Dry-Aedes-aegypti-1_S1,NODE_3_length_12302_cov_2388.637746,Rhabdoviridae,Central African Republic,Mbaiki,Jan-19,2019,Dry,Aedes aegypti,445550,5668241,5311668,83881.37,Mbaiki rhabdo-like virus 1,Mbaiki rhabdo-like virus 1  isolate CAR469
HG3VVBGXF_Bangui-Mbaiki-Dry-Aedes-aegypti-1_S1,NODE_484_length_2468_cov_181.940292,Orthomyxoviridae,Central African Republic,Mbaiki,Jan-19,2019,Dry,Aedes aegypti,7001,5668241,5311668,1318.04,Mosquito orthomyxo-like virus YN2,Mosquito orthomyxo-like virus YN2  isolate CAR470
HG3VVBGXF_Bangui-Mbaiki-Dry-Aedes-aegypti-1_S1,NODE_267_length_3019_cov_2.889681,Metaviridae,Central African Republic,Mbaiki,Jan-19,2019,Dry,Aedes aegypti,404,5668241,5311668,76.06,Mbaiki meta-like virus 4,Mbaiki meta-like virus 4  isolate CAR466
HG3VVBGXF_Bangui-Mbaiki-Dry-Aedes-aegypti-1_S1,NODE_984_length_1860_cov_1.264130,Metaviridae,Central African Republic,Mbaiki,Jan-19,2019,Dry,Aedes aegypti,103,5668241,5311668,19.39,Mbaiki meta-like virus 3,Mbaiki meta-like virus 3  isolate CAR465
HG3VVBGXF_Bangui-Mbaiki-Dry-Aedes-aegypti-1_S1,NODE_2903_length_1162_cov_2.261708,Deltaflexiviridae,Central African Republic,Mbaiki,Jan-19,2019,Dry,Aedes aegypti,59,5668241,5311668,11.11,Cubel,Cubel  isolate CAR463
HG3VVBGXF_Bangui-Mbaiki-Dry-Aedes-aegypti-1_S1,NODE_2186_length_1324_cov_1.683453,Metaviridae,Central African Republic,Mbaiki,Jan-19,2019,Dry,Aedes aegypti,54,5668241,5311668,10.17,Mbaiki meta-like virus 9,Mbaiki meta-like virus 9  isolate CAR468
HG3VVBGXF_Bangui-Mbaiki-Dry-Aedes-aegypti-1_S1,NODE_3097_length_1121_cov_3.089695,Metaviridae,Central African Republic,Mbaiki,Jan-19,2019,Dry,Aedes aegypti,62,5668241,5311668,11.67,Mbaiki meta-like virus 6,Mbaiki meta-like virus 6  isolate CAR467
HG3VVBGXF_Bangui-Mbaiki-Dry-Aedes-aegypti-1_S1,NODE_1915_length_1398_cov_4.531321,Metaviridae,Central African Republic,Mbaiki,Jan-19,2019,Dry,Aedes aegypti,135,5668241,5311668,25.42,Mbaiki meta-like virus 2,Mbaiki meta-like virus 2  isolate CAR464
HG3VVBGXF_Bangui-Mbaiki-Dry-Aedes-aegypti-2_S2,NODE_4_length_12304_cov_1906.341591,Rhabdoviridae,Central African Republic,Mbaiki,Jan-19,2019,Dry,Aedes aegypti,365521,6515984,5848535,62497.87,Mbaiki rhabdo-like virus 1,Mbaiki rhabdo-like virus 1  isolate CAR475
HG3VVBGXF_Bangui-Mbaiki-Dry-Aedes-aegypti-2_S2,NODE_412_length_2445_cov_7.812395,Orthomyxoviridae,Central African Republic,Mbaiki,Jan-19,2019,Dry,Aedes aegypti,300,6515984,5848535,51.29,Mosquito orthomyxo-like virus YN2,Mosquito orthomyxo-like virus YN2  isolate CAR476
HG3VVBGXF_Bangui-Mbaiki-Dry-Aedes-aegypti-2_S2,NODE_505_length_2268_cov_2.960820,Metaviridae,Central African Republic,Mbaiki,Jan-19,2019,Dry,Aedes aegypti,248,6515984,5848535,42.4,Mbaiki meta-like virus 4,Mbaiki meta-like virus 4  isolate CAR474
HG3VVBGXF_Bangui-Mbaiki-Dry-Aedes-aegypti-2_S2,NODE_1756_length_1409_cov_4.393713,Deltaflexiviridae,Central African Republic,Mbaiki,Jan-19,2019,Dry,Aedes aegypti,113,6515984,5848535,19.32,Mbaiki deltaflexi-like virus 1,Mbaiki deltaflexi-like virus 1  isolate CAR472
HG3VVBGXF_Bangui-Mbaiki-Dry-Aedes-aegypti-2_S2,NODE_3174_length_1085_cov_2.927866,Metaviridae,Central African Republic,Mbaiki,Jan-19,2019,Dry,Aedes aegypti,306,6515984,5848535,52.32,Mbaiki meta-like virus 2,Mbaiki meta-like virus 2  isolate CAR473
HG3VVBGXF_Bangui-Mbaiki-Dry-Aedes-aegypti-3_S3,NODE_25_length_6862_cov_1929.972161,Phenuiviridae,Central African Republic,Mbaiki,Jan-19,2019,Dry,Aedes aegypti,206066,12265366,11501071,17917.11,Phasivirus phasiense,Phasivirus phasiense  isolate CAR483
HG3VVBGXF_Bangui-Mbaiki-Dry-Aedes-aegypti-3_S3,NODE_5_length_12328_cov_4640.066014,Rhabdoviridae,Central African Republic,Mbaiki,Jan-19,2019,Dry,Aedes aegypti,878670,12265366,11501071,76398.97,Mbaiki rhabdo-like virus 1,Mbaiki rhabdo-like virus 1  isolate CAR481
HG3VVBGXF_Bangui-Mbaiki-Dry-Aedes-aegypti-3_S3,NODE_21_length_7312_cov_8.608786,Metaviridae,Central African Republic,Mbaiki,Jan-19,2019,Dry,Aedes aegypti,2954,12265366,11501071,256.85,Mbaiki meta-like virus 4,Mbaiki meta-like virus 4  isolate CAR480
HG3VVBGXF_Bangui-Mbaiki-Dry-Aedes-aegypti-3_S3,NODE_862_length_2465_cov_813.643395,Orthomyxoviridae,Central African Republic,Mbaiki,Jan-19,2019,Dry,Aedes aegypti,30363,12265366,11501071,2640.02,Mosquito orthomyxo-like virus YN2,Mosquito orthomyxo-like virus YN2  isolate CAR482
HG3VVBGXF_Bangui-Mbaiki-Dry-Aedes-aegypti-3_S3,NODE_951_length_2390_cov_2.522227,Metaviridae,Central African Republic,Mbaiki,Jan-19,2019,Dry,Aedes aegypti,113,12265366,11501071,9.83,Mbaiki meta-like virus 1,Mbaiki meta-like virus 1  isolate CAR478
HG3VVBGXF_Bangui-Mbaiki-Dry-Aedes-aegypti-3_S3,NODE_827_length_2500_cov_6.829419,Deltaflexiviridae,Central African Republic,Mbaiki,Jan-19,2019,Dry,Aedes aegypti,353,12265366,11501071,30.69,Mbaiki deltaflexi-like virus 2,Mbaiki deltaflexi-like virus 2  isolate CAR477
HG3VVBGXF_Bangui-Mbaiki-Dry-Aedes-aegypti-3_S3,NODE_1576_length_1966_cov_4.083994,Metaviridae,Central African Republic,Mbaiki,Jan-19,2019,Dry,Aedes aegypti,559,12265366,11501071,48.6,Mbaiki meta-like virus 2,Mbaiki meta-like virus 2  isolate CAR479
HG3VVBGXF_Bangui-Mbaiki-Dry-Aedes-albopictus-1_S6,NODE_2857_length_1014_cov_1.590861,Metaviridae,Central African Republic,Mbaiki,Jan-19,2019,Dry,Aedes albopictus,23,6519411,5172896,4.45,Mbaiki meta-like virus 17,Mbaiki meta-like virus 17  isolate CAR484
HG3VVBGXF_Bangui-Mbaiki-Dry-Aedes-albopictus-3_S8,NODE_801_length_1636_cov_1.957774,Metaviridae,Central African Republic,Mbaiki,Jan-19,2019,Dry,Aedes albopictus,79,5249196,4326616,18.26,Mbaiki meta-like virus 21,Mbaiki meta-like virus 21  isolate CAR485
HG3VVBGXF_Bangui-Mbaiki-Rainy-Aedes-aegypti-1_S59,NODE_10_length_6854_cov_2791.853561,Phenuiviridae,Central African Republic,Mbaiki,Oct-19,2019,Rainy,Aedes aegypti,304538,10987064,8727287,34894.92,Phasivirus phasiense,Phasivirus phasiense  isolate CAR492
HG3VVBGXF_Bangui-Mbaiki-Rainy-Aedes-aegypti-1_S59,NODE_17_length_6152_cov_694.514887,Inseviridae,Central African Republic,Mbaiki,Oct-19,2019,Rainy,Aedes aegypti,74834,10987064,8727287,8574.72,Mbaiki inse-like virus 2,Mbaiki inse-like virus 2  isolate CAR487
HG3VVBGXF_Bangui-Mbaiki-Rainy-Aedes-aegypti-1_S59,NODE_49_length_4398_cov_5404.834913,Inseviridae,Central African Republic,Mbaiki,Oct-19,2019,Rainy,Aedes aegypti,350889,10987064,8727287,40205.97,Mbaiki inse-like virus 1,Mbaiki inse-like virus 1  isolate CAR486
HG3VVBGXF_Bangui-Mbaiki-Rainy-Aedes-aegypti-1_S59,NODE_51_length_4370_cov_2243.910635,Inseviridae,Central African Republic,Mbaiki,Oct-19,2019,Rainy,Aedes aegypti,147063,10987064,8727287,16850.94,Mbaiki inse-like virus 3,Mbaiki inse-like virus 3  isolate CAR488
HG3VVBGXF_Bangui-Mbaiki-Rainy-Aedes-aegypti-1_S59,NODE_5_length_7107_cov_6.263861,Metaviridae,Central African Republic,Mbaiki,Oct-19,2019,Rainy,Aedes aegypti,8828,10987064,8727287,1011.54,Mbaiki meta-like virus 4,Mbaiki meta-like virus 4  isolate CAR490
HG3VVBGXF_Bangui-Mbaiki-Rainy-Aedes-aegypti-1_S59,NODE_757_length_1532_cov_5511.911583,Inseviridae,Central African Republic,Mbaiki,Oct-19,2019,Rainy,Aedes aegypti,130791,10987064,8727287,14986.44,Mosquito toti-like virus XZ15,Mosquito toti-like virus XZ15  isolate CAR491
HG3VVBGXF_Bangui-Mbaiki-Rainy-Aedes-aegypti-1_S59,NODE_1692_length_1127_cov_1.635674,Metaviridae,Central African Republic,Mbaiki,Oct-19,2019,Rainy,Aedes aegypti,1675,10987064,8727287,191.93,Mbaiki meta-like virus 10,Mbaiki meta-like virus 10  isolate CAR489
HG3VVBGXF_Bangui-Mbaiki-Rainy-Aedes-aegypti-2_S60,NODE_19_length_5301_cov_4.255356,Phenuiviridae,Central African Republic,Mbaiki,Oct-19,2019,Rainy,Aedes aegypti,352,5965271,5739549,61.33,Phasivirus phasiense,Phasivirus phasiense  isolate CAR502
HG3VVBGXF_Bangui-Mbaiki-Rainy-Aedes-aegypti-2_S60,NODE_3_length_6148_cov_810.442140,Inseviridae,Central African Republic,Mbaiki,Oct-19,2019,Rainy,Aedes aegypti,77641,5965271,5739549,13527.37,Mbaiki inse-like virus 2,Mbaiki inse-like virus 2  isolate CAR494
HG3VVBGXF_Bangui-Mbaiki-Rainy-Aedes-aegypti-2_S60,NODE_38_length_4289_cov_4405.008302,Inseviridae,Central African Republic,Mbaiki,Oct-19,2019,Rainy,Aedes aegypti,281850,5965271,5739549,49106.65,Mbaiki inse-like virus 3,Mbaiki inse-like virus 3  isolate CAR495
HG3VVBGXF_Bangui-Mbaiki-Rainy-Aedes-aegypti-2_S60,NODE_41_length_4278_cov_756.511534,Inseviridae,Central African Republic,Mbaiki,Oct-19,2019,Rainy,Aedes aegypti,422995,5965271,5739549,73698.3,Mbaiki inse-like virus 1,Mbaiki inse-like virus 1  isolate CAR493
HG3VVBGXF_Bangui-Mbaiki-Rainy-Aedes-aegypti-2_S60,NODE_373_length_1447_cov_2.442504,Metaviridae,Central African Republic,Mbaiki,Oct-19,2019,Rainy,Aedes aegypti,976,5965271,5739549,170.05,Mbaiki meta-like virus 4,Mbaiki meta-like virus 4  isolate CAR499
HG3VVBGXF_Bangui-Mbaiki-Rainy-Aedes-aegypti-2_S60,NODE_360_length_1475_cov_4.057061,Phenuiviridae,Central African Republic,Mbaiki,Oct-19,2019,Rainy,Aedes aegypti,90,5965271,5739549,15.68,Mosquito bunya-like virus YN16,Mosquito bunya-like virus YN16  isolate CAR501
HG3VVBGXF_Bangui-Mbaiki-Rainy-Aedes-aegypti-2_S60,NODE_942_length_1025_cov_2.281513,Metaviridae,Central African Republic,Mbaiki,Oct-19,2019,Rainy,Aedes aegypti,54,5965271,5739549,9.41,Mbaiki meta-like virus 3,Mbaiki meta-like virus 3  isolate CAR498
HG3VVBGXF_Bangui-Mbaiki-Rainy-Aedes-aegypti-2_S60,NODE_610_length_1216_cov_2.994751,Metaviridae,Central African Republic,Mbaiki,Oct-19,2019,Rainy,Aedes aegypti,67,5965271,5739549,11.67,Mbaiki meta-like virus 6,Mbaiki meta-like virus 6  isolate CAR500
HG3VVBGXF_Bangui-Mbaiki-Rainy-Aedes-aegypti-2_S60,NODE_573_length_1245_cov_1.133959,Metaviridae,Central African Republic,Mbaiki,Oct-19,2019,Rainy,Aedes aegypti,46,5965271,5739549,08.01,Mbaiki meta-like virus 11,Mbaiki meta-like virus 11  isolate CAR496
HG3VVBGXF_Bangui-Mbaiki-Rainy-Aedes-aegypti-2_S60,NODE_1014_length_1000_cov_1.827400,Metaviridae,Central African Republic,Mbaiki,Oct-19,2019,Rainy,Aedes aegypti,47,5965271,5739549,8.19,Mbaiki meta-like virus 12,Mbaiki meta-like virus 12  isolate CAR497
HG3VVBGXF_Cambodia-Koh-Kong-Dry-Anopheles-baezai-1_S9,NODE_1_length_11097_cov_127.717707,Flaviviridae,Cambodia,Koh Kong,Mar-19,2019,Dry,Anopheles coustani,23779,5783050,3559610,6680.23,Anopheles flavivirus variant 1,Anopheles flavivirus variant 1  isolate CAM503
HG3VVBGXF_Cambodia-Koh-Kong-Dry-Anopheles-baezai-1_S9,NODE_4_length_6304_cov_9.473439,Metaviridae,Cambodia,Koh Kong,Mar-19,2019,Dry,Anopheles coustani,1487,5783050,3559610,417.74,Koh Kong meta-like virus 2,Koh Kong meta-like virus 2  isolate CAM505
HG3VVBGXF_Cambodia-Koh-Kong-Dry-Anopheles-baezai-1_S9,NODE_41_length_3641_cov_2.049047,Metaviridae,Cambodia,Koh Kong,Mar-19,2019,Dry,Anopheles coustani,304,5783050,3559610,85.4,Koh Kong meta-like virus 1,Koh Kong meta-like virus 1  isolate CAM504
HG3VVBGXF_Cambodia-Koh-Kong-Dry-Anopheles-baezai-1_S9,NODE_974_length_1729_cov_2.999396,Metaviridae,Cambodia,Koh Kong,Mar-19,2019,Dry,Anopheles coustani,101,5783050,3559610,28.37,Koh Kong meta-like virus 3,Koh Kong meta-like virus 3  isolate CAM506
HG3VVBGXF_Cambodia-Koh-Kong-Dry-Anopheles-baezai-2_S10,NODE_2_length_10673_cov_20.487547,Flaviviridae,Cambodia,Koh Kong,Mar-19,2019,Dry,Anopheles coustani,3878,4059177,3730321,1039.59,Anopheles flavivirus variant 1,Anopheles flavivirus variant 1  isolate CAM507
HG3VVBGXF_Cambodia-Koh-Kong-Dry-Anopheles-baezai-2_S10,NODE_75_length_3459_cov_2.972829,Metaviridae,Cambodia,Koh Kong,Mar-19,2019,Dry,Anopheles coustani,200,4059177,3730321,53.61,Koh Kong meta-like virus 3,Koh Kong meta-like virus 3  isolate CAM509
HG3VVBGXF_Cambodia-Koh-Kong-Dry-Anopheles-baezai-2_S10,NODE_6_length_6274_cov_10.565231,Metaviridae,Cambodia,Koh Kong,Mar-19,2019,Dry,Anopheles coustani,1530,4059177,3730321,410.15,Koh Kong meta-like virus 2,Koh Kong meta-like virus 2  isolate CAM508
HG3VVBGXF_Cambodia-Koh-Kong-Dry-Anopheles-baezai-2_S10,NODE_4369_length_1439_cov_1.994143,Metaviridae,Cambodia,Koh Kong,Mar-19,2019,Dry,Anopheles coustani,53,4059177,3730321,14.21,Koh Kong meta-like virus 4,Koh Kong meta-like virus 4  isolate CAM510
HG3VVBGXF_Cambodia-Prek-Toal-Dry-Culex-vishnui-3_S47,NODE_15_length_3839_cov_1.509559,Metaviridae,Cambodia,Prek Toal,Feb-19,2019,Dry,Culex vishnui,266,7253074,1988698,133.76,Prek Toal meta-like virus 3,Prek Toal meta-like virus 3  isolate CAM511
HG3VVBGXF_Cambodia-Prek-Toal-Dry-Mansonia-indiana_S61,NODE_1_length_7580_cov_49.145198,Peribunyaviridae,Cambodia,Prek Toal,Feb-19,2019,Dry,Mansonia indiana,5906,5729171,623198,9476.92,uncultured virus,uncultured virus  isolate CAM514
HG3VVBGXF_Cambodia-Prek-Toal-Dry-Mansonia-indiana_S61,NODE_3_length_6992_cov_110.000578,Chuviridae,Cambodia,Prek Toal,Feb-19,2019,Dry,Mansonia indiana,12301,5729171,623198,19738.51,Prek Toal chu-like virus 1,Prek Toal chu-like virus 1  isolate CAM512
HG3VVBGXF_Cambodia-Prek-Toal-Dry-Mansonia-indiana_S61,NODE_85_length_1340_cov_1.602210,Metaviridae,Cambodia,Prek Toal,Feb-19,2019,Dry,Mansonia indiana,102,5729171,623198,163.67,Prek Toal meta-like virus 8,Prek Toal meta-like virus 8  isolate CAM513
HG3VVBGXF_Cambodia-Rattanakiri-Rainy-Culex-vishnui-1_S31,NODE_2_length_10920_cov_241.481239,Flaviviridae,Cambodia,Rattanakiri,Jul-19,2019,Rainy,Culex vishnui,79811,21098635,13242945,6026.68,Mosquito flavivirus,Mosquito flavivirus  isolate CAM515
HG3VVBGXF_Cambodia-Rattanakiri-Rainy-Culex-vishnui-1_S31,NODE_174_length_3668_cov_6.825035,Metaviridae,Cambodia,Rattanakiri,Jul-19,2019,Rainy,Culex vishnui,1000,21098635,13242945,75.51,Rattanakiri meta-like virus 4,Rattanakiri meta-like virus 4  isolate CAM517
HG3VVBGXF_Cambodia-Rattanakiri-Rainy-Culex-vishnui-1_S31,NODE_939_length_2087_cov_15.645482,Metaviridae,Cambodia,Rattanakiri,Jul-19,2019,Rainy,Culex vishnui,1093,21098635,13242945,82.53,Rattanakiri meta-like virus 3,Rattanakiri meta-like virus 3  isolate CAM516
HG3VVBGXF_Cambodia-Rattanakiri-Rainy-Culex-vishnui-1_S31,NODE_1127_length_1960_cov_2.050344,Metaviridae,Cambodia,Rattanakiri,Jul-19,2019,Rainy,Culex vishnui,94,21098635,13242945,7.1,Rattanakiri meta-like virus 5,Rattanakiri meta-like virus 5  isolate CAM518
HG3VVBGXF_Cambodia-Rattanakiri-Rainy-Culex-vishnui-2_S32,NODE_1_length_6495_cov_24.636562,Phasmaviridae,Cambodia,Rattanakiri,Jul-19,2019,Rainy,Culex vishnui,2642,5959971,3189540,828.33,Anjon virus,Anjon virus  isolate CAM519
HG3VVBGXF_Cambodia-Rattanakiri-Rainy-Culex-vishnui-2_S32,NODE_23_length_3626_cov_461.683366,Chrysoviridae,Cambodia,Rattanakiri,Jul-19,2019,Rainy,Culex vishnui,27522,5959971,3189540,8628.83,Hubei chryso-like virus 1,Hubei chryso-like virus 1  isolate CAM520
HG3VVBGXF_Guyane-HamPrefont-Rainy-Coquillettidia-venezuelensis_S20,NODE_2_length_6243_cov_5.013938,Qinviridae,Guyane,Macouria,May-19,2019,Rainy,Coquillettidia venezuelensis,561,4111156,1410947,397.61,Macouria qin-like virus 1,Macouria qin-like virus 1  isolate GUY528
HG3VVBGXF_Guyane-HamPrefont-Rainy-Coquillettidia-venezuelensis_S20,NODE_188_length_1668_cov_6.921630,Partitiviridae,Guyane,Macouria,May-19,2019,Rainy,Coquillettidia venezuelensis,171,4111156,1410947,121.2,Macouria partiti-like virus 1,Macouria partiti-like virus 1  isolate GUY525
HG3VVBGXF_Guyane-HamPrefont-Rainy-Coquillettidia-venezuelensis_S20,NODE_108_length_1948_cov_7.148800,Partitiviridae,Guyane,Macouria,May-19,2019,Rainy,Coquillettidia venezuelensis,257,4111156,1410947,182.15,Macouria partiti-like virus 2,Macouria partiti-like virus 2  isolate GUY526
HG3VVBGXF_Guyane-HamPrefont-Rainy-Coquillettidia-venezuelensis_S20,NODE_171_length_1690_cov_4.156463,Partitiviridae,Guyane,Macouria,May-19,2019,Rainy,Coquillettidia venezuelensis,125,4111156,1410947,88.59,Macouria partiti-like virus 3,Macouria partiti-like virus 3  isolate GUY527
HG3VVBGXF_Guyane-HamPrefont-Rainy-Coquillettidia-venezuelensis_S20,NODE_172_length_1690_cov_0.899814,Metaviridae,Guyane,Macouria,May-19,2019,Rainy,Coquillettidia venezuelensis,34,4111156,1410947,24.1,Macouria meta-like virus 4,Macouria meta-like virus 4  isolate GUY522
HG3VVBGXF_Guyane-HamPrefont-Rainy-Coquillettidia-venezuelensis_S20,NODE_390_length_1324_cov_1.351719,Metaviridae,Guyane,Macouria,May-19,2019,Rainy,Coquillettidia venezuelensis,44,4111156,1410947,31.18,Macouria meta-like virus 3,Macouria meta-like virus 3  isolate GUY521
HG3VVBGXF_Guyane-HamPrefont-Rainy-Coquillettidia-venezuelensis_S20,NODE_739_length_1032_cov_1.793535,Metaviridae,Guyane,Macouria,May-19,2019,Rainy,Coquillettidia venezuelensis,58,4111156,1410947,41.11,Macouria meta-like virus 9,Macouria meta-like virus 9  isolate GUY524
HG3VVBGXF_Guyane-HamPrefont-Rainy-Coquillettidia-venezuelensis_S20,NODE_561_length_1155_cov_0.899261,Metaviridae,Guyane,Macouria,May-19,2019,Rainy,Coquillettidia venezuelensis,25,4111156,1410947,17.72,Macouria meta-like virus 7,Macouria meta-like virus 7  isolate GUY523
HG3VVBGXF_Guyane-Macouria-Dry-Coquillettidia-venezuelensis-1_S22,NODE_1_length_8991_cov_784.228414,Virgaviridae,Guyane,Macouria,Sep-19,2019,Dry,Coquillettidia venezuelensis,110674,3878834,3206519,34515.31,Mosquito hepe-like virus HLJ1,Mosquito hepe-like virus HLJ1  isolate GUY536
HG3VVBGXF_Guyane-Macouria-Dry-Coquillettidia-venezuelensis-1_S22,NODE_9_length_4678_cov_4.731813,Metaviridae,Guyane,Macouria,Sep-19,2019,Dry,Coquillettidia venezuelensis,685,3878834,3206519,213.63,Macouria meta-like virus 9,Macouria meta-like virus 9  isolate GUY535
HG3VVBGXF_Guyane-Macouria-Dry-Coquillettidia-venezuelensis-1_S22,NODE_108_length_2264_cov_2.656778,Metaviridae,Guyane,Macouria,Sep-19,2019,Dry,Coquillettidia venezuelensis,156,3878834,3206519,48.65,Macouria meta-like virus 4,Macouria meta-like virus 4  isolate GUY532
HG3VVBGXF_Guyane-Macouria-Dry-Coquillettidia-venezuelensis-1_S22,NODE_341_length_1591_cov_1.859684,Metaviridae,Guyane,Macouria,Sep-19,2019,Dry,Coquillettidia venezuelensis,156,3878834,3206519,48.65,Macouria meta-like virus 5,Macouria meta-like virus 5  isolate GUY533
HG3VVBGXF_Guyane-Macouria-Dry-Coquillettidia-venezuelensis-1_S22,NODE_27_length_3431_cov_3.265634,Metaviridae,Guyane,Macouria,Sep-19,2019,Dry,Coquillettidia venezuelensis,381,3878834,3206519,118.82,Macouria meta-like virus 15,Macouria meta-like virus 15  isolate GUY530
HG3VVBGXF_Guyane-Macouria-Dry-Coquillettidia-venezuelensis-1_S22,NODE_170_length_2001_cov_2.366701,Metaviridae,Guyane,Macouria,Sep-19,2019,Dry,Coquillettidia venezuelensis,141,3878834,3206519,43.97,Macouria meta-like virus 16,Macouria meta-like virus 16  isolate GUY531
HG3VVBGXF_Guyane-Macouria-Dry-Coquillettidia-venezuelensis-1_S22,NODE_1258_length_1022_cov_3.537408,Aliusviridae,Guyane,Macouria,Sep-19,2019,Dry,Coquillettidia venezuelensis,69,3878834,3206519,21.52,Macouria alius-like virus 1,Macouria alius-like virus 1  isolate GUY529
HG3VVBGXF_Guyane-Macouria-Dry-Coquillettidia-venezuelensis-1_S22,NODE_1068_length_1092_cov_2.604514,Metaviridae,Guyane,Macouria,Sep-19,2019,Dry,Coquillettidia venezuelensis,54,3878834,3206519,16.84,Macouria meta-like virus 8,Macouria meta-like virus 8  isolate GUY534
HG3VVBGXF_Guyane-Macouria-Dry-Coquillettidia-venezuelensis-2_S23,NODE_1_length_9052_cov_65.533578,Virgaviridae,Guyane,Macouria,Sep-19,2019,Dry,Coquillettidia venezuelensis,9580,4764587,1397207,6856.54,Macouria virga-like virus 1,Macouria virga-like virus 1  isolate GUY546
HG3VVBGXF_Guyane-Macouria-Dry-Coquillettidia-venezuelensis-2_S23,NODE_18_length_3400_cov_315.895101,Chrysoviridae,Guyane,Macouria,Sep-19,2019,Dry,Coquillettidia venezuelensis,18080,4764587,1397207,12940.1,Macouria chryso-like virus 1,Macouria chryso-like virus 1  isolate GUY538
HG3VVBGXF_Guyane-Macouria-Dry-Coquillettidia-venezuelensis-2_S23,NODE_2_length_6604_cov_2.306385,Metaviridae,Guyane,Macouria,Sep-19,2019,Dry,Coquillettidia venezuelensis,428,4764587,1397207,306.33,Macouria meta-like virus 9,Macouria meta-like virus 9  isolate GUY542
HG3VVBGXF_Guyane-Macouria-Dry-Coquillettidia-venezuelensis-2_S23,NODE_44_length_2489_cov_4.987997,Orthomyxoviridae,Guyane,Macouria,Sep-19,2019,Dry,Coquillettidia venezuelensis,204,4764587,1397207,146.01,Macouria orthomyxo-like virus 1,Macouria orthomyxo-like virus 1  isolate GUY543
HG3VVBGXF_Guyane-Macouria-Dry-Coquillettidia-venezuelensis-2_S23,NODE_27_length_3012_cov_789.996938,Solemoviridae,Guyane,Macouria,Sep-19,2019,Dry,Coquillettidia venezuelensis,44144,4764587,1397207,31594.46,Macouria solemo-like virus 1,Macouria solemo-like virus 1  isolate GUY544
HG3VVBGXF_Guyane-Macouria-Dry-Coquillettidia-venezuelensis-2_S23,NODE_26_length_3013_cov_676.012245,Solemoviridae,Guyane,Macouria,Sep-19,2019,Dry,Coquillettidia venezuelensis,39554,4764587,1397207,28309.33,Macouria solemo-like virus 2,Macouria solemo-like virus 2  isolate GUY545
HG3VVBGXF_Guyane-Macouria-Dry-Coquillettidia-venezuelensis-2_S23,NODE_75_length_1991_cov_4.936913,Iflaviridae,Guyane,Macouria,Sep-19,2019,Dry,Coquillettidia venezuelensis,166,4764587,1397207,118.81,Macouria ifla-like virus 2,Macouria ifla-like virus 2  isolate GUY539
HG3VVBGXF_Guyane-Macouria-Dry-Coquillettidia-venezuelensis-2_S23,NODE_476_length_1021_cov_1.639241,Metaviridae,Guyane,Macouria,Sep-19,2019,Dry,Coquillettidia venezuelensis,36,4764587,1397207,25.77,Macouria meta-like virus 4,Macouria meta-like virus 4  isolate GUY541
HG3VVBGXF_Guyane-Macouria-Dry-Coquillettidia-venezuelensis-2_S23,NODE_464_length_1033_cov_1.244792,Metaviridae,Guyane,Macouria,Sep-19,2019,Dry,Coquillettidia venezuelensis,34,4764587,1397207,24.33,Macouria meta-like virus 11,Macouria meta-like virus 11  isolate GUY540
HG3VVBGXF_Guyane-Macouria-Dry-Coquillettidia-venezuelensis-2_S23,NODE_437_length_1057_cov_1.072154,Aliusviridae,Guyane,Macouria,Sep-19,2019,Dry,Coquillettidia venezuelensis,35,4764587,1397207,25.05,Macouria alius-like virus 1,Macouria alius-like virus 1  isolate GUY537
HG3VVBGXF_Guyane-Macouria-Dry-Culex-portesi-1_S16,NODE_2_length_9225_cov_525.725306,Virgaviridae,Guyane,Macouria,Sep-19,2019,Dry,Culex portesi,77508,7660431,4949981,15658.24,Macouria virga-like virus 3,Macouria virga-like virus 3  isolate GUY550
HG3VVBGXF_Guyane-Macouria-Dry-Culex-portesi-1_S16,NODE_50_length_3554_cov_1634.736283,Chrysoviridae,Guyane,Macouria,Sep-19,2019,Dry,Culex portesi,90342,7660431,4949981,18250.98,Macouria chryso-like virus 2,Macouria chryso-like virus 2  isolate GUY547
HG3VVBGXF_Guyane-Macouria-Dry-Culex-portesi-1_S16,NODE_431_length_1688_cov_9.542415,Solemoviridae,Guyane,Macouria,Sep-19,2019,Dry,Culex portesi,250,7660431,4949981,50.51,Macouria solemo-like virus 3,Macouria solemo-like virus 3  isolate GUY549
HG3VVBGXF_Guyane-Macouria-Dry-Culex-portesi-1_S16,NODE_1644_length_1017_cov_2.640890,Qinviridae,Guyane,Macouria,Sep-19,2019,Dry,Culex portesi,39,7660431,4949981,7.88,Macouria qin-like virus 2,Macouria qin-like virus 2  isolate GUY548
HG3VVBGXF_Guyane-Macouria-Dry-Culex-portesi-2_S43,NODE_6_length_9228_cov_1042.970289,Virgaviridae,Guyane,Macouria,Sep-19,2019,Dry,Culex portesi,150114,7005870,6070745,24727.44,Macouria virga-like virus 3,Macouria virga-like virus 3  isolate GUY555
HG3VVBGXF_Guyane-Macouria-Dry-Culex-portesi-2_S43,NODE_123_length_3550_cov_4381.918608,Chrysoviridae,Guyane,Macouria,Sep-19,2019,Dry,Culex portesi,233764,7005870,6070745,38506.64,Macouria chryso-like virus 2,Macouria chryso-like virus 2  isolate GUY551
HG3VVBGXF_Guyane-Macouria-Dry-Culex-portesi-2_S43,NODE_9_length_7572_cov_64.593813,Orthototiviridae,Guyane,Macouria,Sep-19,2019,Dry,Culex portesi,8430,7005870,6070745,1388.63,Macouria orthototi-like virus 14,Macouria orthototi-like virus 14  isolate GUY554
HG3VVBGXF_Guyane-Macouria-Dry-Culex-portesi-2_S43,NODE_2957_length_1181_cov_1.219314,Metaviridae,Guyane,Macouria,Sep-19,2019,Dry,Culex portesi,43,7005870,6070745,07.08,Macouria meta-like virus 39,Macouria meta-like virus 39  isolate GUY553
HG3VVBGXF_Guyane-Macouria-Dry-Culex-portesi-2_S43,NODE_4109_length_1004_cov_2.303974,Metaviridae,Guyane,Macouria,Sep-19,2019,Dry,Culex portesi,53,7005870,6070745,8.73,Macouria meta-like virus 37,Macouria meta-like virus 37  isolate GUY552
HG3VVBGXF_Guyane-Macouria-Dry-Mansonia-titillans_S44,NODE_1_length_11035_cov_34.754424,Virgaviridae,Guyane,Macouria,Sep-19,2019,Dry,Mansonia titillans,6182,3147250,1897533,3257.91,Macouria virga-like virus 4,Macouria virga-like virus 4  isolate GUY577
HG3VVBGXF_Guyane-Macouria-Dry-Mansonia-titillans_S44,NODE_41_length_3841_cov_2.411359,Phasmaviridae,Guyane,Macouria,Sep-19,2019,Dry,Mansonia titillans,169,3147250,1897533,89.06,Macouria phasma-like virus 1,Macouria phasma-like virus 1  isolate GUY576
HG3VVBGXF_Guyane-Macouria-Dry-Mansonia-titillans_S44,NODE_27_length_4360_cov_3.866340,Metaviridae,Guyane,Macouria,Sep-19,2019,Dry,Mansonia titillans,515,3147250,1897533,271.41,Macouria meta-like virus 71,Macouria meta-like virus 71  isolate GUY570
HG3VVBGXF_Guyane-Macouria-Dry-Mansonia-titillans_S44,NODE_9_length_7228_cov_17.053529,Metaviridae,Guyane,Macouria,Sep-19,2019,Dry,Mansonia titillans,2721,3147250,1897533,1433.97,Macouria meta-like virus 48,Macouria meta-like virus 48  isolate GUY562
HG3VVBGXF_Guyane-Macouria-Dry-Mansonia-titillans_S44,NODE_23_length_4870_cov_2.969564,Metaviridae,Guyane,Macouria,Sep-19,2019,Dry,Mansonia titillans,4277,3147250,1897533,2253.98,Macouria meta-like virus 50,Macouria meta-like virus 50  isolate GUY563
HG3VVBGXF_Guyane-Macouria-Dry-Mansonia-titillans_S44,NODE_14_length_6571_cov_8.944906,Metaviridae,Guyane,Macouria,Sep-19,2019,Dry,Mansonia titillans,1783,3147250,1897533,939.64,Macouria meta-like virus 47,Macouria meta-like virus 47  isolate GUY561
HG3VVBGXF_Guyane-Macouria-Dry-Mansonia-titillans_S44,NODE_4_length_7432_cov_12.077728,Metaviridae,Guyane,Macouria,Sep-19,2019,Dry,Mansonia titillans,8284,3147250,1897533,4365.67,Macouria meta-like virus 65,Macouria meta-like virus 65  isolate GUY565
HG3VVBGXF_Guyane-Macouria-Dry-Mansonia-titillans_S44,NODE_5_length_7303_cov_7.353942,Metaviridae,Guyane,Macouria,Sep-19,2019,Dry,Mansonia titillans,1694,3147250,1897533,892.74,Macouria meta-like virus 66,Macouria meta-like virus 66  isolate GUY566
HG3VVBGXF_Guyane-Macouria-Dry-Mansonia-titillans_S44,NODE_6_length_7278_cov_793.415822,Orthototiviridae,Guyane,Macouria,Sep-19,2019,Dry,Mansonia titillans,94219,3147250,1897533,49653.42,Macouria orthototi-like virus 15,Macouria orthototi-like virus 15  isolate GUY574
HG3VVBGXF_Guyane-Macouria-Dry-Mansonia-titillans_S44,NODE_8_length_7229_cov_10.693544,Metaviridae,Guyane,Macouria,Sep-19,2019,Dry,Mansonia titillans,1844,3147250,1897533,971.79,Macouria meta-like virus 45,Macouria meta-like virus 45  isolate GUY559
HG3VVBGXF_Guyane-Macouria-Dry-Mansonia-titillans_S44,NODE_103_length_2450_cov_60.695835,Orthomyxoviridae,Guyane,Macouria,Sep-19,2019,Dry,Mansonia titillans,2473,3147250,1897533,1303.27,Macouria orthomyxo-like virus 3,Macouria orthomyxo-like virus 3  isolate GUY573
HG3VVBGXF_Guyane-Macouria-Dry-Mansonia-titillans_S44,NODE_100_length_2465_cov_67.640050,Orthomyxoviridae,Guyane,Macouria,Sep-19,2019,Dry,Mansonia titillans,2688,3147250,1897533,1416.58,Macouria orthomyxo-like virus 2,Macouria orthomyxo-like virus 2  isolate GUY572
HG3VVBGXF_Guyane-Macouria-Dry-Mansonia-titillans_S44,NODE_38_length_3893_cov_2.702880,Metaviridae,Guyane,Macouria,Sep-19,2019,Dry,Mansonia titillans,243,3147250,1897533,128.06,Macouria meta-like virus 44,Macouria meta-like virus 44  isolate GUY558
HG3VVBGXF_Guyane-Macouria-Dry-Mansonia-titillans_S44,NODE_59_length_3122_cov_1.537881,Metaviridae,Guyane,Macouria,Sep-19,2019,Dry,Mansonia titillans,135,3147250,1897533,71.15,Macouria meta-like virus 43,Macouria meta-like virus 43  isolate GUY557
HG3VVBGXF_Guyane-Macouria-Dry-Mansonia-titillans_S44,NODE_35_length_3981_cov_2.266377,Metaviridae,Guyane,Macouria,Sep-19,2019,Dry,Mansonia titillans,259,3147250,1897533,136.49,Macouria meta-like virus 42,Macouria meta-like virus 42  isolate GUY556
HG3VVBGXF_Guyane-Macouria-Dry-Mansonia-titillans_S44,NODE_117_length_2311_cov_1.273905,Metaviridae,Guyane,Macouria,Sep-19,2019,Dry,Mansonia titillans,81,3147250,1897533,42.69,Macouria meta-like virus 53,Macouria meta-like virus 53  isolate GUY564
HG3VVBGXF_Guyane-Macouria-Dry-Mansonia-titillans_S44,NODE_11_length_6903_cov_6.113031,Metaviridae,Guyane,Macouria,Sep-19,2019,Dry,Mansonia titillans,1513,3147250,1897533,797.35,Macouria meta-like virus 46,Macouria meta-like virus 46  isolate GUY560
HG3VVBGXF_Guyane-Macouria-Dry-Mansonia-titillans_S44,NODE_69_length_2958_cov_1.996534,Metaviridae,Guyane,Macouria,Sep-19,2019,Dry,Mansonia titillans,197,3147250,1897533,103.82,Macouria meta-like virus 69,Macouria meta-like virus 69  isolate GUY568
HG3VVBGXF_Guyane-Macouria-Dry-Mansonia-titillans_S44,NODE_219_length_1741_cov_1.488609,Metaviridae,Guyane,Macouria,Sep-19,2019,Dry,Mansonia titillans,50,3147250,1897533,26.35,Macouria meta-like virus 72,Macouria meta-like virus 72  isolate GUY571
HG3VVBGXF_Guyane-Macouria-Dry-Mansonia-titillans_S44,NODE_211_length_1776_cov_6.553729,Partitiviridae,Guyane,Macouria,Sep-19,2019,Dry,Mansonia titillans,187,3147250,1897533,98.55,Macouria partiti-like virus 4,Macouria partiti-like virus 4  isolate GUY575
HG3VVBGXF_Guyane-Macouria-Dry-Mansonia-titillans_S44,NODE_654_length_1100_cov_1.264849,Metaviridae,Guyane,Macouria,Sep-19,2019,Dry,Mansonia titillans,31,3147250,1897533,16.34,Macouria meta-like virus 68,Macouria meta-like virus 68  isolate GUY567
HG3VVBGXF_Guyane-Macouria-Dry-Mansonia-titillans_S44,NODE_375_length_1421_cov_0.864243,Metaviridae,Guyane,Macouria,Sep-19,2019,Dry,Mansonia titillans,48,3147250,1897533,25.3,Macouria meta-like virus 70,Macouria meta-like virus 70  isolate GUY569
HG3VVBGXF_Guyane-Prefontaine-Rainy-Aedes-serratus-1_S11,NODE_79_length_4074_cov_2.631592,Metaviridae,Guyane,Macouria,May-19,2019,Rainy,Aedes serratus,265,6099788,5185673,51.1,Macouria meta-like virus 2,Macouria meta-like virus 2  isolate GUY579
HG3VVBGXF_Guyane-Prefontaine-Rainy-Aedes-serratus-1_S11,NODE_33_length_5026_cov_6.045023,Orthototiviridae,Guyane,Macouria,May-19,2019,Rainy,Aedes serratus,484,6099788,5185673,93.33,Macouria orthototi-like virus 1,Macouria orthototi-like virus 1  isolate GUY580
HG3VVBGXF_Guyane-Prefontaine-Rainy-Aedes-serratus-1_S11,NODE_505_length_2420_cov_2.643375,Metaviridae,Guyane,Macouria,May-19,2019,Rainy,Aedes serratus,110,6099788,5185673,21.21,Macouria meta-like virus 1,Macouria meta-like virus 1  isolate GUY578
HG3VVBGXF_Guyane-Prefontaine-Rainy-Aedes-serratus-2_S12,NODE_19_length_6714_cov_4.459118,Metaviridae,Guyane,Macouria,May-19,2019,Rainy,Aedes serratus,717,5806864,5425233,132.16,Macouria meta-like virus 2,Macouria meta-like virus 2  isolate GUY582
HG3VVBGXF_Guyane-Prefontaine-Rainy-Aedes-serratus-2_S12,NODE_573_length_2543_cov_2.251012,Metaviridae,Guyane,Macouria,May-19,2019,Rainy,Aedes serratus,93,5806864,5425233,17.14,Macouria meta-like virus 1,Macouria meta-like virus 1  isolate GUY581
HG3VVBGXF_Guyane-Roura-Rainy-Coquillettidia-venezuelensis-1_S17,NODE_2_length_9087_cov_193.630353,Virgaviridae,Guyane,Roura,Mar-19,2019,Rainy,Coquillettidia venezuelensis,27934,3474788,2821303,9901.1,Roura virga-like virus 1,Roura virga-like virus 1  isolate GUY593
HG3VVBGXF_Guyane-Roura-Rainy-Coquillettidia-venezuelensis-1_S17,NODE_313_length_2737_cov_2.005631,Metaviridae,Guyane,Roura,Mar-19,2019,Rainy,Coquillettidia venezuelensis,258,3474788,2821303,91.45,Roura meta-like virus 6,Roura meta-like virus 6  isolate GUY589
HG3VVBGXF_Guyane-Roura-Rainy-Coquillettidia-venezuelensis-1_S17,NODE_47_length_4375_cov_2.403533,Metaviridae,Guyane,Roura,Mar-19,2019,Rainy,Coquillettidia venezuelensis,220,3474788,2821303,77.98,Roura meta-like virus 8,Roura meta-like virus 8  isolate GUY591
HG3VVBGXF_Guyane-Roura-Rainy-Coquillettidia-venezuelensis-1_S17,NODE_718_length_2030_cov_3.627491,Metaviridae,Guyane,Roura,Mar-19,2019,Rainy,Coquillettidia venezuelensis,636,3474788,2821303,225.42,Roura meta-like virus 2,Roura meta-like virus 2  isolate GUY585
HG3VVBGXF_Guyane-Roura-Rainy-Coquillettidia-venezuelensis-1_S17,NODE_3979_length_1000_cov_2.942826,Metaviridae,Guyane,Roura,Mar-19,2019,Rainy,Coquillettidia venezuelensis,80,3474788,2821303,28.36,Roura meta-like virus 9,Roura meta-like virus 9  isolate GUY592
HG3VVBGXF_Guyane-Roura-Rainy-Coquillettidia-venezuelensis-1_S17,NODE_3250_length_1097_cov_3.065430,Metaviridae,Guyane,Roura,Mar-19,2019,Rainy,Coquillettidia venezuelensis,82,3474788,2821303,29.06,Roura meta-like virus 4,Roura meta-like virus 4  isolate GUY587
HG3VVBGXF_Guyane-Roura-Rainy-Coquillettidia-venezuelensis-1_S17,NODE_1798_length_1426_cov_2.333333,Metaviridae,Guyane,Roura,Mar-19,2019,Rainy,Coquillettidia venezuelensis,95,3474788,2821303,33.67,Roura meta-like virus 5,Roura meta-like virus 5  isolate GUY588
HG3VVBGXF_Guyane-Roura-Rainy-Coquillettidia-venezuelensis-1_S17,NODE_1373_length_1584_cov_1.910655,Aliusviridae,Guyane,Roura,Mar-19,2019,Rainy,Coquillettidia venezuelensis,174,3474788,2821303,61.67,Roura alius-like virus 1,Roura alius-like virus 1  isolate GUY583
HG3VVBGXF_Guyane-Roura-Rainy-Coquillettidia-venezuelensis-1_S17,NODE_2139_length_1323_cov_2.217600,Metaviridae,Guyane,Roura,Mar-19,2019,Rainy,Coquillettidia venezuelensis,101,3474788,2821303,35.8,Roura meta-like virus 3,Roura meta-like virus 3  isolate GUY586
HG3VVBGXF_Guyane-Roura-Rainy-Coquillettidia-venezuelensis-1_S17,NODE_3749_length_1027_cov_1.627883,Metaviridae,Guyane,Roura,Mar-19,2019,Rainy,Coquillettidia venezuelensis,63,3474788,2821303,22.33,Roura meta-like virus 1,Roura meta-like virus 1  isolate GUY584
HG3VVBGXF_Guyane-Roura-Rainy-Coquillettidia-venezuelensis-1_S17,NODE_3447_length_1065_cov_2.198589,Metaviridae,Guyane,Roura,Mar-19,2019,Rainy,Coquillettidia venezuelensis,49,3474788,2821303,17.37,Roura meta-like virus 7,Roura meta-like virus 7  isolate GUY590
HG3VVBGXF_Guyane-Roura-Rainy-Coquillettidia-venezuelensis-2_S18,NODE_159_length_2572_cov_1.837135,Metaviridae,Guyane,Roura,Mar-19,2019,Rainy,Coquillettidia venezuelensis,134,3954476,2282452,58.71,Roura meta-like virus 10,Roura meta-like virus 10  isolate GUY595
HG3VVBGXF_Guyane-Roura-Rainy-Coquillettidia-venezuelensis-2_S18,NODE_449_length_1881_cov_17.904867,Partitiviridae,Guyane,Roura,Mar-19,2019,Rainy,Coquillettidia venezuelensis,526,3954476,2282452,230.45,Roura partiti-like virus 1,Roura partiti-like virus 1  isolate GUY599
HG3VVBGXF_Guyane-Roura-Rainy-Coquillettidia-venezuelensis-2_S18,NODE_395_length_1959_cov_22.069459,Partitiviridae,Guyane,Roura,Mar-19,2019,Rainy,Coquillettidia venezuelensis,712,3954476,2282452,311.95,Roura partiti-like virus 2,Roura partiti-like virus 2  isolate GUY600
HG3VVBGXF_Guyane-Roura-Rainy-Coquillettidia-venezuelensis-2_S18,NODE_400_length_1957_cov_14.097665,Partitiviridae,Guyane,Roura,Mar-19,2019,Rainy,Coquillettidia venezuelensis,14767,3954476,2282452,6469.8,Roura partiti-like virus 3,Roura partiti-like virus 3  isolate GUY601
HG3VVBGXF_Guyane-Roura-Rainy-Coquillettidia-venezuelensis-2_S18,NODE_128_length_2728_cov_2.334087,Metaviridae,Guyane,Roura,Mar-19,2019,Rainy,Coquillettidia venezuelensis,159,3954476,2282452,69.66,Roura meta-like virus 6,Roura meta-like virus 6  isolate GUY598
HG3VVBGXF_Guyane-Roura-Rainy-Coquillettidia-venezuelensis-2_S18,NODE_1244_length_1290_cov_1.959737,Metaviridae,Guyane,Roura,Mar-19,2019,Rainy,Coquillettidia venezuelensis,326,3954476,2282452,142.83,Roura meta-like virus 2,Roura meta-like virus 2  isolate GUY596
HG3VVBGXF_Guyane-Roura-Rainy-Coquillettidia-venezuelensis-2_S18,NODE_1511_length_1197_cov_1.144128,Metaviridae,Guyane,Roura,Mar-19,2019,Rainy,Coquillettidia venezuelensis,43,3954476,2282452,18.84,Roura meta-like virus 5,Roura meta-like virus 5  isolate GUY597
HG3VVBGXF_Guyane-Roura-Rainy-Coquillettidia-venezuelensis-2_S18,NODE_1131_length_1340_cov_1.545383,Aliusviridae,Guyane,Roura,Mar-19,2019,Rainy,Coquillettidia venezuelensis,125,3954476,2282452,54.77,Roura alius-like virus 1,Roura alius-like virus 1  isolate GUY594
HG3VVBGXF_Guyane-Roura-Rainy-Mansonia-titillans_S19,NODE_3_length_7730_cov_19.768970,Phenuiviridae,Guyane,Roura,Mar-19,2019,Rainy,Mansonia titillans,2539,3639182,1734578,1463.76,Roura phenui-like virus 1,Roura phenui-like virus 1  isolate GUY624
HG3VVBGXF_Guyane-Roura-Rainy-Mansonia-titillans_S19,NODE_1_length_10295_cov_59.956075,Xinmoviridae,Guyane,Roura,Mar-19,2019,Rainy,Mansonia titillans,10707,3639182,1734578,6172.68,Roura xinmo-like virus 1,Roura xinmo-like virus 1  isolate GUY625
HG3VVBGXF_Guyane-Roura-Rainy-Mansonia-titillans_S19,NODE_14_length_6965_cov_7.441381,Metaviridae,Guyane,Roura,Mar-19,2019,Rainy,Mansonia titillans,1515,3639182,1734578,873.41,Roura meta-like virus 41,Roura meta-like virus 41  isolate GUY618
HG3VVBGXF_Guyane-Roura-Rainy-Mansonia-titillans_S19,NODE_5_length_7238_cov_6.654013,Metaviridae,Guyane,Roura,Mar-19,2019,Rainy,Mansonia titillans,1151,3639182,1734578,663.56,Roura meta-like virus 32,Roura meta-like virus 32  isolate GUY609
HG3VVBGXF_Guyane-Roura-Rainy-Mansonia-titillans_S19,NODE_8_length_7226_cov_16.430029,Metaviridae,Guyane,Roura,Mar-19,2019,Rainy,Mansonia titillans,2858,3639182,1734578,1647.66,Roura meta-like virus 33,Roura meta-like virus 33  isolate GUY610
HG3VVBGXF_Guyane-Roura-Rainy-Mansonia-titillans_S19,NODE_10_length_7121_cov_15.879682,Metaviridae,Guyane,Roura,Mar-19,2019,Rainy,Mansonia titillans,3140,3639182,1734578,1810.24,Roura meta-like virus 34,Roura meta-like virus 34  isolate GUY611
HG3VVBGXF_Guyane-Roura-Rainy-Mansonia-titillans_S19,NODE_6_length_7227_cov_16.457367,Metaviridae,Guyane,Roura,Mar-19,2019,Rainy,Mansonia titillans,3160,3639182,1734578,1821.77,Roura meta-like virus 39,Roura meta-like virus 39  isolate GUY616
HG3VVBGXF_Guyane-Roura-Rainy-Mansonia-titillans_S19,NODE_9_length_7146_cov_12.263679,Metaviridae,Guyane,Roura,Mar-19,2019,Rainy,Mansonia titillans,2808,3639182,1734578,1618.84,Roura meta-like virus 40,Roura meta-like virus 40  isolate GUY617
HG3VVBGXF_Guyane-Roura-Rainy-Mansonia-titillans_S19,NODE_11_length_7073_cov_5.379286,Metaviridae,Guyane,Roura,Mar-19,2019,Rainy,Mansonia titillans,1121,3639182,1734578,646.27,Roura meta-like virus 28,Roura meta-like virus 28  isolate GUY605
HG3VVBGXF_Guyane-Roura-Rainy-Mansonia-titillans_S19,NODE_7_length_7226_cov_197.224941,Orthototiviridae,Guyane,Roura,Mar-19,2019,Rainy,Mansonia titillans,24425,3639182,1734578,14081.23,Roura orthototi-like virus 3,Roura orthototi-like virus 3  isolate GUY622
HG3VVBGXF_Guyane-Roura-Rainy-Mansonia-titillans_S19,NODE_65_length_3396_cov_2.352392,Metaviridae,Guyane,Roura,Mar-19,2019,Rainy,Mansonia titillans,256,3639182,1734578,147.59,Roura meta-like virus 29,Roura meta-like virus 29  isolate GUY606
HG3VVBGXF_Guyane-Roura-Rainy-Mansonia-titillans_S19,NODE_13_length_7026_cov_4.092910,Metaviridae,Guyane,Roura,Mar-19,2019,Rainy,Mansonia titillans,770,3639182,1734578,443.91,Roura meta-like virus 31,Roura meta-like virus 31  isolate GUY608
HG3VVBGXF_Guyane-Roura-Rainy-Mansonia-titillans_S19,NODE_31_length_4975_cov_1.249694,Metaviridae,Guyane,Roura,Mar-19,2019,Rainy,Mansonia titillans,297,3639182,1734578,171.22,Roura meta-like virus 38,Roura meta-like virus 38  isolate GUY615
HG3VVBGXF_Guyane-Roura-Rainy-Mansonia-titillans_S19,NODE_34_length_4888_cov_26.757425,Metaviridae,Guyane,Roura,Mar-19,2019,Rainy,Mansonia titillans,4185,3639182,1734578,2412.7,Roura meta-like virus 26,Roura meta-like virus 26  isolate GUY603
HG3VVBGXF_Guyane-Roura-Rainy-Mansonia-titillans_S19,NODE_152_length_2482_cov_150.120382,Orthomyxoviridae,Guyane,Roura,Mar-19,2019,Rainy,Mansonia titillans,6096,3639182,1734578,3514.4,Roura orthomyxo-like virus 2,Roura orthomyxo-like virus 2  isolate GUY621
HG3VVBGXF_Guyane-Roura-Rainy-Mansonia-titillans_S19,NODE_151_length_2483_cov_117.691286,Orthomyxoviridae,Guyane,Roura,Mar-19,2019,Rainy,Mansonia titillans,4716,3639182,1734578,2718.82,Roura orthomyxo-like virus 1,Roura orthomyxo-like virus 1  isolate GUY620
HG3VVBGXF_Guyane-Roura-Rainy-Mansonia-titillans_S19,NODE_500_length_1584_cov_1.355394,Metaviridae,Guyane,Roura,Mar-19,2019,Rainy,Mansonia titillans,48,3639182,1734578,27.67,Roura meta-like virus 42,Roura meta-like virus 42  isolate GUY619
HG3VVBGXF_Guyane-Roura-Rainy-Mansonia-titillans_S19,NODE_526_length_1558_cov_1.389226,Partitiviridae,Guyane,Roura,Mar-19,2019,Rainy,Mansonia titillans,54,3639182,1734578,31.13,Mosquito partiti-like virus YN11,Mosquito partiti-like virus YN11  isolate GUY602
HG3VVBGXF_Guyane-Roura-Rainy-Mansonia-titillans_S19,NODE_445_length_1642_cov_1.783301,Metaviridae,Guyane,Roura,Mar-19,2019,Rainy,Mansonia titillans,82,3639182,1734578,47.27,Roura meta-like virus 37,Roura meta-like virus 37  isolate GUY614
HG3VVBGXF_Guyane-Roura-Rainy-Mansonia-titillans_S19,NODE_60_length_3490_cov_13.374012,Metaviridae,Guyane,Roura,Mar-19,2019,Rainy,Mansonia titillans,1578,3639182,1734578,909.73,Roura meta-like virus 35,Roura meta-like virus 35  isolate GUY612
HG3VVBGXF_Guyane-Roura-Rainy-Mansonia-titillans_S19,NODE_644_length_1446_cov_12.452294,Partitiviridae,Guyane,Roura,Mar-19,2019,Rainy,Mansonia titillans,269,3639182,1734578,155.08,Roura partiti-like virus 5,Roura partiti-like virus 5  isolate GUY623
HG3VVBGXF_Guyane-Roura-Rainy-Mansonia-titillans_S19,NODE_158_length_2456_cov_3.236676,Metaviridae,Guyane,Roura,Mar-19,2019,Rainy,Mansonia titillans,244,3639182,1734578,140.67,Roura meta-like virus 36,Roura meta-like virus 36  isolate GUY613
HG3VVBGXF_Guyane-Roura-Rainy-Mansonia-titillans_S19,NODE_1111_length_1149_cov_1.400558,Metaviridae,Guyane,Roura,Mar-19,2019,Rainy,Mansonia titillans,38,3639182,1734578,21.91,Roura meta-like virus 27,Roura meta-like virus 27  isolate GUY604
HG3VVBGXF_Guyane-Roura-Rainy-Mansonia-titillans_S19,NODE_648_length_1445_cov_1.715015,Metaviridae,Guyane,Roura,Mar-19,2019,Rainy,Mansonia titillans,55,3639182,1734578,31.71,Roura meta-like virus 30,Roura meta-like virus 30  isolate GUY607
HGJMGBGXG_Madagascar-Ambato-Boeny-Aug-2019-Dry-An-coustani-1_S53,NODE_32_length_4146_cov_2.672968,Metaviridae,Madagascar,Ambato Boeny,Aug-19,2019,Dry,Anopheles coustani,256,8472164,5982476,42.79,Ambato Boeny meta-like virus 2,Ambato Boeny meta-like virus 2  isolate MAD627
HGJMGBGXG_Madagascar-Ambato-Boeny-Aug-2019-Dry-An-coustani-1_S53,NODE_42_length_3631_cov_4.086565,Metaviridae,Madagascar,Ambato Boeny,Aug-19,2019,Dry,Anopheles coustani,422,8472164,5982476,70.54,Ambato Boeny meta-like virus 1,Ambato Boeny meta-like virus 1  isolate MAD626
HGJMGBGXG_Madagascar-Ambato-Boeny-Aug-2019-Dry-An-coustani-1_S53,NODE_77_length_2836_cov_5.985161,Metaviridae,Madagascar,Ambato Boeny,Aug-19,2019,Dry,Anopheles coustani,364,8472164,5982476,60.84,Ambato Boeny meta-like virus 3,Ambato Boeny meta-like virus 3  isolate MAD628
HGJMGBGXG_Madagascar-Ambato-Boeny-Aug-2019-Dry-An-coustani-1_S53,NODE_268_length_1386_cov_2.005331,Orthototiviridae,Madagascar,Ambato Boeny,Aug-19,2019,Dry,Anopheles coustani,38,8472164,5982476,6.35,Ambato Boeny orthototi-like virus 1,Ambato Boeny orthototi-like virus 1  isolate MAD629
HGJMGBGXG_Madagascar-Ambato-Boeny-Aug-2019-Dry-An-coustani-1_S53,NODE_363_length_1167_cov_2.640768,Partitiviridae,Madagascar,Ambato Boeny,Aug-19,2019,Dry,Anopheles coustani,45,8472164,5982476,7.52,Ambato Boeny partiti-like virus 1,Ambato Boeny partiti-like virus 1  isolate MAD630
HGJMGBGXG_Madagascar-Ambato-Boeny-Aug-2019-Dry-An-funestus-1_S52,NODE_36_length_4040_cov_64.496345,Reovirales,Madagascar,Ambato Boeny,Aug-19,2019,Dry,Anopheles funestus,3768,7391482,6043883,623.44,Ambato Boeny reo-like virus 2,Ambato Boeny reo-like virus 2  isolate MAD631
HGJMGBGXG_Madagascar-Ambato-Boeny-Aug-2019-Dry-An-gambiae-1_S44,NODE_2_length_10700_cov_277.819987,Flaviviridae,Madagascar,Ambato Boeny,Aug-19,2019,Dry,Anopheles gambiae,46030,6876624,3414499,13480.75,Anopheles flavivirus variant 1,Anopheles flavivirus variant 1  isolate MAD634
HGJMGBGXG_Madagascar-Ambato-Boeny-Aug-2019-Dry-An-gambiae-1_S44,NODE_1_length_11951_cov_2040.905540,Xinmoviridae,Madagascar,Ambato Boeny,Aug-19,2019,Dry,Anopheles gambiae,354284,6876624,3414499,103758.71,Ambato Boeny xinmo-like virus 1,Ambato Boeny xinmo-like virus 1  isolate MAD633
HGJMGBGXG_Madagascar-Ambato-Boeny-Aug-2019-Dry-An-gambiae-1_S44,NODE_112_length_2345_cov_1.954225,Metaviridae,Madagascar,Ambato Boeny,Aug-19,2019,Dry,Anopheles gambiae,90,6876624,3414499,26.36,Ambato Boeny meta-like virus 8,Ambato Boeny meta-like virus 8  isolate MAD632
HGJMGBGXG_Madagascar-Ambato-Boeny-Aug-2019-Dry-An-gambiae-3_S46,NODE_2_length_10690_cov_178.056796,Flaviviridae,Madagascar,Ambato Boeny,Aug-19,2019,Dry,Anopheles gambiae,29000,8779936,4011129,7229.88,Anopheles flavivirus variant 1,Anopheles flavivirus variant 1  isolate MAD646
HGJMGBGXG_Madagascar-Ambato-Boeny-Aug-2019-Dry-An-gambiae-3_S46,NODE_3_length_7891_cov_4964.965976,Xinmoviridae,Madagascar,Ambato Boeny,Aug-19,2019,Dry,Anopheles gambiae,823833,8779936,4011129,205386.81,Ambato Boeny xinmo-like virus 1,Ambato Boeny xinmo-like virus 1  isolate MAD644
HGJMGBGXG_Madagascar-Ambato-Boeny-Aug-2019-Dry-An-gambiae-3_S46,NODE_29_length_3266_cov_2.950517,Orthototiviridae,Madagascar,Ambato Boeny,Aug-19,2019,Dry,Anopheles gambiae,152,8779936,4011129,37.89,Ambato Boeny orthototi-like virus 5,Ambato Boeny orthototi-like virus 5  isolate MAD639
HGJMGBGXG_Madagascar-Ambato-Boeny-Aug-2019-Dry-An-gambiae-3_S46,NODE_22_length_3640_cov_2.814130,Orthototiviridae,Madagascar,Ambato Boeny,Aug-19,2019,Dry,Anopheles gambiae,156,8779936,4011129,38.89,Ambato Boeny orthototi-like virus 4,Ambato Boeny orthototi-like virus 4  isolate MAD638
HGJMGBGXG_Madagascar-Ambato-Boeny-Aug-2019-Dry-An-gambiae-3_S46,NODE_31_length_3151_cov_2.110136,Orthototiviridae,Madagascar,Ambato Boeny,Aug-19,2019,Dry,Anopheles gambiae,104,8779936,4011129,25.93,Ambato Boeny orthototi-like virus 9,Ambato Boeny orthototi-like virus 9  isolate MAD643
HGJMGBGXG_Madagascar-Ambato-Boeny-Aug-2019-Dry-An-gambiae-3_S46,NODE_46_length_2551_cov_19.765537,Orthototiviridae,Madagascar,Ambato Boeny,Aug-19,2019,Dry,Anopheles gambiae,768,8779936,4011129,191.47,Ambato Boeny orthototi-like virus 3,Ambato Boeny orthototi-like virus 3  isolate MAD637
HGJMGBGXG_Madagascar-Ambato-Boeny-Aug-2019-Dry-An-gambiae-3_S46,NODE_88_length_1983_cov_2.431414,Orthototiviridae,Madagascar,Ambato Boeny,Aug-19,2019,Dry,Anopheles gambiae,75,8779936,4011129,18.7,Ambato Boeny orthototi-like virus 7,Ambato Boeny orthototi-like virus 7  isolate MAD641
HGJMGBGXG_Madagascar-Ambato-Boeny-Aug-2019-Dry-An-gambiae-3_S46,NODE_81_length_2073_cov_2.889000,Orthototiviridae,Madagascar,Ambato Boeny,Aug-19,2019,Dry,Anopheles gambiae,87,8779936,4011129,21.69,Ambato Boeny orthototi-like virus 6,Ambato Boeny orthototi-like virus 6  isolate MAD640
HGJMGBGXG_Madagascar-Ambato-Boeny-Aug-2019-Dry-An-gambiae-3_S46,NODE_112_length_1769_cov_3229.982311,Partitiviridae,Madagascar,Ambato Boeny,Aug-19,2019,Dry,Anopheles gambiae,78455,8779936,4011129,19559.33,Mosquito partiti-like virus YN16,Mosquito partiti-like virus YN16  isolate MAD647
HGJMGBGXG_Madagascar-Ambato-Boeny-Aug-2019-Dry-An-gambiae-3_S46,NODE_128_length_1670_cov_2.459612,Orthototiviridae,Madagascar,Ambato Boeny,Aug-19,2019,Dry,Anopheles gambiae,98,8779936,4011129,24.43,Ambato Boeny orthototi-like virus 8,Ambato Boeny orthototi-like virus 8  isolate MAD642
HGJMGBGXG_Madagascar-Ambato-Boeny-Aug-2019-Dry-An-gambiae-3_S46,NODE_19_length_4129_cov_1784.686391,Xinmoviridae,Madagascar,Ambato Boeny,Aug-19,2019,Dry,Anopheles gambiae,106458,8779936,4011129,26540.66,Ambato Boeny xinmo-like virus 2,Ambato Boeny xinmo-like virus 2  isolate MAD645
HGJMGBGXG_Madagascar-Ambato-Boeny-Aug-2019-Dry-An-gambiae-3_S46,NODE_365_length_1024_cov_1.721346,Orthototiviridae,Madagascar,Ambato Boeny,Aug-19,2019,Dry,Anopheles gambiae,25,8779936,4011129,6.23,Ambato Boeny orthototi-like virus 2,Ambato Boeny orthototi-like virus 2  isolate MAD636
HGJMGBGXG_Madagascar-Ambato-Boeny-Aug-2019-Dry-An-gambiae-3_S46,NODE_300_length_1138_cov_3.376526,Amalgaviridae,Madagascar,Ambato Boeny,Aug-19,2019,Dry,Anopheles gambiae,131,8779936,4011129,32.66,Ambato Boeny amalga-like virus 1,Ambato Boeny amalga-like virus 1  isolate MAD635
HGJMGBGXG_Madagascar-Ambato-Boeny-Aug-2019-Dry-Cx-antennatus-1_S47,NODE_37_length_5599_cov_2.284111,Xinmoviridae,Madagascar,Ambato Boeny,Aug-19,2019,Dry,Culex quinquefasciatus,546,5988486,4106018,132.98,Ambato Boeny xinmo-like virus 1,Ambato Boeny xinmo-like virus 1  isolate MAD648
HGJMGBGXG_Madagascar-Ambato-Boeny-Aug-2019-Dry-Cx-antennatus-1_S47,NODE_1051_length_2338_cov_2.826932,Xinmoviridae,Madagascar,Ambato Boeny,Aug-19,2019,Dry,Culex quinquefasciatus,215,5988486,4106018,52.36,Mosquito mono-like virus YN13,Mosquito mono-like virus YN13  isolate MAD650
HGJMGBGXG_Madagascar-Ambato-Boeny-Aug-2019-Dry-Cx-antennatus-1_S47,NODE_2501_length_1601_cov_2.191754,Partitiviridae,Madagascar,Ambato Boeny,Aug-19,2019,Dry,Culex quinquefasciatus,59,5988486,4106018,14.37,Mosquito partiti-like virus YN16,Mosquito partiti-like virus YN16  isolate MAD651
HGJMGBGXG_Madagascar-Ambato-Boeny-Aug-2019-Dry-Cx-antennatus-1_S47,NODE_620_length_2808_cov_104.841682,Rhabdoviridae,Madagascar,Ambato Boeny,Aug-19,2019,Dry,Culex quinquefasciatus,4421,5988486,4106018,1076.71,Culex-associated Luteo-like virus,Culex-associated Luteo-like virus  isolate MAD649
HGJMGBGXG_Madagascar-Ambato-Boeny-Aug-2019-Dry-Cx-antennatus-1_S47,NODE_4048_length_1226_cov_1.963573,Iflaviridae,Madagascar,Ambato Boeny,Aug-19,2019,Dry,Culex quinquefasciatus,32,5988486,4106018,7.79,Mosquito picorna-like virus XZ1,Mosquito picorna-like virus XZ1  isolate MAD652
HGJMGBGXG_Madagascar-Ambato-Boeny-Aug-2019-Dry-Ma-uniformis-1_S51,NODE_6_length_6928_cov_6.237783,Metaviridae,Madagascar,Ambato Boeny,Aug-19,2019,Dry,Mansonia uniformis,921,8978359,3813351,241.52,Ambato Boeny meta-like virus 26,Ambato Boeny meta-like virus 26  isolate MAD654
HGJMGBGXG_Madagascar-Ambato-Boeny-Aug-2019-Dry-Ma-uniformis-1_S51,NODE_5_length_7246_cov_69.331521,Orthototiviridae,Madagascar,Ambato Boeny,Aug-19,2019,Dry,Mansonia uniformis,7867,8978359,3813351,2063.01,Ambato Boeny orthototi-like virus 24,Ambato Boeny orthototi-like virus 24  isolate MAD659
HGJMGBGXG_Madagascar-Ambato-Boeny-Aug-2019-Dry-Ma-uniformis-1_S51,NODE_217_length_1920_cov_1.513265,Metaviridae,Madagascar,Ambato Boeny,Aug-19,2019,Dry,Mansonia uniformis,158,8978359,3813351,41.43,Ambato Boeny meta-like virus 25,Ambato Boeny meta-like virus 25  isolate MAD653
HGJMGBGXG_Madagascar-Ambato-Boeny-Aug-2019-Dry-Ma-uniformis-1_S51,NODE_129_length_2315_cov_1.512935,Metaviridae,Madagascar,Ambato Boeny,Aug-19,2019,Dry,Mansonia uniformis,142,8978359,3813351,37.24,Ambato Boeny meta-like virus 29,Ambato Boeny meta-like virus 29  isolate MAD657
HGJMGBGXG_Madagascar-Ambato-Boeny-Aug-2019-Dry-Ma-uniformis-1_S51,NODE_993_length_1060_cov_1.365755,Metaviridae,Madagascar,Ambato Boeny,Aug-19,2019,Dry,Mansonia uniformis,34,8978359,3813351,8.92,Ambato Boeny meta-like virus 28,Ambato Boeny meta-like virus 28  isolate MAD656
HGJMGBGXG_Madagascar-Ambato-Boeny-Aug-2019-Dry-Ma-uniformis-1_S51,NODE_739_length_1212_cov_2.075505,Metaviridae,Madagascar,Ambato Boeny,Aug-19,2019,Dry,Mansonia uniformis,79,8978359,3813351,20.72,Ambato Boeny meta-like virus 27,Ambato Boeny meta-like virus 27  isolate MAD655
HGJMGBGXG_Madagascar-Ambato-Boeny-Aug-2019-Dry-Ma-uniformis-1_S51,NODE_1017_length_1044_cov_1.455201,Metaviridae,Madagascar,Ambato Boeny,Aug-19,2019,Dry,Mansonia uniformis,36,8978359,3813351,9.44,Ambato Boeny meta-like virus 30,Ambato Boeny meta-like virus 30  isolate MAD658
HGJMGBGXG_Madagascar-Amparafaravola-Aug-2019-Dry-An-coustani-2_S54,NODE_18_length_4840_cov_20.320537,Phasmaviridae,Madagascar,Amparafaravola,Aug-19,2019,Dry,Anopheles coustani,8259,6750383,6360466,1298.49,Amparafaravola phasma-like virus 1,Amparafaravola phasma-like virus 1  isolate MAD662
HGJMGBGXG_Madagascar-Amparafaravola-Aug-2019-Dry-An-coustani-2_S54,NODE_294_length_1515_cov_538.257282,Partitiviridae,Madagascar,Amparafaravola,Aug-19,2019,Dry,Anopheles coustani,11394,6750383,6360466,1791.38,Amparafaravola partiti-like virus 2,Amparafaravola partiti-like virus 2  isolate MAD661
HGJMGBGXG_Madagascar-Amparafaravola-Aug-2019-Dry-An-coustani-2_S54,NODE_95_length_2531_cov_1050.391375,Solemoviridae,Madagascar,Amparafaravola,Aug-19,2019,Dry,Anopheles coustani,40904,6750383,6360466,6430.98,Amparafaravola solemo-like virus 1,Amparafaravola solemo-like virus 1  isolate MAD663
HGJMGBGXG_Madagascar-Amparafaravola-Aug-2019-Dry-An-coustani-2_S54,NODE_394_length_1332_cov_2.026211,Metaviridae,Madagascar,Amparafaravola,Aug-19,2019,Dry,Anopheles coustani,68,6750383,6360466,10.69,Amparafaravola meta-like virus 1,Amparafaravola meta-like virus 1  isolate MAD660
HGJMGBGXG_Madagascar-Amparafaravola-Aug-2019-Dry-An-gambiae-1_S56,NODE_2_length_10701_cov_248.155721,Flaviviridae,Madagascar,Amparafaravola,Aug-19,2019,Dry,Anopheles gambiae,39708,6921527,4293019,9249.43,Anopheles flavivirus variant 1,Anopheles flavivirus variant 1  isolate MAD667
HGJMGBGXG_Madagascar-Amparafaravola-Aug-2019-Dry-An-gambiae-1_S56,NODE_225_length_1359_cov_1.688180,Metaviridae,Madagascar,Amparafaravola,Aug-19,2019,Dry,Anopheles gambiae,37,6921527,4293019,8.62,Amparafaravola meta-like virus 4,Amparafaravola meta-like virus 4  isolate MAD666
HGJMGBGXG_Madagascar-Amparafaravola-Aug-2019-Dry-An-gambiae-1_S56,NODE_403_length_1016_cov_1.478261,Metaviridae,Madagascar,Amparafaravola,Aug-19,2019,Dry,Anopheles gambiae,28,6921527,4293019,6.52,Amparafaravola meta-like virus 2,Amparafaravola meta-like virus 2  isolate MAD664
HGJMGBGXG_Madagascar-Amparafaravola-Aug-2019-Dry-An-gambiae-1_S56,NODE_378_length_1049_cov_3.454918,Metaviridae,Madagascar,Amparafaravola,Aug-19,2019,Dry,Anopheles gambiae,70,6921527,4293019,16.31,Amparafaravola meta-like virus 3,Amparafaravola meta-like virus 3  isolate MAD665
HGJMGBGXG_Madagascar-Amparafaravola-Aug-2019-Dry-An-gambiae-2_S57,NODE_2_length_10697_cov_456.075584,Flaviviridae,Madagascar,Amparafaravola,Aug-19,2019,Dry,Anopheles gambiae,73956,6343272,4162342,17767.88,Anopheles flavivirus variant 1,Anopheles flavivirus variant 1  isolate MAD670
HGJMGBGXG_Madagascar-Amparafaravola-Aug-2019-Dry-An-gambiae-2_S57,NODE_71_length_2499_cov_1.482688,Metaviridae,Madagascar,Amparafaravola,Aug-19,2019,Dry,Anopheles gambiae,66,6343272,4162342,15.86,Amparafaravola meta-like virus 4,Amparafaravola meta-like virus 4  isolate MAD669
HGJMGBGXG_Madagascar-Amparafaravola-Aug-2019-Dry-An-gambiae-2_S57,NODE_29_length_4460_cov_6.688853,Metaviridae,Madagascar,Amparafaravola,Aug-19,2019,Dry,Anopheles gambiae,773,6343272,4162342,185.71,Amparafaravola meta-like virus 3,Amparafaravola meta-like virus 3  isolate MAD668
HGJMGBGXG_Madagascar-Amparafaravola-Aug-2019-Dry-An-gambiae-3_S58,NODE_2_length_10707_cov_380.960598,Flaviviridae,Madagascar,Amparafaravola,Aug-19,2019,Dry,Anopheles gambiae,60690,6404605,4679222,12970.1,Anopheles flavivirus variant 1,Anopheles flavivirus variant 1  isolate MAD674
HGJMGBGXG_Madagascar-Amparafaravola-Aug-2019-Dry-An-gambiae-3_S58,NODE_53_length_3896_cov_14.396809,Metaviridae,Madagascar,Amparafaravola,Aug-19,2019,Dry,Anopheles gambiae,1277,6404605,4679222,272.91,Amparafaravola meta-like virus 3,Amparafaravola meta-like virus 3  isolate MAD671
HGJMGBGXG_Madagascar-Amparafaravola-Aug-2019-Dry-An-gambiae-3_S58,NODE_116_length_2490_cov_1.584195,Metaviridae,Madagascar,Amparafaravola,Aug-19,2019,Dry,Anopheles gambiae,82,6404605,4679222,17.52,Amparafaravola meta-like virus 4,Amparafaravola meta-like virus 4  isolate MAD672
HGJMGBGXG_Madagascar-Amparafaravola-Aug-2019-Dry-An-gambiae-3_S58,NODE_559_length_1232_cov_2.038827,Metaviridae,Madagascar,Amparafaravola,Aug-19,2019,Dry,Anopheles gambiae,37,6404605,4679222,7.91,Amparafaravola meta-like virus 5,Amparafaravola meta-like virus 5  isolate MAD673
HGJMGBGXG_Madagascar-Amparafaravola-Aug-2019-Dry-Cx-antennatus-1_S59,NODE_2_length_10972_cov_85.549959,Kitaviridae,Madagascar,Amparafaravola,Aug-19,2019,Dry,Culex antennatus,13671,5481794,3177882,4301.92,Culex pipiens-associated Tunisia virus,Culex pipiens-associated Tunisia virus  isolate MAD675
HGJMGBGXG_Madagascar-Amparafaravola-Aug-2019-Dry-Cx-antennatus-1_S59,NODE_1_length_11805_cov_145.780941,Rhabdoviridae,Madagascar,Amparafaravola,Aug-19,2019,Dry,Culex antennatus,25797,5481794,3177882,8117.67,Merida virus,Merida virus  isolate MAD676
HGJMGBGXG_Madagascar-Amparafaravola-Aug-2019-Dry-Cx-antennatus-3_S61,NODE_1_length_11033_cov_26.876825,Kitaviridae,Madagascar,Amparafaravola,Aug-19,2019,Dry,Culex antennatus,4369,4937176,2035714,2146.18,Culex pipiens-associated Tunisia virus,Culex pipiens-associated Tunisia virus  isolate MAD681
HGJMGBGXG_Madagascar-Amparafaravola-Aug-2019-Dry-Cx-antennatus-3_S61,NODE_10_length_4697_cov_3.594507,Metaviridae,Madagascar,Amparafaravola,Aug-19,2019,Dry,Culex antennatus,443,4937176,2035714,217.61,Amparafaravola meta-like virus 12,Amparafaravola meta-like virus 12  isolate MAD679
HGJMGBGXG_Madagascar-Amparafaravola-Aug-2019-Dry-Cx-antennatus-3_S61,NODE_29_length_3375_cov_2.993035,Marnaviridae,Madagascar,Amparafaravola,Aug-19,2019,Dry,Culex antennatus,149,4937176,2035714,73.19,Amparafaravola marna-like virus 1,Amparafaravola marna-like virus 1  isolate MAD678
HGJMGBGXG_Madagascar-Amparafaravola-Aug-2019-Dry-Cx-antennatus-3_S61,NODE_108_length_1882_cov_16.165285,Partitiviridae,Madagascar,Amparafaravola,Aug-19,2019,Dry,Culex antennatus,448,4937176,2035714,220.07,Amparafaravola partiti-like virus 3,Amparafaravola partiti-like virus 3  isolate MAD680
HGJMGBGXG_Madagascar-Amparafaravola-Aug-2019-Dry-Cx-antennatus-3_S61,NODE_286_length_1159_cov_1.630755,Aspiviridae,Madagascar,Amparafaravola,Aug-19,2019,Dry,Culex antennatus,62,4937176,2035714,30.46,Amparafaravola aspi-like virus 1,Amparafaravola aspi-like virus 1  isolate MAD677
HGJMGBGXG_Madagascar-Amparafaravola-Aug-2019-Dry-Cx-univittatus-1_S62,NODE_74_length_4243_cov_9.141247,Metaviridae,Madagascar,Amparafaravola,Aug-19,2019,Dry,Culex univittatus,3410,11485684,9267157,367.97,Amparafaravola meta-like virus 14,Amparafaravola meta-like virus 14  isolate MAD682
HGJMGBGXG_Madagascar-Amparafaravola-Aug-2019-Dry-Cx-univittatus-1_S62,NODE_3_length_7414_cov_25.757935,Orthototiviridae,Madagascar,Amparafaravola,Aug-19,2019,Dry,Culex univittatus,2887,11485684,9267157,311.53,Amparafaravola orthototi-like virus 8,Amparafaravola orthototi-like virus 8  isolate MAD683
HGJMGBGXG_Madagascar-Amparafaravola-Aug-2019-Dry-Cx-univittatus-1_S62,NODE_6_length_6832_cov_51.775559,Orthototiviridae,Madagascar,Amparafaravola,Aug-19,2019,Dry,Culex univittatus,47530,11485684,9267157,5128.87,Amparafaravola orthototi-like virus 9,Amparafaravola orthototi-like virus 9  isolate MAD684
HGJMGBGXG_Madagascar-Amparafaravola-Aug-2019-Dry-Ma-uniformis-1_S63,NODE_13_length_5277_cov_2.768832,Metaviridae,Madagascar,Amparafaravola,Aug-19,2019,Dry,Mansonia uniformis,480,9347341,6954286,69.02,Amparafaravola meta-like virus 17,Amparafaravola meta-like virus 17  isolate MAD687
HGJMGBGXG_Madagascar-Amparafaravola-Aug-2019-Dry-Ma-uniformis-1_S63,NODE_1_length_7515_cov_30.167294,Metaviridae,Madagascar,Amparafaravola,Aug-19,2019,Dry,Mansonia uniformis,4034,9347341,6954286,580.07,Amparafaravola meta-like virus 15,Amparafaravola meta-like virus 15  isolate MAD685
HGJMGBGXG_Madagascar-Amparafaravola-Aug-2019-Dry-Ma-uniformis-1_S63,NODE_3_length_6950_cov_5.010761,Metaviridae,Madagascar,Amparafaravola,Aug-19,2019,Dry,Mansonia uniformis,2156,9347341,6954286,310.02,Amparafaravola meta-like virus 16,Amparafaravola meta-like virus 16  isolate MAD686
HGJMGBGXG_Madagascar-Amparafaravola-Aug-2019-Dry-Ma-uniformis-1_S63,NODE_46_length_3979_cov_2.858423,Metaviridae,Madagascar,Amparafaravola,Aug-19,2019,Dry,Mansonia uniformis,311,9347341,6954286,44.72,Amparafaravola meta-like virus 18,Amparafaravola meta-like virus 18  isolate MAD688
HGJMGBGXG_Madagascar-Amparafaravola-Aug-2019-Dry-Ma-uniformis-1_S63,NODE_411_length_1320_cov_2.594226,Narnaviridae,Madagascar,Amparafaravola,Aug-19,2019,Dry,Mansonia uniformis,47,9347341,6954286,6.76,Amparafaravola narna-like virus 4,Amparafaravola narna-like virus 4  isolate MAD690
HGJMGBGXG_Madagascar-Amparafaravola-Aug-2019-Dry-Ma-uniformis-1_S63,NODE_629_length_1062_cov_1.569262,Metaviridae,Madagascar,Amparafaravola,Aug-19,2019,Dry,Mansonia uniformis,40,9347341,6954286,5.75,Amparafaravola meta-like virus 19,Amparafaravola meta-like virus 19  isolate MAD689
HGJMGBGXG_Madagascar-Amparafaravola-Aug-2019-Dry-Ma-uniformis-2_S64,NODE_1_length_6913_cov_29.339474,Metaviridae,Madagascar,Amparafaravola,Aug-19,2019,Dry,Mansonia uniformis,4506,11181658,7987942,564.1,Amparafaravola meta-like virus 15,Amparafaravola meta-like virus 15  isolate MAD691
HGJMGBGXG_Madagascar-Amparafaravola-Aug-2019-Dry-Ma-uniformis-2_S64,NODE_14_length_5351_cov_40.097575,Orthototiviridae,Madagascar,Amparafaravola,Aug-19,2019,Dry,Mansonia uniformis,3194,11181658,7987942,399.85,Amparafaravola orthototi-like virus 10,Amparafaravola orthototi-like virus 10  isolate MAD699
HGJMGBGXG_Madagascar-Amparafaravola-Aug-2019-Dry-Ma-uniformis-2_S64,NODE_219_length_1878_cov_5.154017,Narnaviridae,Madagascar,Amparafaravola,Aug-19,2019,Dry,Mansonia uniformis,156,11181658,7987942,19.53,Amparafaravola narna-like virus 4,Amparafaravola narna-like virus 4  isolate MAD698
HGJMGBGXG_Madagascar-Amparafaravola-Aug-2019-Dry-Ma-uniformis-2_S64,NODE_203_length_1946_cov_2.701014,Metaviridae,Madagascar,Amparafaravola,Aug-19,2019,Dry,Mansonia uniformis,236,11181658,7987942,29.55,Amparafaravola meta-like virus 17,Amparafaravola meta-like virus 17  isolate MAD693
HGJMGBGXG_Madagascar-Amparafaravola-Aug-2019-Dry-Ma-uniformis-2_S64,NODE_66_length_3863_cov_5.397098,Metaviridae,Madagascar,Amparafaravola,Aug-19,2019,Dry,Mansonia uniformis,586,11181658,7987942,73.36,Amparafaravola meta-like virus 16,Amparafaravola meta-like virus 16  isolate MAD692
HGJMGBGXG_Madagascar-Amparafaravola-Aug-2019-Dry-Ma-uniformis-2_S64,NODE_28_length_4689_cov_2.256499,Metaviridae,Madagascar,Amparafaravola,Aug-19,2019,Dry,Mansonia uniformis,477,11181658,7987942,59.72,Amparafaravola meta-like virus 21,Amparafaravola meta-like virus 21  isolate MAD696
HGJMGBGXG_Madagascar-Amparafaravola-Aug-2019-Dry-Ma-uniformis-2_S64,NODE_580_length_1145_cov_2.189366,Metaviridae,Madagascar,Amparafaravola,Aug-19,2019,Dry,Mansonia uniformis,64,11181658,7987942,08.01,Amparafaravola meta-like virus 18,Amparafaravola meta-like virus 18  isolate MAD694
HGJMGBGXG_Madagascar-Amparafaravola-Aug-2019-Dry-Ma-uniformis-2_S64,NODE_620_length_1108_cov_2.326570,Metaviridae,Madagascar,Amparafaravola,Aug-19,2019,Dry,Mansonia uniformis,49,11181658,7987942,6.13,Amparafaravola meta-like virus 22,Amparafaravola meta-like virus 22  isolate MAD697
HGJMGBGXG_Madagascar-Amparafaravola-Aug-2019-Dry-Ma-uniformis-2_S64,NODE_592_length_1135_cov_1.254237,Metaviridae,Madagascar,Amparafaravola,Aug-19,2019,Dry,Mansonia uniformis,38,11181658,7987942,4.76,Amparafaravola meta-like virus 20,Amparafaravola meta-like virus 20  isolate MAD695
HGJMGBGXG_Madagascar-Amparafaravola-Aug-2019-Dry-Ma-uniformis-3_S65,NODE_4_length_7336_cov_7.343109,Metaviridae,Madagascar,Amparafaravola,Aug-19,2019,Dry,Mansonia uniformis,1361,9779046,8578067,158.66,Amparafaravola meta-like virus 18,Amparafaravola meta-like virus 18  isolate MAD703
HGJMGBGXG_Madagascar-Amparafaravola-Aug-2019-Dry-Ma-uniformis-3_S65,NODE_5_length_7237_cov_47.489391,Metaviridae,Madagascar,Amparafaravola,Aug-19,2019,Dry,Mansonia uniformis,6635,9779046,8578067,773.48,Amparafaravola meta-like virus 15,Amparafaravola meta-like virus 15  isolate MAD700
HGJMGBGXG_Madagascar-Amparafaravola-Aug-2019-Dry-Ma-uniformis-3_S65,NODE_141_length_3383_cov_7.041390,Metaviridae,Madagascar,Amparafaravola,Aug-19,2019,Dry,Mansonia uniformis,19241,9779046,8578067,2243.05,Amparafaravola meta-like virus 16,Amparafaravola meta-like virus 16  isolate MAD701
HGJMGBGXG_Madagascar-Amparafaravola-Aug-2019-Dry-Ma-uniformis-3_S65,NODE_159_length_3226_cov_6.117031,Metaviridae,Madagascar,Amparafaravola,Aug-19,2019,Dry,Mansonia uniformis,10144,9779046,8578067,1182.55,Amparafaravola meta-like virus 17,Amparafaravola meta-like virus 17  isolate MAD702
HGJMGBGXG_Madagascar-Amparafaravola-Aug-2019-Dry-Ma-uniformis-3_S65,NODE_162_length_3185_cov_2.215617,Metaviridae,Madagascar,Amparafaravola,Aug-19,2019,Dry,Mansonia uniformis,206,9779046,8578067,24.01,Amparafaravola meta-like virus 19,Amparafaravola meta-like virus 19  isolate MAD704
HGJMGBGXG_Madagascar-Amparafaravola-Aug-2019-Dry-Ma-uniformis-3_S65,NODE_6_length_7219_cov_110.511335,Orthototiviridae,Madagascar,Amparafaravola,Aug-19,2019,Dry,Mansonia uniformis,11816,9779046,8578067,1377.47,Amparafaravola orthototi-like virus 10,Amparafaravola orthototi-like virus 10  isolate MAD712
HGJMGBGXG_Madagascar-Amparafaravola-Aug-2019-Dry-Ma-uniformis-3_S65,NODE_469_length_1914_cov_2.213471,Metaviridae,Madagascar,Amparafaravola,Aug-19,2019,Dry,Mansonia uniformis,118,9779046,8578067,13.76,Amparafaravola meta-like virus 23,Amparafaravola meta-like virus 23  isolate MAD707
HGJMGBGXG_Madagascar-Amparafaravola-Aug-2019-Dry-Ma-uniformis-3_S65,NODE_516_length_1823_cov_2.154857,Metaviridae,Madagascar,Amparafaravola,Aug-19,2019,Dry,Mansonia uniformis,184,9779046,8578067,21.45,Amparafaravola meta-like virus 21,Amparafaravola meta-like virus 21  isolate MAD706
HGJMGBGXG_Madagascar-Amparafaravola-Aug-2019-Dry-Ma-uniformis-3_S65,NODE_897_length_1383_cov_2.025191,Metaviridae,Madagascar,Amparafaravola,Aug-19,2019,Dry,Mansonia uniformis,11045,9779046,8578067,1287.59,Amparafaravola meta-like virus 25,Amparafaravola meta-like virus 25  isolate MAD709
HGJMGBGXG_Madagascar-Amparafaravola-Aug-2019-Dry-Ma-uniformis-3_S65,NODE_825_length_1434_cov_1.974284,Metaviridae,Madagascar,Amparafaravola,Aug-19,2019,Dry,Mansonia uniformis,1095,9779046,8578067,127.65,Amparafaravola meta-like virus 20,Amparafaravola meta-like virus 20  isolate MAD705
HGJMGBGXG_Madagascar-Amparafaravola-Aug-2019-Dry-Ma-uniformis-3_S65,NODE_1118_length_1233_cov_2.036207,Narnaviridae,Madagascar,Amparafaravola,Aug-19,2019,Dry,Mansonia uniformis,39,9779046,8578067,4.55,Amparafaravola narna-like virus 4,Amparafaravola narna-like virus 4  isolate MAD711
HGJMGBGXG_Madagascar-Amparafaravola-Aug-2019-Dry-Ma-uniformis-3_S65,NODE_1262_length_1154_cov_1.518964,Metaviridae,Madagascar,Amparafaravola,Aug-19,2019,Dry,Mansonia uniformis,55,9779046,8578067,6.41,Amparafaravola meta-like virus 24,Amparafaravola meta-like virus 24  isolate MAD708
HGJMGBGXG_Madagascar-Amparafaravola-Aug-2019-Dry-Ma-uniformis-3_S65,NODE_406_length_2047_cov_1.788754,Metaviridae,Madagascar,Amparafaravola,Aug-19,2019,Dry,Mansonia uniformis,81,9779046,8578067,9.44,Amparafaravola meta-like virus 26,Amparafaravola meta-like virus 26  isolate MAD710
HGJMGBGXG_Madagascar-Amparafaravola-Aug-2019-Dry-Ma-uniformis-3_S65,NODE_876_length_1395_cov_1.583964,picorna,Madagascar,Amparafaravola,Aug-19,2019,Dry,Mansonia uniformis,134,9779046,8578067,15.62,Amparafaravola picorna-like virus 1,Amparafaravola picorna-like virus 1  isolate MAD713
HGJMGBGXG_Madagascar-Amparafaravola-Feb-2019-Rainy-Anopheles-gambiae-2_S3,NODE_3_length_10708_cov_1189.205642,Flaviviridae,Madagascar,Amparafaravola,Feb-19,2019,Rainy,Anopheles gambiae,192816,7222629,5163022,37345.57,Anopheles flavivirus variant 1,Anopheles flavivirus variant 1  isolate MAD718
HGJMGBGXG_Madagascar-Amparafaravola-Feb-2019-Rainy-Anopheles-gambiae-2_S3,NODE_285_length_2977_cov_1.827135,Metaviridae,Madagascar,Amparafaravola,Feb-19,2019,Rainy,Anopheles gambiae,93,7222629,5163022,18.01,Amparafaravola meta-like virus 5,Amparafaravola meta-like virus 5  isolate MAD716
HGJMGBGXG_Madagascar-Amparafaravola-Feb-2019-Rainy-Anopheles-gambiae-2_S3,NODE_50_length_5005_cov_2.732157,Metaviridae,Madagascar,Amparafaravola,Feb-19,2019,Rainy,Anopheles gambiae,370,7222629,5163022,71.67,Amparafaravola meta-like virus 4,Amparafaravola meta-like virus 4  isolate MAD715
HGJMGBGXG_Madagascar-Amparafaravola-Feb-2019-Rainy-Anopheles-gambiae-2_S3,NODE_546_length_2345_cov_6.404489,Metaviridae,Madagascar,Amparafaravola,Feb-19,2019,Rainy,Anopheles gambiae,350,7222629,5163022,67.79,Amparafaravola meta-like virus 3,Amparafaravola meta-like virus 3  isolate MAD714
HGJMGBGXG_Madagascar-Amparafaravola-Feb-2019-Rainy-Anopheles-gambiae-2_S3,NODE_4663_length_1113_cov_1.432692,Metaviridae,Madagascar,Amparafaravola,Feb-19,2019,Rainy,Anopheles gambiae,29,7222629,5163022,5.62,Amparafaravola meta-like virus 6,Amparafaravola meta-like virus 6  isolate MAD717
HGJMGBGXG_Madagascar-Amparafaravola-Feb-2019-Rainy-Anopheles-gambiae-3_S4,NODE_5_length_10697_cov_844.901920,Flaviviridae,Madagascar,Amparafaravola,Feb-19,2019,Rainy,Anopheles gambiae,137881,6810537,3781276,36464.15,Anopheles flavivirus variant 1,Anopheles flavivirus variant 1  isolate MAD722
HGJMGBGXG_Madagascar-Amparafaravola-Feb-2019-Rainy-Anopheles-gambiae-3_S4,NODE_58_length_3522_cov_419.951870,Chrysoviridae,Madagascar,Amparafaravola,Feb-19,2019,Rainy,Anopheles gambiae,22327,6810537,3781276,5904.62,Amparafaravola chryso-like virus 1,Amparafaravola chryso-like virus 1  isolate MAD719
HGJMGBGXG_Madagascar-Amparafaravola-Feb-2019-Rainy-Anopheles-gambiae-3_S4,NODE_20_length_5275_cov_6.183775,Metaviridae,Madagascar,Amparafaravola,Feb-19,2019,Rainy,Anopheles gambiae,846,6810537,3781276,223.73,Amparafaravola meta-like virus 3,Amparafaravola meta-like virus 3  isolate MAD720
HGJMGBGXG_Madagascar-Amparafaravola-Feb-2019-Rainy-Anopheles-gambiae-3_S4,NODE_508_length_1652_cov_2.037999,Dicistroviridae,Madagascar,Amparafaravola,Feb-19,2019,Rainy,Anopheles gambiae,49,6810537,3781276,12.96,Mosquito picorna-like virus YN5,Mosquito picorna-like virus YN5  isolate MAD723
HGJMGBGXG_Madagascar-Amparafaravola-Feb-2019-Rainy-Anopheles-gambiae-3_S4,NODE_1546_length_1052_cov_1.984678,Narnaviridae,Madagascar,Amparafaravola,Feb-19,2019,Rainy,Anopheles gambiae,32,6810537,3781276,8.46,Amparafaravola narna-like virus 1,Amparafaravola narna-like virus 1  isolate MAD721
HGJMGBGXG_Madagascar-Amparafaravola-Feb-2019-Rainy-Culex-antennatus-1_S5,NODE_1_length_11017_cov_38.159357,Kitaviridae,Madagascar,Amparafaravola,Feb-19,2019,Rainy,Culex antennatus,6479,8496510,2646772,2447.89,Culex pipiens-associated Tunisia virus,Culex pipiens-associated Tunisia virus  isolate MAD725
HGJMGBGXG_Madagascar-Amparafaravola-Feb-2019-Rainy-Culex-antennatus-1_S5,NODE_19_length_4477_cov_3.898728,Metaviridae,Madagascar,Amparafaravola,Feb-19,2019,Rainy,Culex antennatus,1474,8496510,2646772,556.9,Amparafaravola meta-like virus 12,Amparafaravola meta-like virus 12  isolate MAD724
HGJMGBGXG_Madagascar-Amparafaravola-Feb-2019-Rainy-Culex-antennatus-1_S5,NODE_10_length_4959_cov_1255.858371,picorna,Madagascar,Amparafaravola,Feb-19,2019,Rainy,Culex antennatus,89571,8496510,2646772,33841.6,Hubei mosquito virus 4,Hubei mosquito virus 4  isolate MAD727
HGJMGBGXG_Madagascar-Amparafaravola-Feb-2019-Rainy-Culex-antennatus-1_S5,NODE_77_length_2411_cov_2.754063,Rhabdoviridae,Madagascar,Amparafaravola,Feb-19,2019,Rainy,Culex antennatus,193,8496510,2646772,72.92,Mosquito mono-like virus HAN3,Mosquito mono-like virus HAN3  isolate MAD730
HGJMGBGXG_Madagascar-Amparafaravola-Feb-2019-Rainy-Culex-antennatus-1_S5,NODE_125_length_1990_cov_3.102243,Rhabdoviridae,Madagascar,Amparafaravola,Feb-19,2019,Rainy,Culex antennatus,103,8496510,2646772,38.92,Culex rhabdovirus,Culex rhabdovirus  isolate MAD726
HGJMGBGXG_Madagascar-Amparafaravola-Feb-2019-Rainy-Culex-antennatus-1_S5,NODE_289_length_1418_cov_1.853532,Rhabdoviridae,Madagascar,Amparafaravola,Feb-19,2019,Rainy,Culex antennatus,56,8496510,2646772,21.16,Merida virus,Merida virus  isolate MAD728
HGJMGBGXG_Madagascar-Amparafaravola-Feb-2019-Rainy-Culex-antennatus-1_S5,NODE_59_length_2665_cov_1.873071,Rhabdoviridae,Madagascar,Amparafaravola,Feb-19,2019,Rainy,Culex antennatus,89,8496510,2646772,33.63,Merida-like virus,Merida-like virus  isolate MAD729
HGJMGBGXG_Madagascar-Amparafaravola-Feb-2019-Rainy-Culex-antennatus-2_S6,NODE_61_length_4437_cov_15.716774,Metaviridae,Madagascar,Amparafaravola,Feb-19,2019,Rainy,Culex antennatus,1522,11088439,5442096,279.67,Amparafaravola meta-like virus 12,Amparafaravola meta-like virus 12  isolate MAD731
HGJMGBGXG_Madagascar-Amparafaravola-Feb-2019-Rainy-Culex-antennatus-2_S6,NODE_38_length_4967_cov_891.831018,picorna,Madagascar,Amparafaravola,Feb-19,2019,Rainy,Culex antennatus,64207,11088439,5442096,11798.21,Hubei mosquito virus 4,Hubei mosquito virus 4  isolate MAD732
HGJMGBGXG_Madagascar-Amparafaravola-Feb-2019-Rainy-Culex-antennatus-2_S6,NODE_2761_length_1018_cov_1.470899,picorna,Madagascar,Amparafaravola,Feb-19,2019,Rainy,Culex antennatus,21,11088439,5442096,3.86,Mosquito picorna-like virus XZ3,Mosquito picorna-like virus XZ3  isolate MAD733
HGJMGBGXG_Madagascar-Amparafaravola-Feb-2019-Rainy-Culex-antennatus-3_S7,NODE_1_length_11046_cov_45.539142,Kitaviridae,Madagascar,Amparafaravola,Feb-19,2019,Rainy,Culex antennatus,8086,4922841,2529025,3197.28,Culex pipiens-associated Tunisia virus,Culex pipiens-associated Tunisia virus  isolate MAD736
HGJMGBGXG_Madagascar-Amparafaravola-Feb-2019-Rainy-Culex-antennatus-3_S7,NODE_23_length_4601_cov_8.123012,Metaviridae,Madagascar,Amparafaravola,Feb-19,2019,Rainy,Culex antennatus,882,4922841,2529025,348.75,Amparafaravola meta-like virus 12,Amparafaravola meta-like virus 12  isolate MAD734
HGJMGBGXG_Madagascar-Amparafaravola-Feb-2019-Rainy-Culex-antennatus-3_S7,NODE_20_length_4674_cov_11.628776,picorna,Madagascar,Amparafaravola,Feb-19,2019,Rainy,Culex antennatus,783,4922841,2529025,309.61,Hubei mosquito virus 4,Hubei mosquito virus 4  isolate MAD738
HGJMGBGXG_Madagascar-Amparafaravola-Feb-2019-Rainy-Culex-antennatus-3_S7,NODE_127_length_2196_cov_2.902496,Rhabdoviridae,Madagascar,Amparafaravola,Feb-19,2019,Rainy,Culex antennatus,104,4922841,2529025,41.12,Mosquito mono-like virus HAN3,Mosquito mono-like virus HAN3  isolate MAD741
HGJMGBGXG_Madagascar-Amparafaravola-Feb-2019-Rainy-Culex-antennatus-3_S7,NODE_94_length_2528_cov_2.766191,Rhabdoviridae,Madagascar,Amparafaravola,Feb-19,2019,Rainy,Culex antennatus,104,4922841,2529025,41.12,Merida virus,Merida virus  isolate MAD739
HGJMGBGXG_Madagascar-Amparafaravola-Feb-2019-Rainy-Culex-antennatus-3_S7,NODE_246_length_1598_cov_3.859016,Xinmoviridae,Madagascar,Amparafaravola,Feb-19,2019,Rainy,Culex antennatus,2686,4922841,2529025,1062.07,Amparafaravola xinmo-like virus 1,Amparafaravola xinmo-like virus 1  isolate MAD735
HGJMGBGXG_Madagascar-Amparafaravola-Feb-2019-Rainy-Culex-antennatus-3_S7,NODE_341_length_1386_cov_1.571973,picorna,Madagascar,Amparafaravola,Feb-19,2019,Rainy,Culex antennatus,38,4922841,2529025,15.03,Mosquito picorna-like virus XZ3,Mosquito picorna-like virus XZ3  isolate MAD742
HGJMGBGXG_Madagascar-Amparafaravola-Feb-2019-Rainy-Culex-antennatus-3_S7,NODE_105_length_2424_cov_2.686942,Rhabdoviridae,Madagascar,Amparafaravola,Feb-19,2019,Rainy,Culex antennatus,106,4922841,2529025,41.91,Merida-like virus Turkey,Merida-like virus Turkey  isolate MAD740
HGJMGBGXG_Madagascar-Amparafaravola-Feb-2019-Rainy-Culex-antennatus-3_S7,NODE_443_length_1208_cov_5.470485,Rhabdoviridae,Madagascar,Amparafaravola,Feb-19,2019,Rainy,Culex antennatus,104,4922841,2529025,41.12,Culex rhabdovirus,Culex rhabdovirus  isolate MAD737
HGJMGBGXG_Madagascar-Amparafaravola-Feb-2019-Rainy-Culex-bitaeniorhynchus-2_S10,NODE_3_length_6292_cov_314.580640,Orthototiviridae,Madagascar,Amparafaravola,Feb-19,2019,Rainy,Culex bitaeniorhynchus,30222,7546969,938919,32188.08,XiangYun toti-like virus 6,XiangYun toti-like virus 6  isolate MAD746
HGJMGBGXG_Madagascar-Amparafaravola-Feb-2019-Rainy-Culex-bitaeniorhynchus-2_S10,NODE_19_length_3168_cov_498.819709,Solemoviridae,Madagascar,Amparafaravola,Feb-19,2019,Rainy,Culex bitaeniorhynchus,23065,7546969,938919,24565.48,Hubei mosquito virus 2,Hubei mosquito virus 2  isolate MAD745
HGJMGBGXG_Madagascar-Amparafaravola-Feb-2019-Rainy-Culex-bitaeniorhynchus-2_S10,NODE_69_length_1476_cov_186.861012,Partitiviridae,Madagascar,Amparafaravola,Feb-19,2019,Rainy,Culex bitaeniorhynchus,3961,7546969,938919,4218.68,Atrato Partiti-like virus 4,Atrato Partiti-like virus 4  isolate MAD744
HGJMGBGXG_Madagascar-Amparafaravola-Feb-2019-Rainy-Culex-bitaeniorhynchus-2_S10,NODE_101_length_1291_cov_1.577997,Phenuiviridae,Madagascar,Amparafaravola,Feb-19,2019,Rainy,Culex bitaeniorhynchus,30,7546969,938919,31.95,Amparafaravola phenui-like virus 2,Amparafaravola phenui-like virus 2  isolate MAD743
HGJMGBGXG_Madagascar-Amparafaravola-Feb-2019-Rainy-Culex-bitaeniorhynchus-3_S11,NODE_1_length_10501_cov_282.983122,Virgaviridae,Madagascar,Amparafaravola,Feb-19,2019,Rainy,Culex bitaeniorhynchus,46653,4202808,2077348,22457.96,Pyongtaek Culex Virga-like virus,Pyongtaek Culex Virga-like virus  isolate MAD747
HGJMGBGXG_Madagascar-Amparafaravola-Feb-2019-Rainy-Culex-bitaeniorhynchus-3_S11,NODE_6_length_6093_cov_1344.339535,Orthototiviridae,Madagascar,Amparafaravola,Feb-19,2019,Rainy,Culex bitaeniorhynchus,132182,4202808,2077348,63630.17,XiangYun toti-like virus 6,XiangYun toti-like virus 6  isolate MAD749
HGJMGBGXG_Madagascar-Amparafaravola-Feb-2019-Rainy-Culex-bitaeniorhynchus-3_S11,NODE_124_length_2248_cov_99.620690,Solemoviridae,Madagascar,Amparafaravola,Feb-19,2019,Rainy,Culex bitaeniorhynchus,3290,4202808,2077348,1583.75,Wenzhou sobemo-like virus 4,Wenzhou sobemo-like virus 4  isolate MAD748
HGJMGBGXG_Madagascar-Amparafaravola-Feb-2019-Rainy-Culex-tritaeniorhynchus-1_S12,NODE_58_length_2033_cov_1.729592,Orthototiviridae,Madagascar,Amparafaravola,Feb-19,2019,Rainy,Culex tritaeniorhynchus,53,8401167,1669914,31.74,XiangYun toti-like virus 5,XiangYun toti-like virus 5  isolate MAD752
HGJMGBGXG_Madagascar-Amparafaravola-Feb-2019-Rainy-Culex-tritaeniorhynchus-1_S12,NODE_47_length_2205_cov_2.234053,Orthototiviridae,Madagascar,Amparafaravola,Feb-19,2019,Rainy,Culex tritaeniorhynchus,108,8401167,1669914,64.67,Amparafaravola orthototi-like virus 1,Amparafaravola orthototi-like virus 1  isolate MAD750
HGJMGBGXG_Madagascar-Amparafaravola-Feb-2019-Rainy-Culex-tritaeniorhynchus-1_S12,NODE_103_length_1554_cov_6223.237677,Partitiviridae,Madagascar,Amparafaravola,Feb-19,2019,Rainy,Culex tritaeniorhynchus,133220,8401167,1669914,79776.56,Atrato Partiti-like virus 4,Atrato Partiti-like virus 4  isolate MAD751
HGJMGBGXG_Madagascar-Amparafaravola-Feb-2019-Rainy-Culex-univittatus-2_S14,NODE_2_length_11079_cov_68.901781,Iflaviridae,Madagascar,Amparafaravola,Feb-19,2019,Rainy,Culex univittatus,11208,12616311,2640478,4244.69,Amparafaravola ifla-like virus 3,Amparafaravola ifla-like virus 3  isolate MAD755
HGJMGBGXG_Madagascar-Amparafaravola-Feb-2019-Rainy-Culex-univittatus-2_S14,NODE_3_length_10052_cov_22.268664,Iflaviridae,Madagascar,Amparafaravola,Feb-19,2019,Rainy,Culex univittatus,3355,12616311,2640478,1270.6,Amparafaravola ifla-like virus 2,Amparafaravola ifla-like virus 2  isolate MAD754
HGJMGBGXG_Madagascar-Amparafaravola-Feb-2019-Rainy-Culex-univittatus-2_S14,NODE_1_length_12565_cov_41.078931,Kitaviridae,Madagascar,Amparafaravola,Feb-19,2019,Rainy,Culex univittatus,7737,12616311,2640478,2930.15,Amparafaravola kita-like virus 1,Amparafaravola kita-like virus 1  isolate MAD756
HGJMGBGXG_Madagascar-Amparafaravola-Feb-2019-Rainy-Culex-univittatus-2_S14,NODE_151_length_1976_cov_3.186022,Orthototiviridae,Madagascar,Amparafaravola,Feb-19,2019,Rainy,Culex univittatus,326,12616311,2640478,123.46,Amparafaravola orthototi-like virus 8,Amparafaravola orthototi-like virus 8  isolate MAD757
HGJMGBGXG_Madagascar-Amparafaravola-Feb-2019-Rainy-Culex-univittatus-2_S14,NODE_228_length_1669_cov_3.406642,Orthototiviridae,Madagascar,Amparafaravola,Feb-19,2019,Rainy,Culex univittatus,149,12616311,2640478,56.43,Mosquito toti-like virus HAN4,Mosquito toti-like virus HAN4  isolate MAD758
HGJMGBGXG_Madagascar-Amparafaravola-Feb-2019-Rainy-Culex-univittatus-2_S14,NODE_319_length_1441_cov_3.937135,Dicistroviridae,Madagascar,Amparafaravola,Feb-19,2019,Rainy,Culex univittatus,84,12616311,2640478,31.81,Amparafaravola dicistro-like virus 1,Amparafaravola dicistro-like virus 1  isolate MAD753
HGJMGBGXG_Madagascar-Amparafaravola-Feb-2019-Rainy-Culex-univittatus-3_S15,NODE_74_length_3391_cov_6.232972,Tymoviridae,Madagascar,Amparafaravola,Feb-19,2019,Rainy,Culex univittatus,314,5429781,3205465,97.96,Culex pseudovishnui tymo-like virus,Culex pseudovishnui tymo-like virus  isolate MAD761
HGJMGBGXG_Madagascar-Amparafaravola-Feb-2019-Rainy-Culex-univittatus-3_S15,NODE_255_length_2062_cov_3.565108,Metaviridae,Madagascar,Amparafaravola,Feb-19,2019,Rainy,Culex univittatus,218,5429781,3205465,68.01,Amparafaravola meta-like virus 14,Amparafaravola meta-like virus 14  isolate MAD759
HGJMGBGXG_Madagascar-Amparafaravola-Feb-2019-Rainy-Culex-univittatus-3_S15,NODE_530_length_1460_cov_2.019466,Orthototiviridae,Madagascar,Amparafaravola,Feb-19,2019,Rainy,Culex univittatus,41,5429781,3205465,12.79,Amparafaravola orthototi-like virus 9,Amparafaravola orthototi-like virus 9  isolate MAD760
HGJMGBGXG_Madagascar-Amparafaravola-Feb-2019-Rainy-Culex-univittatus-3_S15,NODE_899_length_1175_cov_3.352087,Tymoviridae,Madagascar,Amparafaravola,Feb-19,2019,Rainy,Culex univittatus,657,5429781,3205465,204.96,Guadeloupe Culex tymo-like virus,Guadeloupe Culex tymo-like virus  isolate MAD762
HGJMGBGXG_Madagascar-Amparafaravola-Feb-2019-Rainy-Mansonia-uniformis-1_S16,NODE_101_length_2772_cov_2.553538,Orthototiviridae,Madagascar,Amparafaravola,Feb-19,2019,Rainy,Mansonia uniformis,239,11923042,5137707,46.52,Amparafaravola orthototi-like virus 10,Amparafaravola orthototi-like virus 10  isolate MAD768
HGJMGBGXG_Madagascar-Amparafaravola-Feb-2019-Rainy-Mansonia-uniformis-1_S16,NODE_28_length_4353_cov_20.426869,Metaviridae,Madagascar,Amparafaravola,Feb-19,2019,Rainy,Mansonia uniformis,2519,11923042,5137707,490.3,Amparafaravola meta-like virus 15,Amparafaravola meta-like virus 15  isolate MAD763
HGJMGBGXG_Madagascar-Amparafaravola-Feb-2019-Rainy-Mansonia-uniformis-1_S16,NODE_178_length_2059_cov_4.553877,Tombusviridae,Madagascar,Amparafaravola,Feb-19,2019,Rainy,Mansonia uniformis,152,11923042,5137707,29.59,Amparafaravola tombus-like virus 1,Amparafaravola tombus-like virus 1  isolate MAD769
HGJMGBGXG_Madagascar-Amparafaravola-Feb-2019-Rainy-Mansonia-uniformis-1_S16,NODE_332_length_1503_cov_1.749650,Metaviridae,Madagascar,Amparafaravola,Feb-19,2019,Rainy,Mansonia uniformis,91,11923042,5137707,17.71,Amparafaravola meta-like virus 17,Amparafaravola meta-like virus 17  isolate MAD765
HGJMGBGXG_Madagascar-Amparafaravola-Feb-2019-Rainy-Mansonia-uniformis-1_S16,NODE_412_length_1355_cov_4.645866,Metaviridae,Madagascar,Amparafaravola,Feb-19,2019,Rainy,Mansonia uniformis,165,11923042,5137707,32.12,Amparafaravola meta-like virus 16,Amparafaravola meta-like virus 16  isolate MAD764
HGJMGBGXG_Madagascar-Amparafaravola-Feb-2019-Rainy-Mansonia-uniformis-1_S16,NODE_135_length_2377_cov_0.931424,Metaviridae,Madagascar,Amparafaravola,Feb-19,2019,Rainy,Mansonia uniformis,110,11923042,5137707,21.41,Amparafaravola meta-like virus 21,Amparafaravola meta-like virus 21  isolate MAD767
HGJMGBGXG_Madagascar-Amparafaravola-Feb-2019-Rainy-Mansonia-uniformis-1_S16,NODE_158_length_2179_cov_3.929250,Metaviridae,Madagascar,Amparafaravola,Feb-19,2019,Rainy,Mansonia uniformis,235,11923042,5137707,45.74,Amparafaravola meta-like virus 18,Amparafaravola meta-like virus 18  isolate MAD766
HGJMGBGXG_Madagascar-Amparafaravola-Feb-2019-Rainy-Mansonia-uniformis-2_S17,NODE_1_length_7043_cov_21.546628,Metaviridae,Madagascar,Amparafaravola,Feb-19,2019,Rainy,Mansonia uniformis,3686,8124834,5194077,709.65,Amparafaravola meta-like virus 15,Amparafaravola meta-like virus 15  isolate MAD770
HGJMGBGXG_Madagascar-Amparafaravola-Feb-2019-Rainy-Mansonia-uniformis-2_S17,NODE_2_length_7041_cov_6.347589,Orthototiviridae,Madagascar,Amparafaravola,Feb-19,2019,Rainy,Mansonia uniformis,743,8124834,5194077,143.05,Amparafaravola orthototi-like virus 10,Amparafaravola orthototi-like virus 10  isolate MAD776
HGJMGBGXG_Madagascar-Amparafaravola-Feb-2019-Rainy-Mansonia-uniformis-2_S17,NODE_29_length_4017_cov_2.492647,Metaviridae,Madagascar,Amparafaravola,Feb-19,2019,Rainy,Mansonia uniformis,310,8124834,5194077,59.68,Amparafaravola meta-like virus 18,Amparafaravola meta-like virus 18  isolate MAD773
HGJMGBGXG_Madagascar-Amparafaravola-Feb-2019-Rainy-Mansonia-uniformis-2_S17,NODE_180_length_1859_cov_1.232363,Metaviridae,Madagascar,Amparafaravola,Feb-19,2019,Rainy,Mansonia uniformis,109,8124834,5194077,20.99,Amparafaravola meta-like virus 21,Amparafaravola meta-like virus 21  isolate MAD774
HGJMGBGXG_Madagascar-Amparafaravola-Feb-2019-Rainy-Mansonia-uniformis-2_S17,NODE_170_length_1901_cov_4.166302,Metaviridae,Madagascar,Amparafaravola,Feb-19,2019,Rainy,Mansonia uniformis,310,8124834,5194077,59.68,Amparafaravola meta-like virus 16,Amparafaravola meta-like virus 16  isolate MAD771
HGJMGBGXG_Madagascar-Amparafaravola-Feb-2019-Rainy-Mansonia-uniformis-2_S17,NODE_126_length_2174_cov_2.404569,Metaviridae,Madagascar,Amparafaravola,Feb-19,2019,Rainy,Mansonia uniformis,5261,8124834,5194077,1012.88,Amparafaravola meta-like virus 17,Amparafaravola meta-like virus 17  isolate MAD772
HGJMGBGXG_Madagascar-Amparafaravola-Feb-2019-Rainy-Mansonia-uniformis-2_S17,NODE_362_length_1364_cov_1.409760,Metaviridae,Madagascar,Amparafaravola,Feb-19,2019,Rainy,Mansonia uniformis,986,8124834,5194077,189.83,Amparafaravola meta-like virus 22,Amparafaravola meta-like virus 22  isolate MAD775
HGJMGBGXG_Madagascar-Amparafaravola-Feb-2019-Rainy-Mansonia-uniformis-3_S18,NODE_1_length_7206_cov_2.520398,Orthototiviridae,Madagascar,Amparafaravola,Feb-19,2019,Rainy,Mansonia uniformis,348,5006166,2362373,147.31,Amparafaravola orthototi-like virus 10,Amparafaravola orthototi-like virus 10  isolate MAD780
HGJMGBGXG_Madagascar-Amparafaravola-Feb-2019-Rainy-Mansonia-uniformis-3_S18,NODE_67_length_2326_cov_5.326676,Metaviridae,Madagascar,Amparafaravola,Feb-19,2019,Rainy,Mansonia uniformis,233,5006166,2362373,98.63,Amparafaravola meta-like virus 15,Amparafaravola meta-like virus 15  isolate MAD777
HGJMGBGXG_Madagascar-Amparafaravola-Feb-2019-Rainy-Mansonia-uniformis-3_S18,NODE_111_length_1733_cov_2.781325,Rhabdoviridae,Madagascar,Amparafaravola,Feb-19,2019,Rainy,Mansonia uniformis,66,5006166,2362373,27.94,Amparafaravola rhabdo-like virus 1,Amparafaravola rhabdo-like virus 1  isolate MAD782
HGJMGBGXG_Madagascar-Amparafaravola-Feb-2019-Rainy-Mansonia-uniformis-3_S18,NODE_130_length_1644_cov_8.851687,Partitiviridae,Madagascar,Amparafaravola,Feb-19,2019,Rainy,Mansonia uniformis,205,5006166,2362373,86.78,Amparafaravola partiti-like virus 9,Amparafaravola partiti-like virus 9  isolate MAD781
HGJMGBGXG_Madagascar-Amparafaravola-Feb-2019-Rainy-Mansonia-uniformis-3_S18,NODE_220_length_1295_cov_1.419804,Metaviridae,Madagascar,Amparafaravola,Feb-19,2019,Rainy,Mansonia uniformis,48,5006166,2362373,20.32,Amparafaravola meta-like virus 17,Amparafaravola meta-like virus 17  isolate MAD778
HGJMGBGXG_Madagascar-Amparafaravola-Feb-2019-Rainy-Mansonia-uniformis-3_S18,NODE_237_length_1251_cov_1.945671,Metaviridae,Madagascar,Amparafaravola,Feb-19,2019,Rainy,Mansonia uniformis,75,5006166,2362373,31.75,Amparafaravola meta-like virus 18,Amparafaravola meta-like virus 18  isolate MAD779
HGJMGBGXG_Madagascar-Mampikony-Feb-2019-Rainy-Anopheles-coustani-1_S25,NODE_2_length_10093_cov_56.020359,Kitaviridae,Madagascar,Mampikony,Feb-19,2019,Rainy,Anopheles coustani,8574,6745519,5784620,1482.21,Mampikony kita-like virus 1,Mampikony kita-like virus 1  isolate MAD783
HGJMGBGXG_Madagascar-Mampikony-Feb-2019-Rainy-Anopheles-coustani-1_S25,NODE_21_length_5945_cov_4.237057,Metaviridae,Madagascar,Mampikony,Feb-19,2019,Rainy,Anopheles coustani,558,6745519,5784620,96.46,Mampikony meta-like virus 6,Mampikony meta-like virus 6  isolate MAD790
HGJMGBGXG_Madagascar-Mampikony-Feb-2019-Rainy-Anopheles-coustani-1_S25,NODE_41_length_5253_cov_6.915251,Metaviridae,Madagascar,Mampikony,Feb-19,2019,Rainy,Anopheles coustani,814,6745519,5784620,140.72,Mampikony meta-like virus 7,Mampikony meta-like virus 7  isolate MAD791
HGJMGBGXG_Madagascar-Mampikony-Feb-2019-Rainy-Anopheles-coustani-1_S25,NODE_6_length_7787_cov_5.223619,Metaviridae,Madagascar,Mampikony,Feb-19,2019,Rainy,Anopheles coustani,983,6745519,5784620,169.93,Mampikony meta-like virus 10,Mampikony meta-like virus 10  isolate MAD785
HGJMGBGXG_Madagascar-Mampikony-Feb-2019-Rainy-Anopheles-coustani-1_S25,NODE_343_length_2639_cov_1.808652,Metaviridae,Madagascar,Mampikony,Feb-19,2019,Rainy,Anopheles coustani,85,6745519,5784620,14.69,Mampikony meta-like virus 8,Mampikony meta-like virus 8  isolate MAD792
HGJMGBGXG_Madagascar-Mampikony-Feb-2019-Rainy-Anopheles-coustani-1_S25,NODE_153_length_3471_cov_1.821366,Metaviridae,Madagascar,Mampikony,Feb-19,2019,Rainy,Anopheles coustani,2500,6745519,5784620,432.18,Mampikony meta-like virus 3,Mampikony meta-like virus 3  isolate MAD787
HGJMGBGXG_Madagascar-Mampikony-Feb-2019-Rainy-Anopheles-coustani-1_S25,NODE_83_length_4318_cov_4.103887,Metaviridae,Madagascar,Mampikony,Feb-19,2019,Rainy,Anopheles coustani,352,6745519,5784620,60.85,Mampikony meta-like virus 2,Mampikony meta-like virus 2  isolate MAD786
HGJMGBGXG_Madagascar-Mampikony-Feb-2019-Rainy-Anopheles-coustani-1_S25,NODE_1033_length_1965_cov_5.532241,Metaviridae,Madagascar,Mampikony,Feb-19,2019,Rainy,Anopheles coustani,345,6745519,5784620,59.64,Mampikony meta-like virus 4,Mampikony meta-like virus 4  isolate MAD788
HGJMGBGXG_Madagascar-Mampikony-Feb-2019-Rainy-Anopheles-coustani-1_S25,NODE_456_length_2446_cov_2.042562,Metaviridae,Madagascar,Mampikony,Feb-19,2019,Rainy,Anopheles coustani,191,6745519,5784620,33.02,Mampikony meta-like virus 5,Mampikony meta-like virus 5  isolate MAD789
HGJMGBGXG_Madagascar-Mampikony-Feb-2019-Rainy-Anopheles-coustani-1_S25,NODE_270_length_2840_cov_385.561619,Solemoviridae,Madagascar,Mampikony,Feb-19,2019,Rainy,Anopheles coustani,15950,6745519,5784620,2757.31,Mampikony solemo-like virus 1,Mampikony solemo-like virus 1  isolate MAD794
HGJMGBGXG_Madagascar-Mampikony-Feb-2019-Rainy-Anopheles-coustani-1_S25,NODE_5321_length_1287_cov_5.128501,Metaviridae,Madagascar,Mampikony,Feb-19,2019,Rainy,Anopheles coustani,235,6745519,5784620,40.63,Mampikony meta-like virus 9,Mampikony meta-like virus 9  isolate MAD793
HGJMGBGXG_Madagascar-Mampikony-Feb-2019-Rainy-Anopheles-coustani-1_S25,NODE_8216_length_1145_cov_2.618470,Metaviridae,Madagascar,Mampikony,Feb-19,2019,Rainy,Anopheles coustani,57,6745519,5784620,9.85,Mampikony meta-like virus 1,Mampikony meta-like virus 1  isolate MAD784
HGJMGBGXG_Madagascar-Mampikony-Feb-2019-Rainy-Anopheles-coustani-2_S26,NODE_5_length_7282_cov_5.897073,Metaviridae,Madagascar,Mampikony,Feb-19,2019,Rainy,Anopheles coustani,874,8454438,7628964,114.56,Mampikony meta-like virus 9,Mampikony meta-like virus 9  isolate MAD803
HGJMGBGXG_Madagascar-Mampikony-Feb-2019-Rainy-Anopheles-coustani-2_S26,NODE_11_length_6748_cov_15.477753,Metaviridae,Madagascar,Mampikony,Feb-19,2019,Rainy,Anopheles coustani,2222,8454438,7628964,291.26,Mampikony meta-like virus 7,Mampikony meta-like virus 7  isolate MAD802
HGJMGBGXG_Madagascar-Mampikony-Feb-2019-Rainy-Anopheles-coustani-2_S26,NODE_9_length_7089_cov_9.267531,Metaviridae,Madagascar,Mampikony,Feb-19,2019,Rainy,Anopheles coustani,1479,8454438,7628964,193.87,Mampikony meta-like virus 10,Mampikony meta-like virus 10  isolate MAD796
HGJMGBGXG_Madagascar-Mampikony-Feb-2019-Rainy-Anopheles-coustani-2_S26,NODE_54_length_4974_cov_7.354009,Metaviridae,Madagascar,Mampikony,Feb-19,2019,Rainy,Anopheles coustani,669,8454438,7628964,87.69,Mampikony meta-like virus 2,Mampikony meta-like virus 2  isolate MAD799
HGJMGBGXG_Madagascar-Mampikony-Feb-2019-Rainy-Anopheles-coustani-2_S26,NODE_160_length_3994_cov_10.256822,Metaviridae,Madagascar,Mampikony,Feb-19,2019,Rainy,Anopheles coustani,934,8454438,7628964,122.43,Mampikony meta-like virus 11,Mampikony meta-like virus 11  isolate MAD797
HGJMGBGXG_Madagascar-Mampikony-Feb-2019-Rainy-Anopheles-coustani-2_S26,NODE_88_length_4618_cov_15.151815,Metaviridae,Madagascar,Mampikony,Feb-19,2019,Rainy,Anopheles coustani,1669,8454438,7628964,218.77,Mampikony meta-like virus 6,Mampikony meta-like virus 6  isolate MAD801
HGJMGBGXG_Madagascar-Mampikony-Feb-2019-Rainy-Anopheles-coustani-2_S26,NODE_2036_length_2055_cov_3.336529,Metaviridae,Madagascar,Mampikony,Feb-19,2019,Rainy,Anopheles coustani,502,8454438,7628964,65.8,Mampikony meta-like virus 1,Mampikony meta-like virus 1  isolate MAD795
HGJMGBGXG_Madagascar-Mampikony-Feb-2019-Rainy-Anopheles-coustani-2_S26,NODE_2763_length_1900_cov_14.640941,Metaviridae,Madagascar,Mampikony,Feb-19,2019,Rainy,Anopheles coustani,1265,8454438,7628964,165.82,Mampikony meta-like virus 4,Mampikony meta-like virus 4  isolate MAD800
HGJMGBGXG_Madagascar-Mampikony-Feb-2019-Rainy-Anopheles-coustani-2_S26,NODE_3879_length_1738_cov_2.473273,Metaviridae,Madagascar,Mampikony,Feb-19,2019,Rainy,Anopheles coustani,305,8454438,7628964,39.98,Mampikony meta-like virus 12,Mampikony meta-like virus 12  isolate MAD798
HGJMGBGXG_Madagascar-Mampikony-Feb-2019-Rainy-Anopheles-coustani-2_S26,NODE_4318_length_1688_cov_2.510836,Solemoviridae,Madagascar,Mampikony,Feb-19,2019,Rainy,Anopheles coustani,79,8454438,7628964,10.36,Mampikony solemo-like virus 1,Mampikony solemo-like virus 1  isolate MAD804
HGJMGBGXG_Madagascar-Mampikony-Feb-2019-Rainy-Anopheles-coustani-2_S26,NODE_15810_length_1134_cov_5.270500,picorna,Madagascar,Mampikony,Feb-19,2019,Rainy,Anopheles coustani,116,8454438,7628964,15.2,Mosquito picorna-like virus XZ3,Mosquito picorna-like virus XZ3  isolate MAD805
HGJMGBGXG_Madagascar-Mampikony-Feb-2019-Rainy-Anopheles-coustani-3_S27,NODE_6_length_9955_cov_96.077818,Kitaviridae,Madagascar,Mampikony,Feb-19,2019,Rainy,Anopheles coustani,14400,13709936,11313371,1272.83,Mampikony kita-like virus 1,Mampikony kita-like virus 1  isolate MAD806
HGJMGBGXG_Madagascar-Mampikony-Feb-2019-Rainy-Anopheles-coustani-3_S27,NODE_3_length_10604_cov_12.290476,Metaviridae,Madagascar,Mampikony,Feb-19,2019,Rainy,Anopheles coustani,2094,13709936,11313371,185.09,Mampikony meta-like virus 6,Mampikony meta-like virus 6  isolate MAD815
HGJMGBGXG_Madagascar-Mampikony-Feb-2019-Rainy-Anopheles-coustani-3_S27,NODE_57_length_6664_cov_11.327720,Metaviridae,Madagascar,Mampikony,Feb-19,2019,Rainy,Anopheles coustani,1468,13709936,11313371,129.76,Mampikony meta-like virus 9,Mampikony meta-like virus 9  isolate MAD817
HGJMGBGXG_Madagascar-Mampikony-Feb-2019-Rainy-Anopheles-coustani-3_S27,NODE_76_length_6467_cov_8.801220,Metaviridae,Madagascar,Mampikony,Feb-19,2019,Rainy,Anopheles coustani,1076,13709936,11313371,95.11,Mampikony meta-like virus 2,Mampikony meta-like virus 2  isolate MAD812
HGJMGBGXG_Madagascar-Mampikony-Feb-2019-Rainy-Anopheles-coustani-3_S27,NODE_367_length_4759_cov_8.533504,Metaviridae,Madagascar,Mampikony,Feb-19,2019,Rainy,Anopheles coustani,1091,13709936,11313371,96.43,Mampikony meta-like virus 5,Mampikony meta-like virus 5  isolate MAD814
HGJMGBGXG_Madagascar-Mampikony-Feb-2019-Rainy-Anopheles-coustani-3_S27,NODE_21_length_7841_cov_7.153708,Metaviridae,Madagascar,Mampikony,Feb-19,2019,Rainy,Anopheles coustani,1044,13709936,11313371,92.28,Mampikony meta-like virus 1,Mampikony meta-like virus 1  isolate MAD807
HGJMGBGXG_Madagascar-Mampikony-Feb-2019-Rainy-Anopheles-coustani-3_S27,NODE_186_length_5366_cov_3.445872,Metaviridae,Madagascar,Mampikony,Feb-19,2019,Rainy,Anopheles coustani,628,13709936,11313371,55.51,Mampikony meta-like virus 15,Mampikony meta-like virus 15  isolate MAD810
HGJMGBGXG_Madagascar-Mampikony-Feb-2019-Rainy-Anopheles-coustani-3_S27,NODE_7830_length_2199_cov_14.898401,Metaviridae,Madagascar,Mampikony,Feb-19,2019,Rainy,Anopheles coustani,625,13709936,11313371,55.24,Mampikony meta-like virus 7,Mampikony meta-like virus 7  isolate MAD816
HGJMGBGXG_Madagascar-Mampikony-Feb-2019-Rainy-Anopheles-coustani-3_S27,NODE_3146_length_2862_cov_1689.401219,Solemoviridae,Madagascar,Mampikony,Feb-19,2019,Rainy,Anopheles coustani,75040,13709936,11313371,6632.86,Mampikony solemo-like virus 1,Mampikony solemo-like virus 1  isolate MAD819
HGJMGBGXG_Madagascar-Mampikony-Feb-2019-Rainy-Anopheles-coustani-3_S27,NODE_14469_length_1783_cov_24.619883,Metaviridae,Madagascar,Mampikony,Feb-19,2019,Rainy,Anopheles coustani,1080,13709936,11313371,95.46,Mampikony meta-like virus 4,Mampikony meta-like virus 4  isolate MAD813
HGJMGBGXG_Madagascar-Mampikony-Feb-2019-Rainy-Anopheles-coustani-3_S27,NODE_32258_length_1275_cov_1.469218,Metaviridae,Madagascar,Mampikony,Feb-19,2019,Rainy,Anopheles coustani,1554,13709936,11313371,137.36,Mampikony meta-like virus 14,Mampikony meta-like virus 14  isolate MAD809
HGJMGBGXG_Madagascar-Mampikony-Feb-2019-Rainy-Anopheles-coustani-3_S27,NODE_20540_length_1557_cov_2.966307,Metaviridae,Madagascar,Mampikony,Feb-19,2019,Rainy,Anopheles coustani,182,13709936,11313371,16.09,Mampikony meta-like virus 16,Mampikony meta-like virus 16  isolate MAD811
HGJMGBGXG_Madagascar-Mampikony-Feb-2019-Rainy-Anopheles-coustani-3_S27,NODE_3056_length_2886_cov_5.147529,Metaviridae,Madagascar,Mampikony,Feb-19,2019,Rainy,Anopheles coustani,291,13709936,11313371,25.72,Mampikony meta-like virus 13,Mampikony meta-like virus 13  isolate MAD808
HGJMGBGXG_Madagascar-Mampikony-Feb-2019-Rainy-Anopheles-coustani-3_S27,NODE_45295_length_1070_cov_0.862588,Partitiviridae,Madagascar,Mampikony,Feb-19,2019,Rainy,Anopheles coustani,25,13709936,11313371,2.21,Mampikony partiti-like virus 1,Mampikony partiti-like virus 1  isolate MAD818
HGJMGBGXG_Madagascar-Mampikony-Feb-2019-Rainy-Anopheles-gambiae-2_S29,NODE_1_length_11933_cov_3149.857589,Xinmoviridae,Madagascar,Mampikony,Feb-19,2019,Rainy,Anopheles gambiae,559723,9516226,5621544,99567.49,Mampikony xinmo-like virus 1,Mampikony xinmo-like virus 1  isolate MAD829
HGJMGBGXG_Madagascar-Mampikony-Feb-2019-Rainy-Anopheles-gambiae-2_S29,NODE_18_length_6392_cov_21.751068,Metaviridae,Madagascar,Mampikony,Feb-19,2019,Rainy,Anopheles gambiae,2859,9516226,5621544,508.58,Mampikony meta-like virus 19,Mampikony meta-like virus 19  isolate MAD821
HGJMGBGXG_Madagascar-Mampikony-Feb-2019-Rainy-Anopheles-gambiae-2_S29,NODE_175_length_3372_cov_4.191270,Metaviridae,Madagascar,Mampikony,Feb-19,2019,Rainy,Anopheles gambiae,272,9516226,5621544,48.39,Mampikony meta-like virus 21,Mampikony meta-like virus 21  isolate MAD823
HGJMGBGXG_Madagascar-Mampikony-Feb-2019-Rainy-Anopheles-gambiae-2_S29,NODE_66_length_4710_cov_6.307095,Metaviridae,Madagascar,Mampikony,Feb-19,2019,Rainy,Anopheles gambiae,638,9516226,5621544,113.49,Mampikony meta-like virus 20,Mampikony meta-like virus 20  isolate MAD822
HGJMGBGXG_Madagascar-Mampikony-Feb-2019-Rainy-Anopheles-gambiae-2_S29,NODE_882_length_1971_cov_3.672813,Metaviridae,Madagascar,Mampikony,Feb-19,2019,Rainy,Anopheles gambiae,138,9516226,5621544,24.55,Mampikony meta-like virus 24,Mampikony meta-like virus 24  isolate MAD826
HGJMGBGXG_Madagascar-Mampikony-Feb-2019-Rainy-Anopheles-gambiae-2_S29,NODE_2399_length_1525_cov_4.891873,Permutotetraviridae,Madagascar,Mampikony,Feb-19,2019,Rainy,Anopheles gambiae,108,9516226,5621544,19.21,Mosquito birna-like virus YN4,Mosquito birna-like virus YN4  isolate MAD830
HGJMGBGXG_Madagascar-Mampikony-Feb-2019-Rainy-Anopheles-gambiae-2_S29,NODE_2926_length_1447_cov_2.574964,Polycipiviridae,Madagascar,Mampikony,Feb-19,2019,Rainy,Anopheles gambiae,52,9516226,5621544,9.25,Mampikony polycipi-like virus 1,Mampikony polycipi-like virus 1  isolate MAD828
HGJMGBGXG_Madagascar-Mampikony-Feb-2019-Rainy-Anopheles-gambiae-2_S29,NODE_7890_length_1107_cov_1.402321,Metaviridae,Madagascar,Mampikony,Feb-19,2019,Rainy,Anopheles gambiae,41,9516226,5621544,7.29,Mampikony meta-like virus 25,Mampikony meta-like virus 25  isolate MAD827
HGJMGBGXG_Madagascar-Mampikony-Feb-2019-Rainy-Anopheles-gambiae-2_S29,NODE_2321_length_1541_cov_1.552452,Metaviridae,Madagascar,Mampikony,Feb-19,2019,Rainy,Anopheles gambiae,76,9516226,5621544,13.52,Mampikony meta-like virus 18,Mampikony meta-like virus 18  isolate MAD820
HGJMGBGXG_Madagascar-Mampikony-Feb-2019-Rainy-Anopheles-gambiae-2_S29,NODE_5290_length_1240_cov_1.090831,Metaviridae,Madagascar,Mampikony,Feb-19,2019,Rainy,Anopheles gambiae,31,9516226,5621544,5.51,Mampikony meta-like virus 22,Mampikony meta-like virus 22  isolate MAD824
HGJMGBGXG_Madagascar-Mampikony-Feb-2019-Rainy-Anopheles-gambiae-2_S29,NODE_8405_length_1086_cov_1.097730,Metaviridae,Madagascar,Mampikony,Feb-19,2019,Rainy,Anopheles gambiae,38,9516226,5621544,6.76,Mampikony meta-like virus 23,Mampikony meta-like virus 23  isolate MAD825
HGJMGBGXG_Madagascar-Mampikony-Feb-2019-Rainy-Culex-bitaeniorhynchus-2_S32,NODE_95_length_3835_cov_6.715311,Metaviridae,Madagascar,Mampikony,Feb-19,2019,Rainy,Culex bitaeniorhynchus,2783,11763553,6717052,414.32,Mampikony meta-like virus 36,Mampikony meta-like virus 36  isolate MAD831
HGJMGBGXG_Madagascar-Mampikony-Feb-2019-Rainy-Culex-bitaeniorhynchus-2_S32,NODE_427_length_2117_cov_3.912427,Metaviridae,Madagascar,Mampikony,Feb-19,2019,Rainy,Culex bitaeniorhynchus,184,11763553,6717052,27.39,Mampikony meta-like virus 38,Mampikony meta-like virus 38  isolate MAD833
HGJMGBGXG_Madagascar-Mampikony-Feb-2019-Rainy-Culex-bitaeniorhynchus-2_S32,NODE_410_length_2160_cov_1.670819,Metaviridae,Madagascar,Mampikony,Feb-19,2019,Rainy,Culex bitaeniorhynchus,226,11763553,6717052,33.65,Mampikony meta-like virus 37,Mampikony meta-like virus 37  isolate MAD832
HGJMGBGXG_Madagascar-Mampikony-Feb-2019-Rainy-Culex-bitaeniorhynchus-3_S33,NODE_1_length_9819_cov_41.857993,Dicistroviridae,Madagascar,Mampikony,Feb-19,2019,Rainy,Culex bitaeniorhynchus,6159,11806862,7707524,799.09,Dicistroviridae sp.,Dicistroviridae sp.  isolate MAD834
HGJMGBGXG_Madagascar-Mampikony-Feb-2019-Rainy-Culex-bitaeniorhynchus-3_S33,NODE_82_length_4382_cov_1.899977,Metaviridae,Madagascar,Mampikony,Feb-19,2019,Rainy,Culex bitaeniorhynchus,2858,11806862,7707524,370.81,Mampikony meta-like virus 37,Mampikony meta-like virus 37  isolate MAD835
HGJMGBGXG_Madagascar-Mampikony-Feb-2019-Rainy-Culex-bitaeniorhynchus-3_S33,NODE_31_length_5749_cov_6.682171,Metaviridae,Madagascar,Mampikony,Feb-19,2019,Rainy,Culex bitaeniorhynchus,897,11806862,7707524,116.38,Mampikony meta-like virus 38,Mampikony meta-like virus 38  isolate MAD836
HGJMGBGXG_Madagascar-Mampikony-Feb-2019-Rainy-Culex-bitaeniorhynchus-3_S33,NODE_2302_length_1199_cov_1.563055,Metaviridae,Madagascar,Mampikony,Feb-19,2019,Rainy,Culex bitaeniorhynchus,34,11806862,7707524,4.41,Mampikony meta-like virus 39,Mampikony meta-like virus 39  isolate MAD837
HGJMGBGXG_Madagascar-Mampikony-Feb-2019-Rainy-Culex-tritaeniorhynchus-3_S36,NODE_42_length_4180_cov_7.615778,Orthototiviridae,Madagascar,Mampikony,Feb-19,2019,Rainy,Culex tritaeniorhynchus,732,4133892,2276737,321.52,XiangYun toti-like virus 5,XiangYun toti-like virus 5  isolate MAD840
HGJMGBGXG_Madagascar-Mampikony-Feb-2019-Rainy-Culex-tritaeniorhynchus-3_S36,NODE_38_length_4330_cov_2.851304,Metaviridae,Madagascar,Mampikony,Feb-19,2019,Rainy,Culex tritaeniorhynchus,302,4133892,2276737,132.65,Mampikony meta-like virus 40,Mampikony meta-like virus 40  isolate MAD839
HGJMGBGXG_Madagascar-Mampikony-Feb-2019-Rainy-Culex-tritaeniorhynchus-3_S36,NODE_97_length_2800_cov_332.108177,Tombusviridae,Madagascar,Mampikony,Feb-19,2019,Rainy,Culex tritaeniorhynchus,13555,4133892,2276737,5953.7,Culex associated luteo like virus,Culex associated luteo like virus  isolate MAD838
HKVWCAFX2_Madagascar-Ambato-Boeny-Feb-2019-Rainy-Anopheles-coustani-1_S1,NODE_306_length_1544_cov_18.099252,Solemoviridae,Madagascar,Ambato Boeny,Feb-19,2019,Rainy,Anopheles coustani,675,8374516,4160399,162.24,Ambato Boeny solemo-like virus 1,Ambato Boeny solemo-like virus 1  isolate MAD841
HKVWCAFX2_Madagascar-Ambato-Boeny-Feb-2019-Rainy-Anopheles-coustani-3_S3,NODE_5_length_6746_cov_1266.445976,Phenuiviridae,Madagascar,Ambato Boeny,Feb-19,2019,Rainy,Anopheles coustani,127485,6443959,3435388,37109.35,Ambato Boeny phenui-like virus 1,Ambato Boeny phenui-like virus 1  isolate MAD842
HKVWCAFX2_Madagascar-Ambato-Boeny-Feb-2019-Rainy-Anopheles-coustani-3_S3,NODE_24_length_3521_cov_27.808295,Chrysoviridae,Madagascar,Ambato Boeny,Feb-19,2019,Rainy,Anopheles coustani,1629,6443959,3435388,474.18,Chrysoviridae sp.,Chrysoviridae sp.  isolate MAD844
HKVWCAFX2_Madagascar-Ambato-Boeny-Feb-2019-Rainy-Anopheles-coustani-3_S3,NODE_46_length_2790_cov_112.390136,Solemoviridae,Madagascar,Ambato Boeny,Feb-19,2019,Rainy,Anopheles coustani,4901,6443959,3435388,1426.62,Ambato Boeny solemo-like virus 1,Ambato Boeny solemo-like virus 1  isolate MAD843
HKVWCAFX2_Madagascar-Ambato-Boeny-Feb-2019-Rainy-Anopheles-gambiae-2_S5,NODE_5_length_8060_cov_1149.939026,Flaviviridae,Madagascar,Ambato Boeny,Feb-19,2019,Rainy,Anopheles gambiae,173746,6417911,4875416,35637.17,Anopheles flavivirus variant 1,Anopheles flavivirus variant 1  isolate MAD847
HKVWCAFX2_Madagascar-Ambato-Boeny-Feb-2019-Rainy-Anopheles-gambiae-2_S5,NODE_2_length_11953_cov_2413.986111,Xinmoviridae,Madagascar,Ambato Boeny,Feb-19,2019,Rainy,Anopheles gambiae,469256,6417911,4875416,96249.43,Ambato Boeny xinmo-like virus 1,Ambato Boeny xinmo-like virus 1  isolate MAD846
HKVWCAFX2_Madagascar-Ambato-Boeny-Feb-2019-Rainy-Anopheles-gambiae-2_S5,NODE_342_length_1782_cov_8169.637800,Partitiviridae,Madagascar,Ambato Boeny,Feb-19,2019,Rainy,Anopheles gambiae,223829,6417911,4875416,45909.72,Mosquito partiti-like virus YN16,Mosquito partiti-like virus YN16  isolate MAD848
HKVWCAFX2_Madagascar-Ambato-Boeny-Feb-2019-Rainy-Anopheles-gambiae-2_S5,NODE_652_length_1429_cov_1.582596,Metaviridae,Madagascar,Ambato Boeny,Feb-19,2019,Rainy,Anopheles gambiae,93,6417911,4875416,19.08,Ambato Boeny meta-like virus 8,Ambato Boeny meta-like virus 8  isolate MAD845
HKVWCAFX2_Madagascar-Ambato-Boeny-Feb-2019-Rainy-Culex-antennatus-1_S6,NODE_1_length_11114_cov_37.977538,Kitaviridae,Madagascar,Ambato Boeny,Feb-19,2019,Rainy,Culex antennatus,7012,7720740,1971511,3556.66,Culex pipiens-associated Tunisia virus,Culex pipiens-associated Tunisia virus  isolate MAD849
HKVWCAFX2_Madagascar-Ambato-Boeny-Feb-2019-Rainy-Culex-antennatus-2_S7,NODE_1_length_10976_cov_45.490782,Kitaviridae,Madagascar,Ambato Boeny,Feb-19,2019,Rainy,Culex antennatus,8080,6402522,3692791,2188.05,Culex pipiens-associated Tunisia virus,Culex pipiens-associated Tunisia virus  isolate MAD851
HKVWCAFX2_Madagascar-Ambato-Boeny-Feb-2019-Rainy-Culex-antennatus-2_S7,NODE_19_length_3550_cov_3783.788611,Chrysoviridae,Madagascar,Ambato Boeny,Feb-19,2019,Rainy,Culex antennatus,203359,6402522,3692791,55069.19,Chrysoviridae sp.,Chrysoviridae sp.  isolate MAD850
HKVWCAFX2_Madagascar-Ambato-Boeny-Feb-2019-Rainy-Culex-antennatus-3_S8,NODE_20_length_3532_cov_2030.210755,Chrysoviridae,Madagascar,Ambato Boeny,Feb-19,2019,Rainy,Culex antennatus,110767,6496471,2012000,55053.18,Chrysoviridae sp.,Chrysoviridae sp.  isolate MAD852
HKVWCAFX2_Madagascar-Ambato-Boeny-Feb-2019-Rainy-Culex-quinquefasciatus-2_S12,NODE_1_length_8178_cov_11.684022,Iflaviridae,Madagascar,Ambato Boeny,Feb-19,2019,Rainy,Culex quinquefasciatus,1577,8034501,2763203,570.71,Mosquito picorna-like virus XZ1,Mosquito picorna-like virus XZ1  isolate MAD858
HKVWCAFX2_Madagascar-Ambato-Boeny-Feb-2019-Rainy-Culex-quinquefasciatus-2_S12,NODE_7_length_4858_cov_2.199164,Metaviridae,Madagascar,Ambato Boeny,Feb-19,2019,Rainy,Culex quinquefasciatus,316,8034501,2763203,114.36,Ambato Boeny meta-like virus 18,Ambato Boeny meta-like virus 18  isolate MAD854
HKVWCAFX2_Madagascar-Ambato-Boeny-Feb-2019-Rainy-Culex-quinquefasciatus-2_S12,NODE_36_length_3635_cov_2.035654,Metaviridae,Madagascar,Ambato Boeny,Feb-19,2019,Rainy,Culex quinquefasciatus,256,8034501,2763203,92.65,Ambato Boeny meta-like virus 19,Ambato Boeny meta-like virus 19  isolate MAD855
HKVWCAFX2_Madagascar-Ambato-Boeny-Feb-2019-Rainy-Culex-quinquefasciatus-2_S12,NODE_137_length_2523_cov_1.346531,Metaviridae,Madagascar,Ambato Boeny,Feb-19,2019,Rainy,Culex quinquefasciatus,117,8034501,2763203,42.34,Ambato Boeny meta-like virus 20,Ambato Boeny meta-like virus 20  isolate MAD856
HKVWCAFX2_Madagascar-Ambato-Boeny-Feb-2019-Rainy-Culex-quinquefasciatus-2_S12,NODE_201_length_2215_cov_24.864146,Rhabdoviridae,Madagascar,Ambato Boeny,Feb-19,2019,Rainy,Culex quinquefasciatus,910,8034501,2763203,329.33,Culex-associated Luteo-like virus,Culex-associated Luteo-like virus  isolate MAD857
HKVWCAFX2_Madagascar-Ambato-Boeny-Feb-2019-Rainy-Culex-quinquefasciatus-2_S12,NODE_1995_length_1022_cov_8.629083,Iflaviridae,Madagascar,Ambato Boeny,Feb-19,2019,Rainy,Culex quinquefasciatus,137,8034501,2763203,49.58,Ambato Boeny ifla-like virus 1,Ambato Boeny ifla-like virus 1  isolate MAD853
HKVWCAFX2_Madagascar-Ambato-Boeny-Feb-2019-Rainy-Culex-tritaeniorhynchus-3_S16,NODE_2_length_7040_cov_22.237836,Orthototiviridae,Madagascar,Ambato Boeny,Feb-19,2019,Rainy,Culex tritaeniorhynchus,2778,4491899,1147531,2420.85,XiangYun toti-like virus 5,XiangYun toti-like virus 5  isolate MAD860
HKVWCAFX2_Madagascar-Ambato-Boeny-Feb-2019-Rainy-Culex-tritaeniorhynchus-3_S16,NODE_30_length_2652_cov_7.232648,Tombusviridae,Madagascar,Ambato Boeny,Feb-19,2019,Rainy,Culex tritaeniorhynchus,332,4491899,1147531,289.32,Culex associated luteo like virus,Culex associated luteo like virus  isolate MAD859
HKVWCAFX2_Madagascar-Ambato-Boeny-Feb-2019-Rainy-Culex-univittatus-3_S19,NODE_6_length_7019_cov_149.970199,Orthototiviridae,Madagascar,Ambato Boeny,Feb-19,2019,Rainy,Culex tritaeniorhynchus,17981,7841668,5592193,3215.38,XiangYun toti-like virus 5,XiangYun toti-like virus 5  isolate MAD867
HKVWCAFX2_Madagascar-Ambato-Boeny-Feb-2019-Rainy-Culex-univittatus-3_S19,NODE_507_length_1615_cov_1.238651,Metaviridae,Madagascar,Ambato Boeny,Feb-19,2019,Rainy,Culex tritaeniorhynchus,56,7841668,5592193,10.01,Ambato Boeny meta-like virus 21,Ambato Boeny meta-like virus 21  isolate MAD862
HKVWCAFX2_Madagascar-Ambato-Boeny-Feb-2019-Rainy-Culex-univittatus-3_S19,NODE_486_length_1635_cov_2.334187,Dicistroviridae,Madagascar,Ambato Boeny,Feb-19,2019,Rainy,Culex tritaeniorhynchus,58,7841668,5592193,10.37,Ambato Boeny dicistro-like virus 2,Ambato Boeny dicistro-like virus 2  isolate MAD861
HKVWCAFX2_Madagascar-Ambato-Boeny-Feb-2019-Rainy-Culex-univittatus-3_S19,NODE_94_length_2803_cov_3993.420147,Tombusviridae,Madagascar,Ambato Boeny,Feb-19,2019,Rainy,Culex tritaeniorhynchus,193504,7841668,5592193,34602.53,Culex associated luteo like virus,Culex associated luteo like virus  isolate MAD865
HKVWCAFX2_Madagascar-Ambato-Boeny-Feb-2019-Rainy-Culex-univittatus-3_S19,NODE_112_length_2640_cov_6.985586,Orthototiviridae,Madagascar,Ambato Boeny,Feb-19,2019,Rainy,Culex tritaeniorhynchus,377,7841668,5592193,67.42,Ambato Boeny orthototi-like virus 22,Ambato Boeny orthototi-like virus 22  isolate MAD863
HKVWCAFX2_Madagascar-Ambato-Boeny-Feb-2019-Rainy-Culex-univittatus-3_S19,NODE_1133_length_1208_cov_1.901322,Chrysoviridae,Madagascar,Ambato Boeny,Feb-19,2019,Rainy,Culex tritaeniorhynchus,35,7841668,5592193,6.26,Mosquito toti-like virus XZ8,Mosquito toti-like virus XZ8  isolate MAD866
HKVWCAFX2_Madagascar-Ambato-Boeny-Feb-2019-Rainy-Culex-univittatus-3_S19,NODE_1819_length_1000_cov_2.216828,Orthototiviridae,Madagascar,Ambato Boeny,Feb-19,2019,Rainy,Culex tritaeniorhynchus,40,7841668,5592193,7.15,Ambato Boeny orthototi-like virus 23,Ambato Boeny orthototi-like virus 23  isolate MAD864
HKVWCAFX2_Madagascar-Ambato-Boeny-Feb-2019-Rainy-Mansonia-uniformis-1_S20,NODE_6_length_6821_cov_1.667605,Metaviridae,Madagascar,Ambato Boeny,Feb-19,2019,Rainy,Mansonia uniformis,636,6436804,6075652,104.68,Ambato Boeny meta-like virus 34,Ambato Boeny meta-like virus 34  isolate MAD874
HKVWCAFX2_Madagascar-Ambato-Boeny-Feb-2019-Rainy-Mansonia-uniformis-1_S20,NODE_4_length_7031_cov_22.522995,Metaviridae,Madagascar,Ambato Boeny,Feb-19,2019,Rainy,Mansonia uniformis,3660,6436804,6075652,602.4,Ambato Boeny meta-like virus 26,Ambato Boeny meta-like virus 26  isolate MAD869
HKVWCAFX2_Madagascar-Ambato-Boeny-Feb-2019-Rainy-Mansonia-uniformis-1_S20,NODE_3_length_7229_cov_21.594047,Orthototiviridae,Madagascar,Ambato Boeny,Feb-19,2019,Rainy,Mansonia uniformis,2945,6436804,6075652,484.72,Ambato Boeny orthototi-like virus 24,Ambato Boeny orthototi-like virus 24  isolate MAD878
HKVWCAFX2_Madagascar-Ambato-Boeny-Feb-2019-Rainy-Mansonia-uniformis-1_S20,NODE_169_length_2339_cov_5.042365,Metaviridae,Madagascar,Ambato Boeny,Feb-19,2019,Rainy,Mansonia uniformis,396,6436804,6075652,65.18,Ambato Boeny meta-like virus 25,Ambato Boeny meta-like virus 25  isolate MAD868
HKVWCAFX2_Madagascar-Ambato-Boeny-Feb-2019-Rainy-Mansonia-uniformis-1_S20,NODE_186_length_2186_cov_1.803124,Metaviridae,Madagascar,Ambato Boeny,Feb-19,2019,Rainy,Mansonia uniformis,393,6436804,6075652,64.68,Ambato Boeny meta-like virus 31,Ambato Boeny meta-like virus 31  isolate MAD871
HKVWCAFX2_Madagascar-Ambato-Boeny-Feb-2019-Rainy-Mansonia-uniformis-1_S20,NODE_185_length_2186_cov_1.931850,Metaviridae,Madagascar,Ambato Boeny,Feb-19,2019,Rainy,Mansonia uniformis,460,6436804,6075652,75.71,Ambato Boeny meta-like virus 35,Ambato Boeny meta-like virus 35  isolate MAD875
HKVWCAFX2_Madagascar-Ambato-Boeny-Feb-2019-Rainy-Mansonia-uniformis-1_S20,NODE_248_length_1884_cov_1.695196,Metaviridae,Madagascar,Ambato Boeny,Feb-19,2019,Rainy,Mansonia uniformis,98,6436804,6075652,16.13,Ambato Boeny meta-like virus 32,Ambato Boeny meta-like virus 32  isolate MAD872
HKVWCAFX2_Madagascar-Ambato-Boeny-Feb-2019-Rainy-Mansonia-uniformis-1_S20,NODE_318_length_1693_cov_115.923457,Partitiviridae,Madagascar,Ambato Boeny,Feb-19,2019,Rainy,Mansonia uniformis,3280,6436804,6075652,539.86,Ambato Boeny partiti-like virus 6,Ambato Boeny partiti-like virus 6  isolate MAD879
HKVWCAFX2_Madagascar-Ambato-Boeny-Feb-2019-Rainy-Mansonia-uniformis-1_S20,NODE_28_length_4712_cov_3.974132,Metaviridae,Madagascar,Ambato Boeny,Feb-19,2019,Rainy,Mansonia uniformis,661,6436804,6075652,108.79,Ambato Boeny meta-like virus 29,Ambato Boeny meta-like virus 29  isolate MAD870
HKVWCAFX2_Madagascar-Ambato-Boeny-Feb-2019-Rainy-Mansonia-uniformis-1_S20,NODE_587_length_1295_cov_1.877250,Metaviridae,Madagascar,Ambato Boeny,Feb-19,2019,Rainy,Mansonia uniformis,67,6436804,6075652,11.03,Ambato Boeny meta-like virus 36,Ambato Boeny meta-like virus 36  isolate MAD876
HKVWCAFX2_Madagascar-Ambato-Boeny-Feb-2019-Rainy-Mansonia-uniformis-1_S20,NODE_1015_length_1015_cov_1.303609,Metaviridae,Madagascar,Ambato Boeny,Feb-19,2019,Rainy,Mansonia uniformis,92,6436804,6075652,15.14,Ambato Boeny meta-like virus 37,Ambato Boeny meta-like virus 37  isolate MAD877
HKVWCAFX2_Madagascar-Ambato-Boeny-Feb-2019-Rainy-Mansonia-uniformis-1_S20,NODE_345_length_1631_cov_1.888318,Metaviridae,Madagascar,Ambato Boeny,Feb-19,2019,Rainy,Mansonia uniformis,16660,6436804,6075652,2742.09,Ambato Boeny meta-like virus 33,Ambato Boeny meta-like virus 33  isolate MAD873
HKVWCAFX2_Madagascar-Ambato-Boeny-Feb-2019-Rainy-Mansonia-uniformis-2_S21,NODE_1_length_11171_cov_12.188142,Iflaviridae,Madagascar,Ambato Boeny,Feb-19,2019,Rainy,Mansonia uniformis,2466,11373511,5030949,490.17,Ambato Boeny ifla-like virus 2,Ambato Boeny ifla-like virus 2  isolate MAD881
HKVWCAFX2_Madagascar-Ambato-Boeny-Feb-2019-Rainy-Mansonia-uniformis-2_S21,NODE_2_length_8727_cov_3.958401,Endornaviridae,Madagascar,Ambato Boeny,Feb-19,2019,Rainy,Mansonia uniformis,671,11373511,5030949,133.37,Ambato Boeny endorna-like virus 1,Ambato Boeny endorna-like virus 1  isolate MAD880
HKVWCAFX2_Madagascar-Ambato-Boeny-Feb-2019-Rainy-Mansonia-uniformis-2_S21,NODE_13_length_5962_cov_29.171506,Dicistroviridae,Madagascar,Ambato Boeny,Feb-19,2019,Rainy,Mansonia uniformis,3975,11373511,5030949,790.11,Aphid lethal paralysis virus,Aphid lethal paralysis virus  isolate MAD897
HKVWCAFX2_Madagascar-Ambato-Boeny-Feb-2019-Rainy-Mansonia-uniformis-2_S21,NODE_7_length_7068_cov_19.765833,Metaviridae,Madagascar,Ambato Boeny,Feb-19,2019,Rainy,Mansonia uniformis,3263,11373511,5030949,648.59,Ambato Boeny meta-like virus 26,Ambato Boeny meta-like virus 26  isolate MAD883
HKVWCAFX2_Madagascar-Ambato-Boeny-Feb-2019-Rainy-Mansonia-uniformis-2_S21,NODE_19_length_5384_cov_3.446244,Metaviridae,Madagascar,Ambato Boeny,Feb-19,2019,Rainy,Mansonia uniformis,700,11373511,5030949,139.14,Ambato Boeny meta-like virus 25,Ambato Boeny meta-like virus 25  isolate MAD882
HKVWCAFX2_Madagascar-Ambato-Boeny-Feb-2019-Rainy-Mansonia-uniformis-2_S21,NODE_5_length_7233_cov_16.243296,Orthototiviridae,Madagascar,Ambato Boeny,Feb-19,2019,Rainy,Mansonia uniformis,2177,11373511,5030949,432.72,Ambato Boeny orthototi-like virus 24,Ambato Boeny orthototi-like virus 24  isolate MAD893
HKVWCAFX2_Madagascar-Ambato-Boeny-Feb-2019-Rainy-Mansonia-uniformis-2_S21,NODE_27_length_5071_cov_4.395358,Metaviridae,Madagascar,Ambato Boeny,Feb-19,2019,Rainy,Mansonia uniformis,503,11373511,5030949,99.98,Ambato Boeny meta-like virus 40,Ambato Boeny meta-like virus 40  isolate MAD892
HKVWCAFX2_Madagascar-Ambato-Boeny-Feb-2019-Rainy-Mansonia-uniformis-2_S21,NODE_64_length_3697_cov_3.536976,Metaviridae,Madagascar,Ambato Boeny,Feb-19,2019,Rainy,Mansonia uniformis,489,11373511,5030949,97.2,Ambato Boeny meta-like virus 29,Ambato Boeny meta-like virus 29  isolate MAD884
HKVWCAFX2_Madagascar-Ambato-Boeny-Feb-2019-Rainy-Mansonia-uniformis-2_S21,NODE_289_length_1686_cov_155.750775,Partitiviridae,Madagascar,Ambato Boeny,Feb-19,2019,Rainy,Mansonia uniformis,4503,11373511,5030949,895.06,Ambato Boeny partiti-like virus 6,Ambato Boeny partiti-like virus 6  isolate MAD894
HKVWCAFX2_Madagascar-Ambato-Boeny-Feb-2019-Rainy-Mansonia-uniformis-2_S21,NODE_284_length_1699_cov_1.589791,Metaviridae,Madagascar,Ambato Boeny,Feb-19,2019,Rainy,Mansonia uniformis,247,11373511,5030949,49.1,Ambato Boeny meta-like virus 35,Ambato Boeny meta-like virus 35  isolate MAD888
HKVWCAFX2_Madagascar-Ambato-Boeny-Feb-2019-Rainy-Mansonia-uniformis-2_S21,NODE_351_length_1547_cov_1.113976,Metaviridae,Madagascar,Ambato Boeny,Feb-19,2019,Rainy,Mansonia uniformis,319,11373511,5030949,63.41,Ambato Boeny meta-like virus 34,Ambato Boeny meta-like virus 34  isolate MAD887
HKVWCAFX2_Madagascar-Ambato-Boeny-Feb-2019-Rainy-Mansonia-uniformis-2_S21,NODE_446_length_1417_cov_1.290179,Metaviridae,Madagascar,Ambato Boeny,Feb-19,2019,Rainy,Mansonia uniformis,54,11373511,5030949,10.73,Ambato Boeny meta-like virus 36,Ambato Boeny meta-like virus 36  isolate MAD889
HKVWCAFX2_Madagascar-Ambato-Boeny-Feb-2019-Rainy-Mansonia-uniformis-2_S21,NODE_126_length_2571_cov_12.078062,Pseudototiviridae,Madagascar,Ambato Boeny,Feb-19,2019,Rainy,Mansonia uniformis,665,11373511,5030949,132.18,Ambato Boeny pseudototi-like virus 1,Ambato Boeny pseudototi-like virus 1  isolate MAD895
HKVWCAFX2_Madagascar-Ambato-Boeny-Feb-2019-Rainy-Mansonia-uniformis-2_S21,NODE_435_length_1428_cov_1.886347,Tombusviridae,Madagascar,Ambato Boeny,Feb-19,2019,Rainy,Mansonia uniformis,46,11373511,5030949,9.14,Ambato Boeny tombus-like virus 1,Ambato Boeny tombus-like virus 1  isolate MAD896
HKVWCAFX2_Madagascar-Ambato-Boeny-Feb-2019-Rainy-Mansonia-uniformis-2_S21,NODE_721_length_1154_cov_1.150786,Metaviridae,Madagascar,Ambato Boeny,Feb-19,2019,Rainy,Mansonia uniformis,42,11373511,5030949,8.35,Ambato Boeny meta-like virus 39,Ambato Boeny meta-like virus 39  isolate MAD891
HKVWCAFX2_Madagascar-Ambato-Boeny-Feb-2019-Rainy-Mansonia-uniformis-2_S21,NODE_667_length_1198_cov_1.631111,Metaviridae,Madagascar,Ambato Boeny,Feb-19,2019,Rainy,Mansonia uniformis,66,11373511,5030949,13.12,Ambato Boeny meta-like virus 33,Ambato Boeny meta-like virus 33  isolate MAD886
HKVWCAFX2_Madagascar-Ambato-Boeny-Feb-2019-Rainy-Mansonia-uniformis-2_S21,NODE_910_length_1030_cov_1.657262,Metaviridae,Madagascar,Ambato Boeny,Feb-19,2019,Rainy,Mansonia uniformis,42,11373511,5030949,8.35,Ambato Boeny meta-like virus 30,Ambato Boeny meta-like virus 30  isolate MAD885
HKVWCAFX2_Madagascar-Ambato-Boeny-Feb-2019-Rainy-Mansonia-uniformis-2_S21,NODE_764_length_1125_cov_0.778517,Metaviridae,Madagascar,Ambato Boeny,Feb-19,2019,Rainy,Mansonia uniformis,33,11373511,5030949,6.56,Ambato Boeny meta-like virus 38,Ambato Boeny meta-like virus 38  isolate MAD890
HKVWCAFX2_Madagascar-Ambato-Boeny-Feb-2019-Rainy-Mansonia-uniformis-3_S22,NODE_2_length_7238_cov_26.648988,Orthototiviridae,Madagascar,Ambato Boeny,Feb-19,2019,Rainy,Mansonia uniformis,3425,4880994,2335085,1466.76,Ambato Boeny orthototi-like virus 24,Ambato Boeny orthototi-like virus 24  isolate MAD899
HKVWCAFX2_Madagascar-Ambato-Boeny-Feb-2019-Rainy-Mansonia-uniformis-3_S22,NODE_27_length_3923_cov_8.090130,Metaviridae,Madagascar,Ambato Boeny,Feb-19,2019,Rainy,Mansonia uniformis,874,4880994,2335085,374.29,Ambato Boeny meta-like virus 26,Ambato Boeny meta-like virus 26  isolate MAD898
HNLLFAFX2_Bangui-Batalimo-July-2020-Rainy-Aedes-albopictus-1_S23,NODE_1376_length_1042_cov_1.269350,Metaviridae,Central African Republic,Batalimo,Jul-20,2020,Rainy,Aedes albopictus,28,5814957,3090854,09.06,Batalimo meta-like virus 9,Batalimo meta-like virus 9  isolate CAR900
HNLLFAFX2_Bangui-Batalimo-July-2020-Rainy-Anopheles-funestus-2_S24,NODE_38_length_4013_cov_11.041371,Sedoreovirales,Central African Republic,Batalimo,Jul-20,2020,Rainy,Anopheles funestus,652,6084890,4097678,159.11,Batalimo sedoreo-like virus 1,Batalimo sedoreo-like virus 1  isolate CAR906
HNLLFAFX2_Bangui-Batalimo-July-2020-Rainy-Anopheles-funestus-2_S24,NODE_81_length_2718_cov_1.513043,Metaviridae,Central African Republic,Batalimo,Jul-20,2020,Rainy,Anopheles funestus,133,6084890,4097678,32.46,Batalimo meta-like virus 24,Batalimo meta-like virus 24  isolate CAR902
HNLLFAFX2_Bangui-Batalimo-July-2020-Rainy-Anopheles-funestus-2_S24,NODE_430_length_1434_cov_2.574578,Metaviridae,Central African Republic,Batalimo,Jul-20,2020,Rainy,Anopheles funestus,126,6084890,4097678,30.75,Batalimo meta-like virus 25,Batalimo meta-like virus 25  isolate CAR903
HNLLFAFX2_Bangui-Batalimo-July-2020-Rainy-Anopheles-funestus-2_S24,NODE_353_length_1518_cov_23.602768,Partitiviridae,Central African Republic,Batalimo,Jul-20,2020,Rainy,Anopheles funestus,526,6084890,4097678,128.37,Batalimo partiti-like virus 2,Batalimo partiti-like virus 2  isolate CAR904
HNLLFAFX2_Bangui-Batalimo-July-2020-Rainy-Anopheles-funestus-2_S24,NODE_391_length_1469_cov_12.298711,Partitiviridae,Central African Republic,Batalimo,Jul-20,2020,Rainy,Anopheles funestus,265,6084890,4097678,64.67,Batalimo partiti-like virus 3,Batalimo partiti-like virus 3  isolate CAR905
HNLLFAFX2_Bangui-Batalimo-July-2020-Rainy-Anopheles-funestus-2_S24,NODE_443_length_1422_cov_2.093403,Metaviridae,Central African Republic,Batalimo,Jul-20,2020,Rainy,Anopheles funestus,202,6084890,4097678,49.29,Batalimo meta-like virus 23,Batalimo meta-like virus 23  isolate CAR901
HNLLFAFX2_Bangui-Gbozo-July-2020-Rainy-Aedes-aegypti-2_S17,NODE_85_length_1922_cov_2.778799,Phenuiviridae,Central African Republic,Gbozo,Jul-20,2020,Rainy,Aedes aegypti,79,7059829,5552054,14.23,Phasivirus phasiense,Phasivirus phasiense  isolate CAR908
HNLLFAFX2_Bangui-Gbozo-July-2020-Rainy-Aedes-aegypti-2_S17,NODE_142_length_1509_cov_2.919916,Phenuiviridae,Central African Republic,Gbozo,Jul-20,2020,Rainy,Aedes aegypti,127,7059829,5552054,22.88,Mosquito bunya-like virus YN16,Mosquito bunya-like virus YN16  isolate CAR907
HNLLFAFX2_Bangui-Gbozo-July-2020-Rainy-Aedes-aegypti-3_S18,NODE_3_length_6846_cov_2325.495202,Phenuiviridae,Central African Republic,Gbozo,Jul-20,2020,Rainy,Aedes aegypti,260253,5694629,4957162,52500.4,Phasivirus phasiense,Phasivirus phasiense  isolate CAR909
HNLLFAFX2_Bangui-Gbozo-July-2020-Rainy-Anopheles-gambiae-1_S19,NODE_337_length_1432_cov_1.763061,Metaviridae,Central African Republic,Gbozo,Jul-20,2020,Rainy,Anopheles gambiae,75,5469817,2800254,26.78,Gbozo meta-like virus 21,Gbozo meta-like virus 21  isolate CAR910
HNLLFAFX2_Bangui-Gbozo-July-2020-Rainy-Anopheles-gambiae-3_S20,NODE_2212_length_1040_cov_2.278180,Metaviridae,Central African Republic,Gbozo,Jul-20,2020,Rainy,Anopheles gambiae,36,6292513,6071690,5.93,Gbozo meta-like virus 20,Gbozo meta-like virus 20  isolate CAR911
HNLLFAFX2_Bangui-Gbozo-July-2020-Rainy-Anopheles-gambiae-4_S21,NODE_1933_length_1121_cov_2.090649,Metaviridae,Central African Republic,Gbozo,Jul-20,2020,Rainy,Anopheles gambiae,40,6813146,6578799,06.08,Gbozo meta-like virus 20,Gbozo meta-like virus 20  isolate CAR912
HNLLFAFX2_Bangui-Pissa-Jun-2019-Rainy-Anopheles-gambiae-1_S10,NODE_42_length_4842_cov_2.583980,Metaviridae,Central African Republic,Pissa,Jun-19,2019,Rainy,Anopheles gambiae,275,7206983,6468919,42.51,Pissa meta-like virus 42,Pissa meta-like virus 42  isolate CAR915
HNLLFAFX2_Bangui-Pissa-Jun-2019-Rainy-Anopheles-gambiae-1_S10,NODE_757_length_1472_cov_1.784846,Metaviridae,Central African Republic,Pissa,Jun-19,2019,Rainy,Anopheles gambiae,114,7206983,6468919,17.62,Pissa meta-like virus 40,Pissa meta-like virus 40  isolate CAR913
HNLLFAFX2_Bangui-Pissa-Jun-2019-Rainy-Anopheles-gambiae-1_S10,NODE_960_length_1341_cov_1.380126,Metaviridae,Central African Republic,Pissa,Jun-19,2019,Rainy,Anopheles gambiae,42,7206983,6468919,6.49,Pissa meta-like virus 41,Pissa meta-like virus 41  isolate CAR914
HNLLFAFX2_Bangui-Pissa-Jun-2019-Rainy-Anopheles-gambiae-2_S11,NODE_122_length_2157_cov_1.531670,Metaviridae,Central African Republic,Pissa,Jun-19,2019,Rainy,Anopheles gambiae,212,4312754,3736331,56.74,Pissa meta-like virus 44,Pissa meta-like virus 44  isolate CAR919
HNLLFAFX2_Bangui-Pissa-Jun-2019-Rainy-Anopheles-gambiae-2_S11,NODE_232_length_1648_cov_1.478095,Metaviridae,Central African Republic,Pissa,Jun-19,2019,Rainy,Anopheles gambiae,98,4312754,3736331,26.23,Pissa meta-like virus 40,Pissa meta-like virus 40  isolate CAR916
HNLLFAFX2_Bangui-Pissa-Jun-2019-Rainy-Anopheles-gambiae-2_S11,NODE_269_length_1561_cov_1.493280,Metaviridae,Central African Republic,Pissa,Jun-19,2019,Rainy,Anopheles gambiae,52,4312754,3736331,13.92,Pissa meta-like virus 43,Pissa meta-like virus 43  isolate CAR918
HNLLFAFX2_Bangui-Pissa-Jun-2019-Rainy-Anopheles-gambiae-2_S11,NODE_512_length_1229_cov_1.617647,Metaviridae,Central African Republic,Pissa,Jun-19,2019,Rainy,Anopheles gambiae,35,4312754,3736331,9.37,Pissa meta-like virus 42,Pissa meta-like virus 42  isolate CAR917
HNLLFAFX2_Bangui-Pissa-Jun-2019-Rainy-Anopheles-gambiae-3_S12,NODE_92_length_3232_cov_2.295663,Metaviridae,Central African Republic,Pissa,Jun-19,2019,Rainy,Anopheles gambiae,210,4446342,4127036,50.89,Pissa meta-like virus 42,Pissa meta-like virus 42  isolate CAR921
HNLLFAFX2_Bangui-Pissa-Jun-2019-Rainy-Anopheles-gambiae-3_S12,NODE_756_length_1582_cov_1.186216,Metaviridae,Central African Republic,Pissa,Jun-19,2019,Rainy,Anopheles gambiae,62,4446342,4127036,15.02,Pissa meta-like virus 40,Pissa meta-like virus 40  isolate CAR920
HNLLFAFX2_Bangui-Pissa-Jun-2019-Rainy-Anopheles-gambiae-4_S13,NODE_3296_length_1091_cov_2.285855,Metaviridae,Central African Republic,Pissa,Jun-19,2019,Rainy,Anopheles gambiae,42,6707755,6216647,6.76,Pissa meta-like virus 40,Pissa meta-like virus 40  isolate CAR922
HNLLFAFX2_Bangui-Pissa-Jun-2019-Rainy-Anopheles-gambiae-4_S13,NODE_3876_length_1021_cov_1.613924,Metaviridae,Central African Republic,Pissa,Jun-19,2019,Rainy,Anopheles gambiae,27,6707755,6216647,4.34,Pissa meta-like virus 44,Pissa meta-like virus 44  isolate CAR923
HNLLFAFX2_Bangui-Pissa-Jun-2019-Rainy-Anopheles-gambiae-5_S14,NODE_996_length_1577_cov_2.268617,Metaviridae,Central African Republic,Pissa,Jun-19,2019,Rainy,Anopheles gambiae,108,6522158,6017147,17.94,Pissa meta-like virus 42,Pissa meta-like virus 42  isolate CAR925
HNLLFAFX2_Bangui-Pissa-Jun-2019-Rainy-Anopheles-gambiae-5_S14,NODE_1390_length_1408_cov_2.043446,Metaviridae,Central African Republic,Pissa,Jun-19,2019,Rainy,Anopheles gambiae,48,6522158,6017147,7.98,Pissa meta-like virus 45,Pissa meta-like virus 45  isolate CAR926
HNLLFAFX2_Bangui-Pissa-Jun-2019-Rainy-Anopheles-gambiae-5_S14,NODE_1784_length_1288_cov_1.860082,Metaviridae,Central African Republic,Pissa,Jun-19,2019,Rainy,Anopheles gambiae,47,6522158,6017147,7.81,Pissa meta-like virus 41,Pissa meta-like virus 41  isolate CAR924
HNLLFAFX2_Madagascar-Ambato-Boeny-Oct-2020-Dry-Culex-antennatus-1_S6,NODE_3_length_11052_cov_153.458330,Kitaviridae,Madagascar,Ambato Boeny,Oct-20,2020,Dry,Culex antennatus,63907,4673113,3219047,19852.77,Culex pipiens-associated Tunisia virus,Culex pipiens-associated Tunisia virus  isolate MAD929
HNLLFAFX2_Madagascar-Ambato-Boeny-Oct-2020-Dry-Culex-antennatus-1_S6,NODE_2_length_13313_cov_137.781798,Rhabdoviridae,Madagascar,Ambato Boeny,Oct-20,2020,Dry,Culex antennatus,29071,4673113,3219047,9030.93,Ambato Boeny rhabdo-like virus 1,Ambato Boeny rhabdo-like virus 1  isolate MAD927
HNLLFAFX2_Madagascar-Ambato-Boeny-Oct-2020-Dry-Culex-antennatus-1_S6,NODE_31_length_3529_cov_5428.359664,Chrysoviridae,Madagascar,Ambato Boeny,Oct-20,2020,Dry,Culex antennatus,283454,4673113,3219047,88055.25,Chrysoviridae sp.,Chrysoviridae sp.  isolate MAD928
HNLLFAFX2_Madagascar-Ambato-Boeny-Oct-2020-Dry-Culex-antennatus-2_S7,NODE_1_length_10968_cov_89.811290,Kitaviridae,Madagascar,Ambato Boeny,Oct-20,2020,Dry,Culex antennatus,15139,5400177,3574709,4235.03,Culex pipiens-associated Tunisia virus,Culex pipiens-associated Tunisia virus  isolate MAD931
HNLLFAFX2_Madagascar-Ambato-Boeny-Oct-2020-Dry-Culex-antennatus-2_S7,NODE_11_length_3527_cov_10090.145918,Chrysoviridae,Madagascar,Ambato Boeny,Oct-20,2020,Dry,Culex antennatus,512542,5400177,3574709,143380.06,Chrysoviridae sp.,Chrysoviridae sp.  isolate MAD930
HNLLFAFX2_Madagascar-Ambato-Boeny-Oct-2020-Dry-Culex-antennatus-3_S8,NODE_9_length_3589_cov_12257.222696,Chrysoviridae,Madagascar,Ambato Boeny,Oct-20,2020,Dry,Culex antennatus,673215,4701228,2624062,256554.53,Chrysoviridae sp.,Chrysoviridae sp.  isolate MAD932
HNLLFAFX2_Madagascar-Ambato-Boeny-Oct-2020-Dry-Culex-univittatus-1_S9,NODE_2_length_12871_cov_185.246601,Kitaviridae,Madagascar,Ambato Boeny,Oct-20,2020,Dry,Culex univittatus,37050,4721012,3399089,10899.98,Ambato Boeny kita-like virus 3,Ambato Boeny kita-like virus 3  isolate MAD934
HNLLFAFX2_Madagascar-Ambato-Boeny-Oct-2020-Dry-Culex-univittatus-1_S9,NODE_371_length_1981_cov_4.732704,Dicistroviridae,Madagascar,Ambato Boeny,Oct-20,2020,Dry,Culex univittatus,705,4721012,3399089,207.41,Ambato Boeny dicistro-like virus 1,Ambato Boeny dicistro-like virus 1  isolate MAD933
HNLLFAFX2_Madagascar-Mampikony-Feb-2020-Rainy-Culex-antennatus-2_S2,NODE_3_length_10490_cov_20.866756,Kitaviridae,Madagascar,Mampikony,Feb-20,2020,Rainy,Culex antennatus,3315,5120838,4179955,793.07,Culex pipiens-associated Tunisia virus,Culex pipiens-associated Tunisia virus  isolate MAD936
HNLLFAFX2_Madagascar-Mampikony-Feb-2020-Rainy-Culex-antennatus-2_S2,NODE_96_length_3519_cov_544.170052,Chrysoviridae,Madagascar,Mampikony,Feb-20,2020,Rainy,Culex antennatus,29011,5120838,4179955,6940.51,Chrysoviridae sp.,Chrysoviridae sp.  isolate MAD935
HNLLFAFX2_Madagascar-Mampikony-Feb-2020-Rainy-Culex-antennatus-2_S2,NODE_41_length_4617_cov_10.110695,Metaviridae,Madagascar,Mampikony,Feb-20,2020,Rainy,Culex antennatus,1115,5120838,4179955,266.75,Mampikony meta-like virus 34,Mampikony meta-like virus 34  isolate MAD937
HNLLFAFX2_Madagascar-Mampikony-Feb-2020-Rainy-Culex-tritaeniorhynchus-1_S3,NODE_35_length_4410_cov_3.078165,Metaviridae,Madagascar,Mampikony,Feb-20,2020,Rainy,Culex tritaeniorhynchus,358,5661452,3163528,113.16,Mampikony meta-like virus 41,Mampikony meta-like virus 41  isolate MAD939
HNLLFAFX2_Madagascar-Mampikony-Feb-2020-Rainy-Culex-tritaeniorhynchus-1_S3,NODE_121_length_2703_cov_4.785551,Iflaviridae,Madagascar,Mampikony,Feb-20,2020,Rainy,Culex tritaeniorhynchus,188,5661452,3163528,59.43,Mampikony ifla-like virus 2,Mampikony ifla-like virus 2  isolate MAD938
HNLLFAFX2_Madagascar-Mampikony-Feb-2020-Rainy-Culex-tritaeniorhynchus-1_S3,NODE_213_length_2114_cov_2.208231,Metaviridae,Madagascar,Mampikony,Feb-20,2020,Rainy,Culex tritaeniorhynchus,85,5661452,3163528,26.87,Mampikony meta-like virus 42,Mampikony meta-like virus 42  isolate MAD940
HNLLFAFX2_Madagascar-Mampikony-Feb-2020-Rainy-Culex-tritaeniorhynchus-3_S4,NODE_23_length_4342_cov_2.063247,Metaviridae,Madagascar,Mampikony,Feb-20,2020,Rainy,Culex tritaeniorhynchus,247,5699751,1618553,152.61,Mampikony meta-like virus 41,Mampikony meta-like virus 41  isolate MAD942
HNLLFAFX2_Madagascar-Mampikony-Feb-2020-Rainy-Culex-tritaeniorhynchus-3_S4,NODE_25_length_4286_cov_1.735106,Metaviridae,Madagascar,Mampikony,Feb-20,2020,Rainy,Culex tritaeniorhynchus,263,5699751,1618553,162.49,Mampikony meta-like virus 43,Mampikony meta-like virus 43  isolate MAD943
HNLLFAFX2_Madagascar-Mampikony-Feb-2020-Rainy-Culex-tritaeniorhynchus-3_S4,NODE_4_length_7021_cov_82.482729,Orthototiviridae,Madagascar,Mampikony,Feb-20,2020,Rainy,Culex tritaeniorhynchus,9252,5699751,1618553,5716.22,XiangYun toti-like virus 5,XiangYun toti-like virus 5  isolate MAD945
HNLLFAFX2_Madagascar-Mampikony-Feb-2020-Rainy-Culex-tritaeniorhynchus-3_S4,NODE_59_length_2795_cov_780.148420,Tombusviridae,Madagascar,Mampikony,Feb-20,2020,Rainy,Culex tritaeniorhynchus,33516,5699751,1618553,20707.38,Culex associated luteo like virus,Culex associated luteo like virus  isolate MAD941
HNLLFAFX2_Madagascar-Mampikony-Feb-2020-Rainy-Culex-tritaeniorhynchus-3_S4,NODE_410_length_1156_cov_11.181902,Solemoviridae,Madagascar,Mampikony,Feb-20,2020,Rainy,Culex tritaeniorhynchus,222,5699751,1618553,137.16,Mampikony solemo-like virus 3,Mampikony solemo-like virus 3  isolate MAD944
HNVY2AFX2_Cambodia-Prek-Toal-Sep-2020-Rainy-Culex-bitaeniorhynchus-2_S2,NODE_124_length_1572_cov_8.545697,Partitiviridae,Cambodia,Prek Toal,Sep-20,2020,Rainy,Culex bitaeniorhynchus,275,7251606,1503417,182.92,Prek Toal partiti-like virus 1,Prek Toal partiti-like virus 1  isolate CAM946
HNVY2AFX2_Cambodia-Prek-Toal-Sep-2020-Rainy-Culex-bitaeniorhynchus-3_S3,NODE_1_length_9662_cov_48.988946,Iflaviridae,Cambodia,Prek Toal,Sep-20,2020,Rainy,Culex bitaeniorhynchus,7459,5131334,287616,25933.88,Prek Toal ifla-like virus 1,Prek Toal ifla-like virus 1  isolate CAM947
HNVY2AFX2_Cambodia-Prek-Toal-Sep-2020-Rainy-Culex-bitaeniorhynchus-3_S3,NODE_4_length_5109_cov_28.100675,Phasmaviridae,Cambodia,Prek Toal,Sep-20,2020,Rainy,Culex bitaeniorhynchus,2198,5131334,287616,7642.13,Prek Toal phasma-like virus 1,Prek Toal phasma-like virus 1  isolate CAM948
HNVY2AFX2_Cambodia-Prek-Toal-Sep-2020-Rainy-Culex-vishnui-3_S6,NODE_1_length_7820_cov_42.049568,Spiciviridae,Cambodia,Prek Toal,Sep-20,2020,Rainy,Culex tritaeniorhynchus,5761,5983193,3318437,1736.06,Culex vishnui subgroup totivirus,Culex vishnui subgroup totivirus  isolate CAM949
HNVY2AFX2_Cambodia-Prek-Toal-Sep-2020-Rainy-Culex-vishnui-3_S6,NODE_66_length_2807_cov_2.930139,Orthototiviridae,Cambodia,Prek Toal,Sep-20,2020,Rainy,Culex tritaeniorhynchus,131,5983193,3318437,39.48,Egypt totivirus-like virus 1,Egypt totivirus-like virus 1  isolate CAM950
HNVY2AFX2_Cambodia-Prek-Toal-Sep-2020-Rainy-Culex-vishnui-4_S7,NODE_181_length_2910_cov_2.823405,Metaviridae,Cambodia,Prek Toal,Sep-20,2020,Rainy,Culex tritaeniorhynchus,169,6587465,5496774,30.75,Prek Toal meta-like virus 2,Prek Toal meta-like virus 2  isolate CAM951
HNVY2AFX2_Cambodia-Prek-Toal-Sep-2020-Rainy-Mansonia-indiana-1_S9,NODE_2_length_7114_cov_29.707854,Flaviviridae,Cambodia,Prek Toal,Sep-20,2020,Rainy,Mansonia indiana,3655,7666251,1663459,2197.23,Palm Creek virus,Palm Creek virus  isolate CAM952
HNVY2AFX2_Cambodia-Prek-Toal-Sep-2020-Rainy-Mansonia-indiana-1_S9,NODE_4_length_6515_cov_8.721826,Metaviridae,Cambodia,Prek Toal,Sep-20,2020,Rainy,Mansonia indiana,1918,7666251,1663459,1153.02,Prek Toal meta-like virus 8,Prek Toal meta-like virus 8  isolate CAM953
HNVY2AFX2_Cambodia-Prek-Toal-Sep-2020-Rainy-Mansonia-indiana-1_S9,NODE_9_length_5532_cov_2.988276,Metaviridae,Cambodia,Prek Toal,Sep-20,2020,Rainy,Mansonia indiana,703,7666251,1663459,422.61,Prek Toal meta-like virus 9,Prek Toal meta-like virus 9  isolate CAM954
HNVY2AFX2_Cambodia-Prek-Toal-Sep-2020-Rainy-Mansonia-indiana-2_S10,NODE_8_length_7079_cov_57.644162,Metaviridae,Cambodia,Prek Toal,Sep-20,2020,Rainy,Mansonia indiana,10832,7803853,5132186,2110.6,Prek Toal meta-like virus 8,Prek Toal meta-like virus 8  isolate CAM969
HNVY2AFX2_Cambodia-Prek-Toal-Sep-2020-Rainy-Mansonia-indiana-2_S10,NODE_38_length_4919_cov_4.162196,Metaviridae,Cambodia,Prek Toal,Sep-20,2020,Rainy,Mansonia indiana,3193,7803853,5132186,622.15,Prek Toal meta-like virus 27,Prek Toal meta-like virus 27  isolate CAM967
HNVY2AFX2_Cambodia-Prek-Toal-Sep-2020-Rainy-Mansonia-indiana-2_S10,NODE_4_length_7315_cov_15.298812,Metaviridae,Cambodia,Prek Toal,Sep-20,2020,Rainy,Mansonia indiana,3469,7803853,5132186,675.93,Prek Toal meta-like virus 9,Prek Toal meta-like virus 9  isolate CAM970
HNVY2AFX2_Cambodia-Prek-Toal-Sep-2020-Rainy-Mansonia-indiana-2_S10,NODE_60_length_4435_cov_4.133425,Metaviridae,Cambodia,Prek Toal,Sep-20,2020,Rainy,Mansonia indiana,437,7803853,5132186,85.15,Prek Toal meta-like virus 12,Prek Toal meta-like virus 12  isolate CAM956
HNVY2AFX2_Cambodia-Prek-Toal-Sep-2020-Rainy-Mansonia-indiana-2_S10,NODE_273_length_2436_cov_3.570884,Metaviridae,Cambodia,Prek Toal,Sep-20,2020,Rainy,Mansonia indiana,307,7803853,5132186,59.82,Prek Toal meta-like virus 16,Prek Toal meta-like virus 16  isolate CAM959
HNVY2AFX2_Cambodia-Prek-Toal-Sep-2020-Rainy-Mansonia-indiana-2_S10,NODE_267_length_2487_cov_2.855841,Metaviridae,Cambodia,Prek Toal,Sep-20,2020,Rainy,Mansonia indiana,330,7803853,5132186,64.3,Prek Toal meta-like virus 19,Prek Toal meta-like virus 19  isolate CAM962
HNVY2AFX2_Cambodia-Prek-Toal-Sep-2020-Rainy-Mansonia-indiana-2_S10,NODE_224_length_2745_cov_1.836078,Metaviridae,Cambodia,Prek Toal,Sep-20,2020,Rainy,Mansonia indiana,187,7803853,5132186,36.44,Prek Toal meta-like virus 25,Prek Toal meta-like virus 25  isolate CAM965
HNVY2AFX2_Cambodia-Prek-Toal-Sep-2020-Rainy-Mansonia-indiana-2_S10,NODE_327_length_2197_cov_2.173729,Metaviridae,Cambodia,Prek Toal,Sep-20,2020,Rainy,Mansonia indiana,143,7803853,5132186,27.86,Prek Toal meta-like virus 17,Prek Toal meta-like virus 17  isolate CAM960
HNVY2AFX2_Cambodia-Prek-Toal-Sep-2020-Rainy-Mansonia-indiana-2_S10,NODE_678_length_1500_cov_1.562719,Nodaviridae,Cambodia,Prek Toal,Sep-20,2020,Rainy,Mansonia indiana,40,7803853,5132186,7.79,Prek Toal noda-like virus 1,Prek Toal noda-like virus 1  isolate CAM971
HNVY2AFX2_Cambodia-Prek-Toal-Sep-2020-Rainy-Mansonia-indiana-2_S10,NODE_350_length_2124_cov_0.939542,Metaviridae,Cambodia,Prek Toal,Sep-20,2020,Rainy,Mansonia indiana,152,7803853,5132186,29.62,Prek Toal meta-like virus 18,Prek Toal meta-like virus 18  isolate CAM961
HNVY2AFX2_Cambodia-Prek-Toal-Sep-2020-Rainy-Mansonia-indiana-2_S10,NODE_807_length_1384_cov_4.029748,Metaviridae,Cambodia,Prek Toal,Sep-20,2020,Rainy,Mansonia indiana,129,7803853,5132186,25.14,Prek Toal meta-like virus 11,Prek Toal meta-like virus 11  isolate CAM955
HNVY2AFX2_Cambodia-Prek-Toal-Sep-2020-Rainy-Mansonia-indiana-2_S10,NODE_180_length_3056_cov_3.115655,Metaviridae,Cambodia,Prek Toal,Sep-20,2020,Rainy,Mansonia indiana,463,7803853,5132186,90.21,Prek Toal meta-like virus 15,Prek Toal meta-like virus 15  isolate CAM958
HNVY2AFX2_Cambodia-Prek-Toal-Sep-2020-Rainy-Mansonia-indiana-2_S10,NODE_1317_length_1090_cov_1.906588,Metaviridae,Cambodia,Prek Toal,Sep-20,2020,Rainy,Mansonia indiana,97,7803853,5132186,18.9,Prek Toal meta-like virus 6,Prek Toal meta-like virus 6  isolate CAM968
HNVY2AFX2_Cambodia-Prek-Toal-Sep-2020-Rainy-Mansonia-indiana-2_S10,NODE_195_length_2919_cov_0.945538,Metaviridae,Cambodia,Prek Toal,Sep-20,2020,Rainy,Mansonia indiana,136,7803853,5132186,26.5,Prek Toal meta-like virus 24,Prek Toal meta-like virus 24  isolate CAM964
HNVY2AFX2_Cambodia-Prek-Toal-Sep-2020-Rainy-Mansonia-indiana-2_S10,NODE_670_length_1505_cov_2.352654,Metaviridae,Cambodia,Prek Toal,Sep-20,2020,Rainy,Mansonia indiana,140,7803853,5132186,27.28,Prek Toal meta-like virus 22,Prek Toal meta-like virus 22  isolate CAM963
HNVY2AFX2_Cambodia-Prek-Toal-Sep-2020-Rainy-Mansonia-indiana-2_S10,NODE_1018_length_1220_cov_1.802092,Metaviridae,Cambodia,Prek Toal,Sep-20,2020,Rainy,Mansonia indiana,203,7803853,5132186,39.55,Prek Toal meta-like virus 26,Prek Toal meta-like virus 26  isolate CAM966
HNVY2AFX2_Cambodia-Prek-Toal-Sep-2020-Rainy-Mansonia-indiana-2_S10,NODE_1296_length_1096_cov_1.064516,Metaviridae,Cambodia,Prek Toal,Sep-20,2020,Rainy,Mansonia indiana,99,7803853,5132186,19.29,Prek Toal meta-like virus 14,Prek Toal meta-like virus 14  isolate CAM957
HNVY2AFX2_Cambodia-Siem-Reap-Jul-2020-Rainy-Aedes-albopictus-1_S17,NODE_11_length_3739_cov_7541.578014,Reovirales,Cambodia,Siem Reap,Jul-20,2020,Rainy,Aedes albopictus,451382,7938683,3837874,117612.51,Aedes albopictus reovirus,Aedes albopictus reovirus  isolate CAM972
HNVY2AFX2_Cambodia-Siem-Reap-Jul-2020-Rainy-Aedes-albopictus-1_S17,NODE_67_length_1813_cov_8798.164943,Reovirales,Cambodia,Siem Reap,Jul-20,2020,Rainy,Aedes albopictus,257472,7938683,3837874,67087.14,Siem Reap reo-like virus 1,Siem Reap reo-like virus 1  isolate CAM974
HNVY2AFX2_Cambodia-Siem-Reap-Jul-2020-Rainy-Aedes-albopictus-1_S17,NODE_65_length_1839_cov_127.527180,Partitiviridae,Cambodia,Siem Reap,Jul-20,2020,Rainy,Aedes albopictus,3829,7938683,3837874,997.69,Netjeret virus,Netjeret virus  isolate CAM973
HNVY2AFX2_Cambodia-Siem-Reap-Jul-2020-Rainy-Aedes-albopictus-2_S18,NODE_83_length_2953_cov_3.009722,Phasmaviridae,Cambodia,Siem Reap,Jul-20,2020,Rainy,Aedes albopictus,138,5516860,4160008,33.17,Barstukas virus,Barstukas virus  isolate CAM975
HNVY2AFX2_Cambodia-Siem-Reap-Jul-2020-Rainy-Aedes-albopictus-2_S18,NODE_1281_length_1119_cov_0.982792,Metaviridae,Cambodia,Siem Reap,Jul-20,2020,Rainy,Aedes albopictus,23,5516860,4160008,5.53,Siem Reap meta-like virus 1,Siem Reap meta-like virus 1  isolate CAM976
HNVY2AFX2_Cambodia-Siem-Reap-Jul-2020-Rainy-Aedes-albopictus-3_S19,NODE_31_length_4228_cov_20.034176,Reovirales,Cambodia,Siem Reap,Jul-20,2020,Rainy,Aedes albopictus,1290,5135175,3164938,407.59,Wufeng shrew reo-like virus 2,Wufeng shrew reo-like virus 2  isolate CAM980
HNVY2AFX2_Cambodia-Siem-Reap-Jul-2020-Rainy-Aedes-albopictus-3_S19,NODE_27_length_4437_cov_14.970440,Kitaviridae,Cambodia,Siem Reap,Jul-20,2020,Rainy,Aedes albopictus,1138,5135175,3164938,359.56,Siem Reap kita-like virus 1,Siem Reap kita-like virus 1  isolate CAM979
HNVY2AFX2_Cambodia-Siem-Reap-Jul-2020-Rainy-Aedes-albopictus-3_S19,NODE_53_length_3449_cov_3.634479,Endornaviridae,Cambodia,Siem Reap,Jul-20,2020,Rainy,Aedes albopictus,203,5135175,3164938,64.14,Siem Reap endorna-like virus 1,Siem Reap endorna-like virus 1  isolate CAM978
HNVY2AFX2_Cambodia-Siem-Reap-Jul-2020-Rainy-Aedes-albopictus-3_S19,NODE_399_length_1536_cov_2.344498,Bromoviridae,Cambodia,Siem Reap,Jul-20,2020,Rainy,Aedes albopictus,67,5135175,3164938,21.17,Siem Reap bromo-like virus 1,Siem Reap bromo-like virus 1  isolate CAM977
HNVY2AFX2_Cambodia-Siem-Reap-Jul-2020-Rainy-Aedes-albopictus-4_S20,NODE_4_length_7344_cov_3.679686,Metaviridae,Cambodia,Siem Reap,Jul-20,2020,Rainy,Aedes albopictus,602,8299924,4296134,140.13,Siem Reap meta-like virus 1,Siem Reap meta-like virus 1  isolate CAM981
HNVY2AFX2_Cambodia-Siem-Reap-Jul-2020-Rainy-Aedes-albopictus-4_S20,NODE_523_length_1654_cov_1.000633,Metaviridae,Cambodia,Siem Reap,Jul-20,2020,Rainy,Aedes albopictus,44,8299924,4296134,10.24,Siem Reap meta-like virus 2,Siem Reap meta-like virus 2  isolate CAM982
HNVY2AFX2_Cambodia-Siem-Reap-Jul-2020-Rainy-Aedes-albopictus-5_S21,NODE_5_length_5373_cov_9129.446226,Alphatetraviridae,Cambodia,Siem Reap,Jul-20,2020,Rainy,Aedes albopictus,835332,5772495,2979361,280372.87,Sarawak virus,Sarawak virus  isolate CAM984
HNVY2AFX2_Cambodia-Siem-Reap-Jul-2020-Rainy-Aedes-albopictus-5_S21,NODE_751_length_1245_cov_4.721843,Partitiviridae,Cambodia,Siem Reap,Jul-20,2020,Rainy,Aedes albopictus,99,5772495,2979361,33.23,Mosquito partiti-like virus HUN3,Mosquito partiti-like virus HUN3  isolate CAM983
HNVY2AFX2_Cambodia-Siem-Reap-Jul-2020-Rainy-Aedes-albopictus-5_S21,NODE_639_length_1348_cov_1.517647,Kitaviridae,Cambodia,Siem Reap,Jul-20,2020,Rainy,Aedes albopictus,83,5772495,2979361,27.86,Siem Reap kita-like virus 1,Siem Reap kita-like virus 1  isolate CAM985
HNVY2AFX2_Cambodia-Siem-Reap-Mar-2020-Dry-Aedes-albopictus-1_S12,NODE_643_length_1769_cov_15.932193,Partitiviridae,Cambodia,Siem Reap,Mar-20,2020,Dry,Aedes albopictus,469,8234650,5288357,88.69,Netjeret virus,Netjeret virus  isolate CAM986
HNVY2AFX2_Cambodia-Siem-Reap-Mar-2020-Dry-Aedes-albopictus-1_S12,NODE_1865_length_1207_cov_1.696649,Orthototiviridae,Cambodia,Siem Reap,Mar-20,2020,Dry,Aedes albopictus,43,8234650,5288357,8.13,Siem Reap orthototi-like virus 1,Siem Reap orthototi-like virus 1  isolate CAM987
HNVY2AFX2_Cambodia-Siem-Reap-Mar-2020-Dry-Aedes-albopictus-1_S12,NODE_2115_length_1145_cov_1.683769,Orthototiviridae,Cambodia,Siem Reap,Mar-20,2020,Dry,Aedes albopictus,33,8234650,5288357,6.24,Siem Reap orthototi-like virus 2,Siem Reap orthototi-like virus 2  isolate CAM988
HNVY2AFX2_Cambodia-Siem-Reap-Mar-2020-Dry-Aedes-albopictus-2_S13,NODE_29_length_5335_cov_3937.512353,Alphatetraviridae,Cambodia,Siem Reap,Mar-20,2020,Dry,Aedes albopictus,341071,10347296,8462677,40302.97,Sarawak virus,Sarawak virus  isolate CAM989
HNVY2AFX2_Cambodia-Siem-Reap-Mar-2020-Dry-Aedes-albopictus-2_S13,NODE_71_length_4234_cov_45.324201,Reovirales,Cambodia,Siem Reap,Mar-20,2020,Dry,Aedes albopictus,2981,10347296,8462677,352.25,Wufeng shrew reo-like virus 2,Wufeng shrew reo-like virus 2  isolate CAM993
HNVY2AFX2_Cambodia-Siem-Reap-Mar-2020-Dry-Aedes-albopictus-2_S13,NODE_54_length_4379_cov_2.553646,Metaviridae,Cambodia,Siem Reap,Mar-20,2020,Dry,Aedes albopictus,273,10347296,8462677,32.26,Siem Reap meta-like virus 1,Siem Reap meta-like virus 1  isolate CAM991
HNVY2AFX2_Cambodia-Siem-Reap-Mar-2020-Dry-Aedes-albopictus-2_S13,NODE_133_length_3636_cov_26.672748,Kitaviridae,Cambodia,Siem Reap,Mar-20,2020,Dry,Aedes albopictus,1824,10347296,8462677,215.53,Siem Reap kita-like virus 1,Siem Reap kita-like virus 1  isolate CAM990
HNVY2AFX2_Cambodia-Siem-Reap-Mar-2020-Dry-Aedes-albopictus-2_S13,NODE_3493_length_1182_cov_1.016231,Metaviridae,Cambodia,Siem Reap,Mar-20,2020,Dry,Aedes albopictus,28,10347296,8462677,3.31,Siem Reap meta-like virus 3,Siem Reap meta-like virus 3  isolate CAM992
HNVY2AFX2_Cambodia-Siem-Reap-Mar-2020-Dry-Aedes-albopictus-3_S14,NODE_449_length_1936_cov_1.890499,Metaviridae,Cambodia,Siem Reap,Mar-20,2020,Dry,Aedes albopictus,91,6097143,4197595,21.68,Siem Reap meta-like virus 1,Siem Reap meta-like virus 1  isolate CAM994
HNVY2AFX2_Cambodia-Siem-Reap-Mar-2020-Dry-Aedes-albopictus-4_S15,NODE_4_length_4239_cov_13453.880221,Reovirales,Cambodia,Siem Reap,Mar-20,2020,Dry,Aedes albopictus,913011,8367047,5987955,152474.59,Wufeng shrew reo-like virus 2,Wufeng shrew reo-like virus 2  isolate CAM996
HNVY2AFX2_Cambodia-Siem-Reap-Mar-2020-Dry-Aedes-albopictus-4_S15,NODE_398_length_1088_cov_5.993103,Partitiviridae,Cambodia,Siem Reap,Mar-20,2020,Dry,Aedes albopictus,101,8367047,5987955,16.87,Kagbo partiti-like virus,Kagbo partiti-like virus  isolate CAM995
HNVY2AFX2_Cambodia-Siem-Reap-Mar-2020-Dry-Aedes-albopictus-5_S16,NODE_30_length_4182_cov_9.141884,Reovirales,Cambodia,Siem Reap,Mar-20,2020,Dry,Aedes albopictus,594,6086415,4245062,139.93,Wufeng shrew reo-like virus 2,Wufeng shrew reo-like virus 2  isolate CAM999
HNVY2AFX2_Cambodia-Siem-Reap-Mar-2020-Dry-Aedes-albopictus-5_S16,NODE_458_length_1863_cov_194.429050,Partitiviridae,Cambodia,Siem Reap,Mar-20,2020,Dry,Aedes albopictus,6521,6086415,4245062,1536.14,Netjeret virus,Netjeret virus  isolate CAM997
HNVY2AFX2_Cambodia-Siem-Reap-Mar-2020-Dry-Aedes-albopictus-5_S16,NODE_1161_length_1355_cov_1.294852,Metaviridae,Cambodia,Siem Reap,Mar-20,2020,Dry,Aedes albopictus,45,6086415,4245062,10.6,Siem Reap meta-like virus 1,Siem Reap meta-like virus 1  isolate CAM998
HNVY2AFX2_Guyane-HamPrefontaine-Jul-2019-Rainy-Culex-portesi-1_S22,NODE_32_length_3549_cov_1042.210012,Chrysoviridae,Guyane,Macouria,Jul-19,2019,Rainy,Culex portesi,56417,5544094,3966695,14222.67,Macouria chryso-like virus 2,Macouria chryso-like virus 2  isolate GUY1000
HNVY2AFX2_Guyane-HamPrefontaine-Jul-2019-Rainy-Culex-portesi-1_S22,NODE_2_length_7577_cov_17.562767,Orthototiviridae,Guyane,Macouria,Jul-19,2019,Rainy,Culex portesi,2332,5544094,3966695,587.89,Macouria orthototi-like virus 14,Macouria orthototi-like virus 14  isolate GUY1001
HNVY2AFX2_Guyane-HamPrefontaine-Jul-2019-Rainy-Culex-portesi-2_S23,NODE_2_length_9161_cov_633.940801,Virgaviridae,Guyane,Macouria,Jul-19,2019,Rainy,Culex portesi,94192,7011450,5085532,18521.56,Macouria virga-like virus 3,Macouria virga-like virus 3  isolate GUY1003
HNVY2AFX2_Guyane-HamPrefontaine-Jul-2019-Rainy-Culex-portesi-2_S23,NODE_99_length_2911_cov_1.258633,Metaviridae,Guyane,Macouria,Jul-19,2019,Rainy,Culex portesi,135,7011450,5085532,26.55,Macouria meta-like virus 40,Macouria meta-like virus 40  isolate GUY1002
HNVY2AFX2_Guyane-Macouria-Jan-2020-Rainy-Coquillettidia-venezuelensis-1_S24,NODE_1_length_8979_cov_114.385695,Virgaviridae,Guyane,Macouria,Jan-20,2020,Rainy,Coquillettidia venezuelensis,16952,6549761,5802708,2921.39,Mosquito hepe-like virus HLJ1,Mosquito hepe-like virus HLJ1  isolate GUY1013
HNVY2AFX2_Guyane-Macouria-Jan-2020-Rainy-Coquillettidia-venezuelensis-1_S24,NODE_116_length_3600_cov_1289.267083,Chrysoviridae,Guyane,Macouria,Jan-20,2020,Rainy,Coquillettidia venezuelensis,76122,6549761,5802708,13118.36,Macouria chryso-like virus 1,Macouria chryso-like virus 1  isolate GUY1005
HNVY2AFX2_Guyane-Macouria-Jan-2020-Rainy-Coquillettidia-venezuelensis-1_S24,NODE_442_length_2564_cov_3.426335,Metaviridae,Guyane,Macouria,Jan-20,2020,Rainy,Coquillettidia venezuelensis,213,6549761,5802708,36.71,Macouria meta-like virus 3,Macouria meta-like virus 3  isolate GUY1007
HNVY2AFX2_Guyane-Macouria-Jan-2020-Rainy-Coquillettidia-venezuelensis-1_S24,NODE_1040_length_1959_cov_3.808590,Metaviridae,Guyane,Macouria,Jan-20,2020,Rainy,Coquillettidia venezuelensis,470,6549761,5802708,81,Macouria meta-like virus 5,Macouria meta-like virus 5  isolate GUY1009
HNVY2AFX2_Guyane-Macouria-Jan-2020-Rainy-Coquillettidia-venezuelensis-1_S24,NODE_293_length_2864_cov_2.393766,Metaviridae,Guyane,Macouria,Jan-20,2020,Rainy,Coquillettidia venezuelensis,201,6549761,5802708,34.64,Macouria meta-like virus 17,Macouria meta-like virus 17  isolate GUY1006
HNVY2AFX2_Guyane-Macouria-Jan-2020-Rainy-Coquillettidia-venezuelensis-1_S24,NODE_501_length_2458_cov_1433.564361,Tombusviridae,Guyane,Macouria,Jan-20,2020,Rainy,Coquillettidia venezuelensis,61705,6549761,5802708,10633.83,Macouria tombus-like virus 1,Macouria tombus-like virus 1  isolate GUY1012
HNVY2AFX2_Guyane-Macouria-Jan-2020-Rainy-Coquillettidia-venezuelensis-1_S24,NODE_110_length_3648_cov_10.975105,Metaviridae,Guyane,Macouria,Jan-20,2020,Rainy,Coquillettidia venezuelensis,1197,6549761,5802708,206.28,Macouria meta-like virus 9,Macouria meta-like virus 9  isolate GUY1011
HNVY2AFX2_Guyane-Macouria-Jan-2020-Rainy-Coquillettidia-venezuelensis-1_S24,NODE_1745_length_1611_cov_2.892068,Aliusviridae,Guyane,Macouria,Jan-20,2020,Rainy,Coquillettidia venezuelensis,147,6549761,5802708,25.33,Macouria alius-like virus 1,Macouria alius-like virus 1  isolate GUY1004
HNVY2AFX2_Guyane-Macouria-Jan-2020-Rainy-Coquillettidia-venezuelensis-1_S24,NODE_2188_length_1468_cov_2.113978,Metaviridae,Guyane,Macouria,Jan-20,2020,Rainy,Coquillettidia venezuelensis,294,6549761,5802708,50.67,Macouria meta-like virus 4,Macouria meta-like virus 4  isolate GUY1008
HNVY2AFX2_Guyane-Macouria-Jan-2020-Rainy-Coquillettidia-venezuelensis-1_S24,NODE_1523_length_1694_cov_3.389883,Metaviridae,Guyane,Macouria,Jan-20,2020,Rainy,Coquillettidia venezuelensis,112,6549761,5802708,19.3,Macouria meta-like virus 8,Macouria meta-like virus 8  isolate GUY1010
HNVY7AFX2_Bangui-Batalimo-July-2020-Rainy-Anopheles-gambiae-4_S1,NODE_89_length_2974_cov_34.402275,Solemoviridae,Central African Republic,Batalimo,Jul-20,2020,Rainy,Anopheles gambiae,1451,4201952,3793479,382.5,Batalimo solemo-like virus 2,Batalimo solemo-like virus 2  isolate CAR1014
HNVY7AFX2_Bangui-Bouar-Oct-Nov-2020-Rainy-Anopheles-funestus-3_S18,NODE_2_length_9135_cov_1989.312293,Virgaviridae,Central African Republic,Bouar,Nov-20,2020,Rainy,Anopheles funestus,254315,3311890,2974047,85511.43,Hubei virga-like virus 1,Hubei virga-like virus 1  isolate CAR1019
HNVY7AFX2_Bangui-Bouar-Oct-Nov-2020-Rainy-Anopheles-funestus-3_S18,NODE_1_length_12845_cov_2143.559114,Rhabdoviridae,Central African Republic,Bouar,Nov-20,2020,Rainy,Anopheles funestus,381576,3311890,2974047,128301.94,Bouar rhabdo-like virus 2,Bouar rhabdo-like virus 2  isolate CAR1017
HNVY7AFX2_Bangui-Bouar-Oct-Nov-2020-Rainy-Anopheles-funestus-3_S18,NODE_15_length_4476_cov_1358.156711,Sedoreovirales,Central African Republic,Bouar,Nov-20,2020,Rainy,Anopheles funestus,85324,3311890,2974047,28689.53,Bouar sedoreo-like virus 1,Bouar sedoreo-like virus 1  isolate CAR1018
HNVY7AFX2_Bangui-Bouar-Oct-Nov-2020-Rainy-Anopheles-funestus-3_S18,NODE_176_length_1512_cov_2836.851286,Partitiviridae,Central African Republic,Bouar,Nov-20,2020,Rainy,Anopheles funestus,56512,3311890,2974047,19001.72,Bouar partiti-like virus 1,Bouar partiti-like virus 1  isolate CAR1015
HNVY7AFX2_Bangui-Bouar-Oct-Nov-2020-Rainy-Anopheles-funestus-3_S18,NODE_477_length_1026_cov_5.437566,Partitiviridae,Central African Republic,Bouar,Nov-20,2020,Rainy,Anopheles funestus,77,3311890,2974047,25.89,Bouar partiti-like virus 2,Bouar partiti-like virus 2  isolate CAR1016
HNVY7AFX2_Bangui-Mbaiki-Sep-2020-Rainy-Anopheles-gambiae-1_S3,NODE_87_length_5497_cov_3.441925,Metaviridae,Central African Republic,Mbaiki,Sep-20,2020,Rainy,Anopheles gambiae,467,10705772,9518891,49.06,Mbaiki meta-like virus 31,Mbaiki meta-like virus 31  isolate CAR1027
HNVY7AFX2_Bangui-Mbaiki-Sep-2020-Rainy-Anopheles-gambiae-1_S3,NODE_43_length_6078_cov_19.993006,Metaviridae,Central African Republic,Mbaiki,Sep-20,2020,Rainy,Anopheles gambiae,2609,10705772,9518891,274.09,Mbaiki meta-like virus 25,Mbaiki meta-like virus 25  isolate CAR1021
HNVY7AFX2_Bangui-Mbaiki-Sep-2020-Rainy-Anopheles-gambiae-1_S3,NODE_22_length_6934_cov_8.340767,Metaviridae,Central African Republic,Mbaiki,Sep-20,2020,Rainy,Anopheles gambiae,1196,10705772,9518891,125.64,Mbaiki meta-like virus 29,Mbaiki meta-like virus 29  isolate CAR1025
HNVY7AFX2_Bangui-Mbaiki-Sep-2020-Rainy-Anopheles-gambiae-1_S3,NODE_875_length_3379_cov_10.546884,Metaviridae,Central African Republic,Mbaiki,Sep-20,2020,Rainy,Anopheles gambiae,815,10705772,9518891,85.62,Mbaiki meta-like virus 32,Mbaiki meta-like virus 32  isolate CAR1028
HNVY7AFX2_Bangui-Mbaiki-Sep-2020-Rainy-Anopheles-gambiae-1_S3,NODE_442_length_3951_cov_3.193141,Metaviridae,Central African Republic,Mbaiki,Sep-20,2020,Rainy,Anopheles gambiae,310,10705772,9518891,32.57,Mbaiki meta-like virus 26,Mbaiki meta-like virus 26  isolate CAR1022
HNVY7AFX2_Bangui-Mbaiki-Sep-2020-Rainy-Anopheles-gambiae-1_S3,NODE_154_length_4905_cov_3.915356,Metaviridae,Central African Republic,Mbaiki,Sep-20,2020,Rainy,Anopheles gambiae,629,10705772,9518891,66.08,Mbaiki meta-like virus 28,Mbaiki meta-like virus 28  isolate CAR1024
HNVY7AFX2_Bangui-Mbaiki-Sep-2020-Rainy-Anopheles-gambiae-1_S3,NODE_190_length_4664_cov_7.293618,Metaviridae,Central African Republic,Mbaiki,Sep-20,2020,Rainy,Anopheles gambiae,767,10705772,9518891,80.58,Mbaiki meta-like virus 27,Mbaiki meta-like virus 27  isolate CAR1023
HNVY7AFX2_Bangui-Mbaiki-Sep-2020-Rainy-Anopheles-gambiae-1_S3,NODE_6388_length_2024_cov_2.410559,Metaviridae,Central African Republic,Mbaiki,Sep-20,2020,Rainy,Anopheles gambiae,149,10705772,9518891,15.65,Mbaiki meta-like virus 30,Mbaiki meta-like virus 30  isolate CAR1026
HNVY7AFX2_Bangui-Mbaiki-Sep-2020-Rainy-Anopheles-gambiae-1_S3,NODE_958_length_3298_cov_1.776744,Metaviridae,Central African Republic,Mbaiki,Sep-20,2020,Rainy,Anopheles gambiae,190,10705772,9518891,19.96,Mbaiki meta-like virus 33,Mbaiki meta-like virus 33  isolate CAR1029
HNVY7AFX2_Bangui-Mbaiki-Sep-2020-Rainy-Anopheles-gambiae-1_S3,NODE_9506_length_1795_cov_8.423345,Metaviridae,Central African Republic,Mbaiki,Sep-20,2020,Rainy,Anopheles gambiae,8989,10705772,9518891,944.33,Mbaiki meta-like virus 34,Mbaiki meta-like virus 34  isolate CAR1030
HNVY7AFX2_Bangui-Mbaiki-Sep-2020-Rainy-Anopheles-gambiae-1_S3,NODE_14832_length_1543_cov_2.442857,Metaviridae,Central African Republic,Mbaiki,Sep-20,2020,Rainy,Anopheles gambiae,143,10705772,9518891,15.02,Mbaiki meta-like virus 37,Mbaiki meta-like virus 37  isolate CAR1033
HNVY7AFX2_Bangui-Mbaiki-Sep-2020-Rainy-Anopheles-gambiae-1_S3,NODE_8940_length_1831_cov_2.026166,Metaviridae,Central African Republic,Mbaiki,Sep-20,2020,Rainy,Anopheles gambiae,101,10705772,9518891,10.61,Mbaiki meta-like virus 35,Mbaiki meta-like virus 35  isolate CAR1031
HNVY7AFX2_Bangui-Mbaiki-Sep-2020-Rainy-Anopheles-gambiae-1_S3,NODE_25194_length_1255_cov_3.306261,Kitaviridae,Central African Republic,Mbaiki,Sep-20,2020,Rainy,Anopheles gambiae,81,10705772,9518891,8.51,Mbaiki kita-like virus 1,Mbaiki kita-like virus 1  isolate CAR1020
HNVY7AFX2_Bangui-Mbaiki-Sep-2020-Rainy-Anopheles-gambiae-1_S3,NODE_12049_length_1661_cov_2.875315,Metaviridae,Central African Republic,Mbaiki,Sep-20,2020,Rainy,Anopheles gambiae,105,10705772,9518891,11.03,Mbaiki meta-like virus 36,Mbaiki meta-like virus 36  isolate CAR1032
HNVY7AFX2_Bangui-Mbaiki-Sep-2020-Rainy-Anopheles-gambiae-3_S5,NODE_13_length_6813_cov_3.285757,Metaviridae,Central African Republic,Mbaiki,Sep-20,2020,Rainy,Anopheles gambiae,531,7513144,5959644,89.1,Mbaiki meta-like virus 27,Mbaiki meta-like virus 27  isolate CAR1036
HNVY7AFX2_Bangui-Mbaiki-Sep-2020-Rainy-Anopheles-gambiae-3_S5,NODE_19_length_6226_cov_10.861043,Metaviridae,Central African Republic,Mbaiki,Sep-20,2020,Rainy,Anopheles gambiae,1473,7513144,5959644,247.16,Mbaiki meta-like virus 25,Mbaiki meta-like virus 25  isolate CAR1034
HNVY7AFX2_Bangui-Mbaiki-Sep-2020-Rainy-Anopheles-gambiae-3_S5,NODE_71_length_4756_cov_4.171685,Metaviridae,Central African Republic,Mbaiki,Sep-20,2020,Rainy,Anopheles gambiae,410,7513144,5959644,68.8,Mbaiki meta-like virus 29,Mbaiki meta-like virus 29  isolate CAR1038
HNVY7AFX2_Bangui-Mbaiki-Sep-2020-Rainy-Anopheles-gambiae-3_S5,NODE_206_length_3200_cov_2.085066,Metaviridae,Central African Republic,Mbaiki,Sep-20,2020,Rainy,Anopheles gambiae,234,7513144,5959644,39.26,Mbaiki meta-like virus 40,Mbaiki meta-like virus 40  isolate CAR1043
HNVY7AFX2_Bangui-Mbaiki-Sep-2020-Rainy-Anopheles-gambiae-3_S5,NODE_216_length_3131_cov_1.762590,Metaviridae,Central African Republic,Mbaiki,Sep-20,2020,Rainy,Anopheles gambiae,150,7513144,5959644,25.17,Mbaiki meta-like virus 31,Mbaiki meta-like virus 31  isolate CAR1039
HNVY7AFX2_Bangui-Mbaiki-Sep-2020-Rainy-Anopheles-gambiae-3_S5,NODE_2364_length_1459_cov_3.274892,Metaviridae,Central African Republic,Mbaiki,Sep-20,2020,Rainy,Anopheles gambiae,93,7513144,5959644,15.6,Mbaiki meta-like virus 38,Mbaiki meta-like virus 38  isolate CAR1041
HNVY7AFX2_Bangui-Mbaiki-Sep-2020-Rainy-Anopheles-gambiae-3_S5,NODE_164_length_3478_cov_2.051689,Metaviridae,Central African Republic,Mbaiki,Sep-20,2020,Rainy,Anopheles gambiae,186,7513144,5959644,31.21,Mbaiki meta-like virus 34,Mbaiki meta-like virus 34  isolate CAR1040
HNVY7AFX2_Bangui-Mbaiki-Sep-2020-Rainy-Anopheles-gambiae-3_S5,NODE_6243_length_1134_cov_2.509896,Metaviridae,Central African Republic,Mbaiki,Sep-20,2020,Rainy,Anopheles gambiae,68,7513144,5959644,11.41,Mbaiki meta-like virus 39,Mbaiki meta-like virus 39  isolate CAR1042
HNVY7AFX2_Bangui-Mbaiki-Sep-2020-Rainy-Anopheles-gambiae-3_S5,NODE_6191_length_1137_cov_1.293233,Metaviridae,Central African Republic,Mbaiki,Sep-20,2020,Rainy,Anopheles gambiae,38,7513144,5959644,6.38,Mbaiki meta-like virus 28,Mbaiki meta-like virus 28  isolate CAR1037
HNVY7AFX2_Bangui-Mbaiki-Sep-2020-Rainy-Anopheles-gambiae-3_S5,NODE_1836_length_1557_cov_1.723720,Metaviridae,Central African Republic,Mbaiki,Sep-20,2020,Rainy,Anopheles gambiae,48,7513144,5959644,08.05,Mbaiki meta-like virus 26,Mbaiki meta-like virus 26  isolate CAR1035
HNVY7AFX2_Bangui-Mbaiki-Sep-2020-Rainy-Anopheles-gambiae-4_S6,NODE_58_length_5876_cov_4.363088,Metaviridae,Central African Republic,Mbaiki,Sep-20,2020,Rainy,Anopheles gambiae,674,8236180,7664526,87.94,Mbaiki meta-like virus 34,Mbaiki meta-like virus 34  isolate CAR1051
HNVY7AFX2_Bangui-Mbaiki-Sep-2020-Rainy-Anopheles-gambiae-4_S6,NODE_13_length_7056_cov_12.503652,Metaviridae,Central African Republic,Mbaiki,Sep-20,2020,Rainy,Anopheles gambiae,1720,8236180,7664526,224.41,Mbaiki meta-like virus 32,Mbaiki meta-like virus 32  isolate CAR1050
HNVY7AFX2_Bangui-Mbaiki-Sep-2020-Rainy-Anopheles-gambiae-4_S6,NODE_56_length_5890_cov_3.327660,Metaviridae,Central African Republic,Mbaiki,Sep-20,2020,Rainy,Anopheles gambiae,444,8236180,7664526,57.93,Mbaiki meta-like virus 31,Mbaiki meta-like virus 31  isolate CAR1049
HNVY7AFX2_Bangui-Mbaiki-Sep-2020-Rainy-Anopheles-gambiae-4_S6,NODE_672_length_3590_cov_2.359113,Metaviridae,Central African Republic,Mbaiki,Sep-20,2020,Rainy,Anopheles gambiae,451,8236180,7664526,58.84,Mbaiki meta-like virus 42,Mbaiki meta-like virus 42  isolate CAR1056
HNVY7AFX2_Bangui-Mbaiki-Sep-2020-Rainy-Anopheles-gambiae-4_S6,NODE_223_length_4503_cov_5.896388,Metaviridae,Central African Republic,Mbaiki,Sep-20,2020,Rainy,Anopheles gambiae,485,8236180,7664526,63.28,Mbaiki meta-like virus 29,Mbaiki meta-like virus 29  isolate CAR1048
HNVY7AFX2_Bangui-Mbaiki-Sep-2020-Rainy-Anopheles-gambiae-4_S6,NODE_856_length_3402_cov_1.972664,Metaviridae,Central African Republic,Mbaiki,Sep-20,2020,Rainy,Anopheles gambiae,8005,8236180,7664526,1044.42,Mbaiki meta-like virus 41,Mbaiki meta-like virus 41  isolate CAR1055
HNVY7AFX2_Bangui-Mbaiki-Sep-2020-Rainy-Anopheles-gambiae-4_S6,NODE_93_length_5306_cov_3.264093,Metaviridae,Central African Republic,Mbaiki,Sep-20,2020,Rainy,Anopheles gambiae,392,8236180,7664526,51.14,Mbaiki meta-like virus 26,Mbaiki meta-like virus 26  isolate CAR1045
HNVY7AFX2_Bangui-Mbaiki-Sep-2020-Rainy-Anopheles-gambiae-4_S6,NODE_1416_length_3028_cov_4.352284,Metaviridae,Central African Republic,Mbaiki,Sep-20,2020,Rainy,Anopheles gambiae,285,8236180,7664526,37.18,Mbaiki meta-like virus 27,Mbaiki meta-like virus 27  isolate CAR1046
HNVY7AFX2_Bangui-Mbaiki-Sep-2020-Rainy-Anopheles-gambiae-4_S6,NODE_1621_length_2940_cov_2.655040,Metaviridae,Central African Republic,Mbaiki,Sep-20,2020,Rainy,Anopheles gambiae,191,8236180,7664526,24.92,Mbaiki meta-like virus 36,Mbaiki meta-like virus 36  isolate CAR1052
HNVY7AFX2_Bangui-Mbaiki-Sep-2020-Rainy-Anopheles-gambiae-4_S6,NODE_3343_length_2474_cov_2.101624,Metaviridae,Central African Republic,Mbaiki,Sep-20,2020,Rainy,Anopheles gambiae,4000,8236180,7664526,521.88,Mbaiki meta-like virus 46,Mbaiki meta-like virus 46  isolate CAR1060
HNVY7AFX2_Bangui-Mbaiki-Sep-2020-Rainy-Anopheles-gambiae-4_S6,NODE_752_length_3499_cov_1.921775,Metaviridae,Central African Republic,Mbaiki,Sep-20,2020,Rainy,Anopheles gambiae,735,8236180,7664526,95.9,Mbaiki meta-like virus 47,Mbaiki meta-like virus 47  isolate CAR1061
HNVY7AFX2_Bangui-Mbaiki-Sep-2020-Rainy-Anopheles-gambiae-4_S6,NODE_30_length_6547_cov_18.221347,Metaviridae,Central African Republic,Mbaiki,Sep-20,2020,Rainy,Anopheles gambiae,2602,8236180,7664526,339.49,Mbaiki meta-like virus 25,Mbaiki meta-like virus 25  isolate CAR1044
HNVY7AFX2_Bangui-Mbaiki-Sep-2020-Rainy-Anopheles-gambiae-4_S6,NODE_1550_length_2971_cov_2.996549,Metaviridae,Central African Republic,Mbaiki,Sep-20,2020,Rainy,Anopheles gambiae,600,8236180,7664526,78.28,Mbaiki meta-like virus 39,Mbaiki meta-like virus 39  isolate CAR1054
HNVY7AFX2_Bangui-Mbaiki-Sep-2020-Rainy-Anopheles-gambiae-4_S6,NODE_1129_length_3185_cov_2.091260,Metaviridae,Central African Republic,Mbaiki,Sep-20,2020,Rainy,Anopheles gambiae,1495,8236180,7664526,195.05,Mbaiki meta-like virus 45,Mbaiki meta-like virus 45  isolate CAR1059
HNVY7AFX2_Bangui-Mbaiki-Sep-2020-Rainy-Anopheles-gambiae-4_S6,NODE_57_length_5885_cov_2.807639,Metaviridae,Central African Republic,Mbaiki,Sep-20,2020,Rainy,Anopheles gambiae,9622,8236180,7664526,1255.39,Mbaiki meta-like virus 38,Mbaiki meta-like virus 38  isolate CAR1053
HNVY7AFX2_Bangui-Mbaiki-Sep-2020-Rainy-Anopheles-gambiae-4_S6,NODE_19139_length_1456_cov_2.360810,Metaviridae,Central African Republic,Mbaiki,Sep-20,2020,Rainy,Anopheles gambiae,168,8236180,7664526,21.91,Mbaiki meta-like virus 28,Mbaiki meta-like virus 28  isolate CAR1047
HNVY7AFX2_Bangui-Mbaiki-Sep-2020-Rainy-Anopheles-gambiae-4_S6,NODE_17687_length_1498_cov_19.472982,Partitiviridae,Central African Republic,Mbaiki,Sep-20,2020,Rainy,Anopheles gambiae,414,8236180,7664526,54.02,Mbaiki partiti-like virus 2,Mbaiki partiti-like virus 2  isolate CAR1062
HNVY7AFX2_Bangui-Mbaiki-Sep-2020-Rainy-Anopheles-gambiae-4_S6,NODE_6312_length_2086_cov_3.255340,Metaviridae,Central African Republic,Mbaiki,Sep-20,2020,Rainy,Anopheles gambiae,261,8236180,7664526,34.05,Mbaiki meta-like virus 43,Mbaiki meta-like virus 43  isolate CAR1057
HNVY7AFX2_Bangui-Mbaiki-Sep-2020-Rainy-Anopheles-gambiae-4_S6,NODE_12139_length_1711_cov_3.114164,Metaviridae,Central African Republic,Mbaiki,Sep-20,2020,Rainy,Anopheles gambiae,133,8236180,7664526,17.35,Mbaiki meta-like virus 44,Mbaiki meta-like virus 44  isolate CAR1058
HNVY7AFX2_Bangui-Mbaiki-Sep-2020-Rainy-Anopheles-gambiae-5_S7,NODE_5_length_7110_cov_7.975700,Metaviridae,Central African Republic,Mbaiki,Sep-20,2020,Rainy,Anopheles gambiae,1225,4708319,4354383,281.33,Mbaiki meta-like virus 25,Mbaiki meta-like virus 25  isolate CAR1063
HNVY7AFX2_Bangui-Mbaiki-Sep-2020-Rainy-Anopheles-gambiae-5_S7,NODE_9_length_6695_cov_3.633192,Metaviridae,Central African Republic,Mbaiki,Sep-20,2020,Rainy,Anopheles gambiae,487,4708319,4354383,111.84,Mbaiki meta-like virus 32,Mbaiki meta-like virus 32  isolate CAR1066
HNVY7AFX2_Bangui-Mbaiki-Sep-2020-Rainy-Anopheles-gambiae-5_S7,NODE_385_length_2029_cov_1.676380,Metaviridae,Central African Republic,Mbaiki,Sep-20,2020,Rainy,Anopheles gambiae,100,4708319,4354383,22.97,Mbaiki meta-like virus 27,Mbaiki meta-like virus 27  isolate CAR1065
HNVY7AFX2_Bangui-Mbaiki-Sep-2020-Rainy-Anopheles-gambiae-5_S7,NODE_1346_length_1380_cov_1.395562,Metaviridae,Central African Republic,Mbaiki,Sep-20,2020,Rainy,Anopheles gambiae,44,4708319,4354383,10.1,Mbaiki meta-like virus 47,Mbaiki meta-like virus 47  isolate CAR1068
HNVY7AFX2_Bangui-Mbaiki-Sep-2020-Rainy-Anopheles-gambiae-5_S7,NODE_3960_length_1028_cov_1.797906,Metaviridae,Central African Republic,Mbaiki,Sep-20,2020,Rainy,Anopheles gambiae,229,4708319,4354383,52.59,Mbaiki meta-like virus 34,Mbaiki meta-like virus 34  isolate CAR1067
HNVY7AFX2_Bangui-Mbaiki-Sep-2020-Rainy-Anopheles-gambiae-5_S7,NODE_2341_length_1180_cov_2.037940,Metaviridae,Central African Republic,Mbaiki,Sep-20,2020,Rainy,Anopheles gambiae,368,4708319,4354383,84.51,Mbaiki meta-like virus 26,Mbaiki meta-like virus 26  isolate CAR1064
HNVY7AFX2_Bangui-Pissa-Sep-2020-Rainy-Aedes-aegypti-1_S8,NODE_28_length_4588_cov_908.412625,Inseviridae,Central African Republic,Pissa,Sep-20,2020,Rainy,Aedes aegypti,61591,4289989,4028028,15290.61,Pissa inse-like virus 1,Pissa inse-like virus 1  isolate CAR1070
HNVY7AFX2_Bangui-Pissa-Sep-2020-Rainy-Aedes-aegypti-1_S8,NODE_29_length_4563_cov_1414.465924,Inseviridae,Central African Republic,Pissa,Sep-20,2020,Rainy,Aedes aegypti,92167,4289989,4028028,22881.42,Pissa inse-like virus 2,Pissa inse-like virus 2  isolate CAR1071
HNVY7AFX2_Bangui-Pissa-Sep-2020-Rainy-Aedes-aegypti-1_S8,NODE_497_length_1817_cov_2.793005,Metaviridae,Central African Republic,Pissa,Sep-20,2020,Rainy,Aedes aegypti,143,4289989,4028028,35.5,Pissa meta-like virus 2,Pissa meta-like virus 2  isolate CAR1073
HNVY7AFX2_Bangui-Pissa-Sep-2020-Rainy-Aedes-aegypti-1_S8,NODE_598_length_1707_cov_3.603427,Metaviridae,Central African Republic,Pissa,Sep-20,2020,Rainy,Aedes aegypti,106,4289989,4028028,26.32,Pissa meta-like virus 1,Pissa meta-like virus 1  isolate CAR1072
HNVY7AFX2_Bangui-Pissa-Sep-2020-Rainy-Aedes-aegypti-1_S8,NODE_1658_length_1130_cov_1856.861873,Inseviridae,Central African Republic,Pissa,Sep-20,2020,Rainy,Aedes aegypti,29170,4289989,4028028,7241.76,Mosquito toti-like virus XZ15,Mosquito toti-like virus XZ15  isolate CAR1069
HNVY7AFX2_Bangui-Pissa-Sep-2020-Rainy-Aedes-aegypti-3_S9,NODE_797_length_1583_cov_3.573510,Metaviridae,Central African Republic,Pissa,Sep-20,2020,Rainy,Aedes aegypti,101,4269707,4086144,24.72,Pissa meta-like virus 2,Pissa meta-like virus 2  isolate CAR1077
HNVY7AFX2_Bangui-Pissa-Sep-2020-Rainy-Aedes-aegypti-3_S9,NODE_716_length_1658_cov_5.338801,Deltaflexiviridae,Central African Republic,Pissa,Sep-20,2020,Rainy,Aedes aegypti,181,4269707,4086144,44.3,Pissa deltaflexi-like virus 1,Pissa deltaflexi-like virus 1  isolate CAR1074
HNVY7AFX2_Bangui-Pissa-Sep-2020-Rainy-Aedes-aegypti-3_S9,NODE_61_length_3715_cov_3.595826,Metaviridae,Central African Republic,Pissa,Sep-20,2020,Rainy,Aedes aegypti,259,4269707,4086144,63.38,Pissa meta-like virus 4,Pissa meta-like virus 4  isolate CAR1079
HNVY7AFX2_Bangui-Pissa-Sep-2020-Rainy-Aedes-aegypti-3_S9,NODE_748_length_1625_cov_1.907216,Flaviviridae,Central African Republic,Pissa,Sep-20,2020,Rainy,Aedes aegypti,271,4269707,4086144,66.32,Pissa flavi-like virus 1,Pissa flavi-like virus 1  isolate CAR1075
HNVY7AFX2_Bangui-Pissa-Sep-2020-Rainy-Aedes-aegypti-3_S9,NODE_1311_length_1315_cov_2.146538,Metaviridae,Central African Republic,Pissa,Sep-20,2020,Rainy,Aedes aegypti,91,4269707,4086144,22.27,Pissa meta-like virus 3,Pissa meta-like virus 3  isolate CAR1078
HNVY7AFX2_Bangui-Pissa-Sep-2020-Rainy-Aedes-aegypti-3_S9,NODE_2493_length_1019_cov_2.859408,Metaviridae,Central African Republic,Pissa,Sep-20,2020,Rainy,Aedes aegypti,48,4269707,4086144,11.75,Pissa meta-like virus 1,Pissa meta-like virus 1  isolate CAR1076
HNVY7AFX2_Bangui-Pissa-Sep-2020-Rainy-Aedes-aegypti-4_S10,NODE_48_length_3590_cov_4.809781,Orthototiviridae,Central African Republic,Pissa,Sep-20,2020,Rainy,Aedes aegypti,261,3756905,3636689,71.77,Pissa orthototi-like virus 1,Pissa orthototi-like virus 1  isolate CAR1085
HNVY7AFX2_Bangui-Pissa-Sep-2020-Rainy-Aedes-aegypti-4_S10,NODE_24_length_4565_cov_1766.774043,Inseviridae,Central African Republic,Pissa,Sep-20,2020,Rainy,Aedes aegypti,115073,3756905,3636689,31642.24,Pissa inse-like virus 1,Pissa inse-like virus 1  isolate CAR1083
HNVY7AFX2_Bangui-Pissa-Sep-2020-Rainy-Aedes-aegypti-4_S10,NODE_22_length_4581_cov_3872.714951,Inseviridae,Central African Republic,Pissa,Sep-20,2020,Rainy,Aedes aegypti,253186,3756905,3636689,69619.92,Pissa inse-like virus 2,Pissa inse-like virus 2  isolate CAR1084
HNVY7AFX2_Bangui-Pissa-Sep-2020-Rainy-Aedes-aegypti-4_S10,NODE_298_length_2003_cov_6.979275,Orthototiviridae,Central African Republic,Pissa,Sep-20,2020,Rainy,Aedes aegypti,199,3756905,3636689,54.72,Mosquito toti-like virus XZ18,Mosquito toti-like virus XZ18  isolate CAR1081
HNVY7AFX2_Bangui-Pissa-Sep-2020-Rainy-Aedes-aegypti-4_S10,NODE_1308_length_1158_cov_4107.055300,Inseviridae,Central African Republic,Pissa,Sep-20,2020,Rainy,Aedes aegypti,64379,3756905,3636689,17702.64,Mosquito toti-like virus XZ15,Mosquito toti-like virus XZ15  isolate CAR1080
HNVY7AFX2_Bangui-Pissa-Sep-2020-Rainy-Aedes-aegypti-4_S10,NODE_1549_length_1081_cov_4.615079,Orthototiviridae,Central African Republic,Pissa,Sep-20,2020,Rainy,Aedes aegypti,72,3756905,3636689,19.8,Pissa orthototi-like virus 2,Pissa orthototi-like virus 2  isolate CAR1086
HNVY7AFX2_Bangui-Pissa-Sep-2020-Rainy-Aedes-aegypti-4_S10,NODE_1318_length_1155_cov_3.106285,Deltaflexiviridae,Central African Republic,Pissa,Sep-20,2020,Rainy,Aedes aegypti,68,3756905,3636689,18.7,Pissa deltaflexi-like virus 1,Pissa deltaflexi-like virus 1  isolate CAR1082
HNVY7AFX2_Bangui-Pissa-Sep-2020-Rainy-Aedes-aegypti-5_S11,NODE_1_length_11394_cov_1748.928717,Inseviridae,Central African Republic,Pissa,Sep-20,2020,Rainy,Aedes aegypti,290412,3026636,2895765,100288.52,Pissa inse-like virus 3,Pissa inse-like virus 3  isolate CAR1087
HNVY7AFX2_Bangui-Pissa-Sep-2020-Rainy-Aedes-aegypti-5_S11,NODE_1144_length_1166_cov_1.771272,Metaviridae,Central African Republic,Pissa,Sep-20,2020,Rainy,Aedes aegypti,52,3026636,2895765,17.96,Pissa meta-like virus 2,Pissa meta-like virus 2  isolate CAR1089
HNVY7AFX2_Bangui-Pissa-Sep-2020-Rainy-Aedes-aegypti-5_S11,NODE_892_length_1300_cov_2.339038,Metaviridae,Central African Republic,Pissa,Sep-20,2020,Rainy,Aedes aegypti,45,3026636,2895765,15.54,Pissa meta-like virus 1,Pissa meta-like virus 1  isolate CAR1088
HNVY7AFX2_Bangui-Pissa-Sep-2020-Rainy-Aedes-albopictus-5_S12,NODE_939_length_1534_cov_2.227926,Metaviridae,Central African Republic,Pissa,Sep-20,2020,Rainy,Aedes albopictus,66,4711658,4308158,15.32,Pissa meta-like virus 14,Pissa meta-like virus 14  isolate CAR1091
HNVY7AFX2_Bangui-Pissa-Sep-2020-Rainy-Aedes-albopictus-5_S12,NODE_2738_length_1005_cov_2.015021,Metaviridae,Central African Republic,Pissa,Sep-20,2020,Rainy,Aedes albopictus,37,4711658,4308158,8.59,Pissa meta-like virus 15,Pissa meta-like virus 15  isolate CAR1092
HNVY7AFX2_Bangui-Pissa-Sep-2020-Rainy-Aedes-albopictus-5_S12,NODE_2049_length_1138_cov_2.082629,Flaviviridae,Central African Republic,Pissa,Sep-20,2020,Rainy,Aedes albopictus,62,4711658,4308158,14.39,Pissa flavi-like virus 3,Pissa flavi-like virus 3  isolate CAR1090
HNVY7AFX2_Bangui-Pissa-Sep-2020-Rainy-Aedes-albopictus-5_S12,NODE_2607_length_1023_cov_1.654737,Metaviridae,Central African Republic,Pissa,Sep-20,2020,Rainy,Aedes albopictus,31,4711658,4308158,7.2,Pissa meta-like virus 16,Pissa meta-like virus 16  isolate CAR1093
HNVY7AFX2_Bangui-Pissa-Sep-2020-Rainy-Aedes-albopictus-5_S12,NODE_2264_length_1091_cov_1.767191,Metaviridae,Central African Republic,Pissa,Sep-20,2020,Rainy,Aedes albopictus,32,4711658,4308158,7.43,Pissa meta-like virus 17,Pissa meta-like virus 17  isolate CAR1094
HNVY7AFX2_Bangui-Pissa-Sep-2020-Rainy-Anopheles-funestus-1_S13,NODE_1_length_7009_cov_7.376442,Rhabdoviridae,Central African Republic,Pissa,Sep-20,2020,Rainy,Anopheles funestus,126992,3740158,3096783,41007.72,Pissa rhabdo-like virus 1,Pissa rhabdo-like virus 1  isolate CAR1097
HNVY7AFX2_Bangui-Pissa-Sep-2020-Rainy-Anopheles-funestus-1_S13,NODE_80_length_2130_cov_2.601361,Sedoreovirales,Central African Republic,Pissa,Sep-20,2020,Rainy,Anopheles funestus,80,3740158,3096783,25.83,Pissa sedoreo-like virus 1,Pissa sedoreo-like virus 1  isolate CAR1098
HNVY7AFX2_Bangui-Pissa-Sep-2020-Rainy-Anopheles-funestus-1_S13,NODE_165_length_1485_cov_7.376771,Partitiviridae,Central African Republic,Pissa,Sep-20,2020,Rainy,Anopheles funestus,148,3740158,3096783,47.79,Pissa partiti-like virus 2,Pissa partiti-like virus 2  isolate CAR1096
HNVY7AFX2_Bangui-Pissa-Sep-2020-Rainy-Anopheles-funestus-1_S13,NODE_112_length_1782_cov_1.771796,Metaviridae,Central African Republic,Pissa,Sep-20,2020,Rainy,Anopheles funestus,60,3740158,3096783,19.37,Pissa meta-like virus 35,Pissa meta-like virus 35  isolate CAR1095
HNVY7AFX2_Bangui-Pissa-Sep-2020-Rainy-Anopheles-funestus-1_S13,NODE_440_length_1001_cov_10.062500,Solemoviridae,Central African Republic,Pissa,Sep-20,2020,Rainy,Anopheles funestus,130,3740158,3096783,41.98,Pissa solemo-like virus 1,Pissa solemo-like virus 1  isolate CAR1099
HNVY7AFX2_Bangui-Pissa-Sep-2020-Rainy-Anopheles-funestus-2_S14,NODE_1_length_12945_cov_953.429848,Rhabdoviridae,Central African Republic,Pissa,Sep-20,2020,Rainy,Anopheles funestus,173660,4086461,2523852,68807.52,Pissa rhabdo-like virus 2,Pissa rhabdo-like virus 2  isolate CAR1104
HNVY7AFX2_Bangui-Pissa-Sep-2020-Rainy-Anopheles-funestus-2_S14,NODE_11_length_2922_cov_3.810109,Sedoreovirales,Central African Republic,Pissa,Sep-20,2020,Rainy,Anopheles funestus,187,4086461,2523852,74.09,Pissa sedoreo-like virus 2,Pissa sedoreo-like virus 2  isolate CAR1105
HNVY7AFX2_Bangui-Pissa-Sep-2020-Rainy-Anopheles-funestus-2_S14,NODE_38_length_1746_cov_7.135684,Partitiviridae,Central African Republic,Pissa,Sep-20,2020,Rainy,Anopheles funestus,184,4086461,2523852,72.9,Pissa partiti-like virus 3,Pissa partiti-like virus 3  isolate CAR1101
HNVY7AFX2_Bangui-Pissa-Sep-2020-Rainy-Anopheles-funestus-2_S14,NODE_53_length_1519_cov_10.827801,Partitiviridae,Central African Republic,Pissa,Sep-20,2020,Rainy,Anopheles funestus,227,4086461,2523852,89.94,Pissa partiti-like virus 4,Pissa partiti-like virus 4  isolate CAR1102
HNVY7AFX2_Bangui-Pissa-Sep-2020-Rainy-Anopheles-funestus-2_S14,NODE_13_length_2842_cov_629.820152,Solemoviridae,Central African Republic,Pissa,Sep-20,2020,Rainy,Anopheles funestus,24952,4086461,2523852,9886.48,Pissa solemo-like virus 1,Pissa solemo-like virus 1  isolate CAR1106
HNVY7AFX2_Bangui-Pissa-Sep-2020-Rainy-Anopheles-funestus-2_S14,NODE_59_length_1471_cov_6.806152,Partitiviridae,Central African Republic,Pissa,Sep-20,2020,Rainy,Anopheles funestus,134,4086461,2523852,53.09,Pissa partiti-like virus 5,Pissa partiti-like virus 5  isolate CAR1103
HNVY7AFX2_Bangui-Pissa-Sep-2020-Rainy-Anopheles-funestus-2_S14,NODE_51_length_1560_cov_23207.718897,Partitiviridae,Central African Republic,Pissa,Sep-20,2020,Rainy,Anopheles funestus,515427,4086461,2523852,204222.36,Pissa partiti-like virus 2,Pissa partiti-like virus 2  isolate CAR1100
HNVY7AFX2_Bangui-Pissa-Sep-2020-Rainy-Anopheles-gambiae-4_S16,NODE_4_length_9951_cov_1944.061855,Kitaviridae,Central African Republic,Pissa,Sep-20,2020,Rainy,Anopheles gambiae,270845,4979043,3387234,79960.52,Pissa kita-like virus 1,Pissa kita-like virus 1  isolate CAR1107
HNVY7AFX2_Bangui-Pissa-Sep-2020-Rainy-Anopheles-gambiae-4_S16,NODE_60_length_2919_cov_6.873858,Metaviridae,Central African Republic,Pissa,Sep-20,2020,Rainy,Anopheles gambiae,511,4979043,3387234,150.86,Pissa meta-like virus 46,Pissa meta-like virus 46  isolate CAR1109
HNVY7AFX2_Bangui-Pissa-Sep-2020-Rainy-Anopheles-gambiae-4_S16,NODE_303_length_1413_cov_1.822388,Metaviridae,Central African Republic,Pissa,Sep-20,2020,Rainy,Anopheles gambiae,66,4979043,3387234,19.48,Pissa meta-like virus 47,Pissa meta-like virus 47  isolate CAR1110
HNVY7AFX2_Bangui-Pissa-Sep-2020-Rainy-Anopheles-gambiae-4_S16,NODE_249_length_1533_cov_5.023973,Solemoviridae,Central African Republic,Pissa,Sep-20,2020,Rainy,Anopheles gambiae,102,4979043,3387234,30.11,Pissa solemo-like virus 2,Pissa solemo-like virus 2  isolate CAR1111
HNVY7AFX2_Bangui-Pissa-Sep-2020-Rainy-Anopheles-gambiae-4_S16,NODE_655_length_1021_cov_1.827004,Metaviridae,Central African Republic,Pissa,Sep-20,2020,Rainy,Anopheles gambiae,43,4979043,3387234,12.69,Pissa meta-like virus 40,Pissa meta-like virus 40  isolate CAR1108
HNVY7AFX2_Bangui-Pissa-Sep-2020-Rainy-Anopheles-gambiae-5_S17,NODE_12_length_5946_cov_5.432147,Metaviridae,Central African Republic,Pissa,Sep-20,2020,Rainy,Anopheles gambiae,817,4513817,3349904,243.89,Pissa meta-like virus 40,Pissa meta-like virus 40  isolate CAR1112
HNVY7AFX2_Bangui-Pissa-Sep-2020-Rainy-Anopheles-gambiae-5_S17,NODE_129_length_2856_cov_1.600431,Metaviridae,Central African Republic,Pissa,Sep-20,2020,Rainy,Anopheles gambiae,88,4513817,3349904,26.27,Pissa meta-like virus 45,Pissa meta-like virus 45  isolate CAR1116
HNVY7AFX2_Bangui-Pissa-Sep-2020-Rainy-Anopheles-gambiae-5_S17,NODE_6_length_6946_cov_2.930889,Metaviridae,Central African Republic,Pissa,Sep-20,2020,Rainy,Anopheles gambiae,416,4513817,3349904,124.18,Pissa meta-like virus 42,Pissa meta-like virus 42  isolate CAR1113
HNVY7AFX2_Bangui-Pissa-Sep-2020-Rainy-Anopheles-gambiae-5_S17,NODE_1100_length_1379_cov_1.584227,Metaviridae,Central African Republic,Pissa,Sep-20,2020,Rainy,Anopheles gambiae,35,4513817,3349904,10.45,Pissa meta-like virus 44,Pissa meta-like virus 44  isolate CAR1115
HNVY7AFX2_Bangui-Pissa-Sep-2020-Rainy-Anopheles-gambiae-5_S17,NODE_1613_length_1220_cov_0.986051,Metaviridae,Central African Republic,Pissa,Sep-20,2020,Rainy,Anopheles gambiae,1374,4513817,3349904,410.16,Pissa meta-like virus 48,Pissa meta-like virus 48  isolate CAR1117
HNVY7AFX2_Bangui-Pissa-Sep-2020-Rainy-Anopheles-gambiae-5_S17,NODE_1228_length_1327_cov_1.512759,Metaviridae,Central African Republic,Pissa,Sep-20,2020,Rainy,Anopheles gambiae,44,4513817,3349904,13.13,Pissa meta-like virus 43,Pissa meta-like virus 43  isolate CAR1114
HNVY7AFX2_Madagascar-Ambato-Boeny-Feb-2021-Rainy-Anopheles-gambiae-2_S19,NODE_2_length_11939_cov_370.939322,Xinmoviridae,Madagascar,Ambato Boeny,Feb-21,2021,Rainy,Anopheles gambiae,65250,3611160,2669790,24440.12,Ambato Boeny xinmo-like virus 1,Ambato Boeny xinmo-like virus 1  isolate MAD1118
HNVY7AFX2_Madagascar-Ambato-Boeny-Feb-2021-Rainy-Anopheles-gambiae-2_S19,NODE_289_length_1793_cov_2919.662791,Partitiviridae,Madagascar,Ambato Boeny,Feb-21,2021,Rainy,Anopheles gambiae,70958,3611160,2669790,26578.12,Mosquito partiti-like virus YN16,Mosquito partiti-like virus YN16  isolate MAD1119
HNVY7AFX2_Madagascar-Amparafaravola-Feb-2021-Rainy-Anopheles-gambiae-2_S21,NODE_30_length_2572_cov_1.755102,Metaviridae,Madagascar,Amparafaravola,Feb-21,2021,Rainy,Anopheles gambiae,78,4118585,943482,82.67,Amparafaravola meta-like virus 3,Amparafaravola meta-like virus 3  isolate MAD1120
HNVY7AFX2_Madagascar-Amparafaravola-Feb-2021-Rainy-Anopheles-gambiae-2_S21,NODE_196_length_1167_cov_0.963437,Metaviridae,Madagascar,Amparafaravola,Feb-21,2021,Rainy,Anopheles gambiae,20,4118585,943482,21.2,Amparafaravola meta-like virus 6,Amparafaravola meta-like virus 6  isolate MAD1121
HNVY7AFX2_Madagascar-Amparafaravola-Feb-2021-Rainy-Anopheles-gambiae-3_S22,NODE_3_length_10695_cov_102.848428,Flaviviridae,Madagascar,Amparafaravola,Feb-21,2021,Rainy,Anopheles gambiae,16151,4634204,4312866,3744.84,Anopheles flavivirus variant 1,Anopheles flavivirus variant 1  isolate MAD1129
HNVY7AFX2_Madagascar-Amparafaravola-Feb-2021-Rainy-Anopheles-gambiae-3_S22,NODE_44_length_5012_cov_8.193561,Metaviridae,Madagascar,Amparafaravola,Feb-21,2021,Rainy,Anopheles gambiae,892,4634204,4312866,206.82,Amparafaravola meta-like virus 3,Amparafaravola meta-like virus 3  isolate MAD1123
HNVY7AFX2_Madagascar-Amparafaravola-Feb-2021-Rainy-Anopheles-gambiae-3_S22,NODE_9_length_7118_cov_3.996593,Metaviridae,Madagascar,Amparafaravola,Feb-21,2021,Rainy,Anopheles gambiae,1771,4634204,4312866,410.63,Amparafaravola meta-like virus 4,Amparafaravola meta-like virus 4  isolate MAD1124
HNVY7AFX2_Madagascar-Amparafaravola-Feb-2021-Rainy-Anopheles-gambiae-3_S22,NODE_201_length_2317_cov_1.938057,Metaviridae,Madagascar,Amparafaravola,Feb-21,2021,Rainy,Anopheles gambiae,98,4634204,4312866,22.72,Amparafaravola meta-like virus 9,Amparafaravola meta-like virus 9  isolate MAD1128
HNVY7AFX2_Madagascar-Amparafaravola-Feb-2021-Rainy-Anopheles-gambiae-3_S22,NODE_98_length_3558_cov_3.589383,Metaviridae,Madagascar,Amparafaravola,Feb-21,2021,Rainy,Anopheles gambiae,278,4634204,4312866,64.46,Amparafaravola meta-like virus 2,Amparafaravola meta-like virus 2  isolate MAD1122
HNVY7AFX2_Madagascar-Amparafaravola-Feb-2021-Rainy-Anopheles-gambiae-3_S22,NODE_586_length_1459_cov_3.160173,Metaviridae,Madagascar,Amparafaravola,Feb-21,2021,Rainy,Anopheles gambiae,70,4634204,4312866,16.23,Amparafaravola meta-like virus 5,Amparafaravola meta-like virus 5  isolate MAD1125
HNVY7AFX2_Madagascar-Amparafaravola-Feb-2021-Rainy-Anopheles-gambiae-3_S22,NODE_884_length_1286_cov_4.581204,picorna,Madagascar,Amparafaravola,Feb-21,2021,Rainy,Anopheles gambiae,79,4634204,4312866,18.32,Mosquito tombus-like virus GZ1,Mosquito tombus-like virus GZ1  isolate MAD1131
HNVY7AFX2_Madagascar-Amparafaravola-Feb-2021-Rainy-Anopheles-gambiae-3_S22,NODE_791_length_1329_cov_0.956210,Metaviridae,Madagascar,Amparafaravola,Feb-21,2021,Rainy,Anopheles gambiae,20,4634204,4312866,4.64,Amparafaravola meta-like virus 8,Amparafaravola meta-like virus 8  isolate MAD1127
HNVY7AFX2_Madagascar-Amparafaravola-Feb-2021-Rainy-Anopheles-gambiae-3_S22,NODE_1528_length_1106_cov_4.281704,picorna,Madagascar,Amparafaravola,Feb-21,2021,Rainy,Anopheles gambiae,61,4634204,4312866,14.14,Hubei mosquito virus 4,Hubei mosquito virus 4  isolate MAD1130
HNVY7AFX2_Madagascar-Amparafaravola-Feb-2021-Rainy-Anopheles-gambiae-3_S22,NODE_655_length_1403_cov_1.310526,Metaviridae,Madagascar,Amparafaravola,Feb-21,2021,Rainy,Anopheles gambiae,35,4634204,4312866,8.12,Amparafaravola meta-like virus 7,Amparafaravola meta-like virus 7  isolate MAD1126
HNVY7AFX2_Madagascar-Amparafaravola-Feb-2021-Rainy-Mansonia-uniformis-1_S23,NODE_7_length_7049_cov_4.624713,Metaviridae,Madagascar,Amparafaravola,Feb-21,2021,Rainy,Mansonia uniformis,721,4796063,4104500,175.66,Amparafaravola meta-like virus 15,Amparafaravola meta-like virus 15  isolate MAD1132
HNVY7AFX2_Madagascar-Amparafaravola-Feb-2021-Rainy-Mansonia-uniformis-1_S23,NODE_4_length_7235_cov_111.448478,Orthototiviridae,Madagascar,Amparafaravola,Feb-21,2021,Rainy,Mansonia uniformis,11686,4796063,4104500,2847.12,Amparafaravola orthototi-like virus 10,Amparafaravola orthototi-like virus 10  isolate MAD1140
HNVY7AFX2_Madagascar-Amparafaravola-Feb-2021-Rainy-Mansonia-uniformis-1_S23,NODE_678_length_2108_cov_2.876658,Metaviridae,Madagascar,Amparafaravola,Feb-21,2021,Rainy,Mansonia uniformis,152,4796063,4104500,37.03,Amparafaravola meta-like virus 17,Amparafaravola meta-like virus 17  isolate MAD1133
HNVY7AFX2_Madagascar-Amparafaravola-Feb-2021-Rainy-Mansonia-uniformis-1_S23,NODE_441_length_2463_cov_3.328870,Metaviridae,Madagascar,Amparafaravola,Feb-21,2021,Rainy,Mansonia uniformis,146,4796063,4104500,35.57,Amparafaravola meta-like virus 30,Amparafaravola meta-like virus 30  isolate MAD1139
HNVY7AFX2_Madagascar-Amparafaravola-Feb-2021-Rainy-Mansonia-uniformis-1_S23,NODE_1144_length_1749_cov_1.087709,Metaviridae,Madagascar,Amparafaravola,Feb-21,2021,Rainy,Mansonia uniformis,72,4796063,4104500,17.54,Amparafaravola meta-like virus 27,Amparafaravola meta-like virus 27  isolate MAD1136
HNVY7AFX2_Madagascar-Amparafaravola-Feb-2021-Rainy-Mansonia-uniformis-1_S23,NODE_1455_length_1588_cov_0.809901,Metaviridae,Madagascar,Amparafaravola,Feb-21,2021,Rainy,Mansonia uniformis,36,4796063,4104500,8.77,Amparafaravola meta-like virus 28,Amparafaravola meta-like virus 28  isolate MAD1137
HNVY7AFX2_Madagascar-Amparafaravola-Feb-2021-Rainy-Mansonia-uniformis-1_S23,NODE_999_length_1849_cov_1.454392,Metaviridae,Madagascar,Amparafaravola,Feb-21,2021,Rainy,Mansonia uniformis,91,4796063,4104500,22.17,Amparafaravola meta-like virus 21,Amparafaravola meta-like virus 21  isolate MAD1135
HNVY7AFX2_Madagascar-Amparafaravola-Feb-2021-Rainy-Mansonia-uniformis-1_S23,NODE_3140_length_1112_cov_0.845043,Metaviridae,Madagascar,Amparafaravola,Feb-21,2021,Rainy,Mansonia uniformis,25,4796063,4104500,06.09,Amparafaravola meta-like virus 29,Amparafaravola meta-like virus 29  isolate MAD1138
HNVY7AFX2_Madagascar-Amparafaravola-Feb-2021-Rainy-Mansonia-uniformis-1_S23,NODE_3766_length_1009_cov_1.311966,Metaviridae,Madagascar,Amparafaravola,Feb-21,2021,Rainy,Mansonia uniformis,33,4796063,4104500,08.04,Amparafaravola meta-like virus 18,Amparafaravola meta-like virus 18  isolate MAD1134
HNVY7AFX2_Madagascar-Mampikony-Feb-2021-Rainy-Culex-quinquefasciatus-2_S24,NODE_2_length_11004_cov_38.527491,Kitaviridae,Madagascar,Mampikony,Feb-21,2021,Rainy,Culex quinquefasciatus,6093,5770363,3145617,1936.98,Culex pipiens-associated Tunisia virus,Culex pipiens-associated Tunisia virus  isolate MAD1141
HNVY7AFX2_Madagascar-Mampikony-Feb-2021-Rainy-Culex-quinquefasciatus-2_S24,NODE_96_length_2475_cov_528.778934,Orthomyxoviridae,Madagascar,Mampikony,Feb-21,2021,Rainy,Culex quinquefasciatus,18520,5770363,3145617,5887.56,Wuhan Mosquito Virus 6;Culex pipiens orthomyxo-like virus,Wuhan Mosquito Virus 6;Culex pipiens orthomyxo-like virus  isolate MAD1142
HVLJHBGXH_Bangui-Batalimo-July-2020-Rainy-Aedes-aegypti-1_S55,NODE_15_length_6839_cov_198.593999,Phenuiviridae,Central African Republic,Batalimo,Jul-20,2020,Rainy,Aedes aegypti,22637,6548920,6130009,3692.82,Phasivirus phasiense,Phasivirus phasiense  isolate CAR1147
HVLJHBGXH_Bangui-Batalimo-July-2020-Rainy-Aedes-aegypti-1_S55,NODE_17_length_6204_cov_8544.095254,Inseviridae,Central African Republic,Batalimo,Jul-20,2020,Rainy,Aedes aegypti,715708,6548920,6130009,116754.8,Batalimo inse-like virus 3,Batalimo inse-like virus 3  isolate CAR1144
HVLJHBGXH_Bangui-Batalimo-July-2020-Rainy-Aedes-aegypti-1_S55,NODE_610_length_1647_cov_2.923126,Metaviridae,Central African Republic,Batalimo,Jul-20,2020,Rainy,Aedes aegypti,170,6548920,6130009,27.73,Batalimo meta-like virus 2,Batalimo meta-like virus 2  isolate CAR1146
HVLJHBGXH_Bangui-Batalimo-July-2020-Rainy-Aedes-aegypti-1_S55,NODE_373_length_1919_cov_15180.633803,Inseviridae,Central African Republic,Batalimo,Jul-20,2020,Rainy,Aedes aegypti,380885,6548920,6130009,62134.49,Batalimo inse-like virus 2,Batalimo inse-like virus 2  isolate CAR1143
HVLJHBGXH_Bangui-Batalimo-July-2020-Rainy-Aedes-aegypti-1_S55,NODE_1031_length_1368_cov_9.255598,Metaviridae,Central African Republic,Batalimo,Jul-20,2020,Rainy,Aedes aegypti,190,6548920,6130009,31,Batalimo meta-like virus 1,Batalimo meta-like virus 1  isolate CAR1145
HVLJHBGXH_Bangui-Batalimo-July-2020-Rainy-Aedes-aegypti-2_S56,NODE_6_length_6805_cov_243.086750,Phenuiviridae,Central African Republic,Batalimo,Jul-20,2020,Rainy,Aedes aegypti,23076,5312769,5102290,4522.68,Phasivirus phasiense,Phasivirus phasiense  isolate CAR1150
HVLJHBGXH_Bangui-Batalimo-July-2020-Rainy-Aedes-aegypti-2_S56,NODE_9_length_6201_cov_15032.688969,Inseviridae,Central African Republic,Batalimo,Jul-20,2020,Rainy,Aedes aegypti,1252710,5312769,5102290,245519.17,Batalimo inse-like virus 3,Batalimo inse-like virus 3  isolate CAR1149
HVLJHBGXH_Bangui-Batalimo-July-2020-Rainy-Aedes-aegypti-2_S56,NODE_129_length_1935_cov_20843.932868,Inseviridae,Central African Republic,Batalimo,Jul-20,2020,Rainy,Aedes aegypti,531212,5312769,5102290,104112.47,Batalimo inse-like virus 2,Batalimo inse-like virus 2  isolate CAR1148
HVLJHBGXH_Bangui-Batalimo-July-2020-Rainy-Aedes-aegypti-3_S57,NODE_19_length_5846_cov_1835.271436,Phenuiviridae,Central African Republic,Batalimo,Jul-20,2020,Rainy,Aedes aegypti,183207,5852245,5455230,33583.73,Phasivirus phasiense,Phasivirus phasiense  isolate CAR1155
HVLJHBGXH_Bangui-Batalimo-July-2020-Rainy-Aedes-aegypti-3_S57,NODE_5_length_7665_cov_19.545311,Orthototiviridae,Central African Republic,Batalimo,Jul-20,2020,Rainy,Aedes aegypti,2252,5852245,5455230,412.81,Batalimo orthototi-like virus 1,Batalimo orthototi-like virus 1  isolate CAR1154
HVLJHBGXH_Bangui-Batalimo-July-2020-Rainy-Aedes-aegypti-3_S57,NODE_12_length_6187_cov_5092.628230,Inseviridae,Central African Republic,Batalimo,Jul-20,2020,Rainy,Aedes aegypti,432457,5852245,5455230,79273.83,Batalimo inse-like virus 3,Batalimo inse-like virus 3  isolate CAR1151
HVLJHBGXH_Bangui-Batalimo-July-2020-Rainy-Aedes-aegypti-3_S57,NODE_1850_length_1017_cov_2.113347,Metaviridae,Central African Republic,Batalimo,Jul-20,2020,Rainy,Aedes aegypti,247,5852245,5455230,45.28,Batalimo meta-like virus 2,Batalimo meta-like virus 2  isolate CAR1153
HVLJHBGXH_Bangui-Batalimo-July-2020-Rainy-Aedes-aegypti-3_S57,NODE_175_length_2473_cov_4.481667,Metaviridae,Central African Republic,Batalimo,Jul-20,2020,Rainy,Aedes aegypti,193,5852245,5455230,35.38,Batalimo meta-like virus 1,Batalimo meta-like virus 1  isolate CAR1152
HVLJHBGXH_Bangui-Batalimo-July-2020-Rainy-Aedes-albopictus-2_S58,NODE_1562_length_1295_cov_2.340426,Metaviridae,Central African Republic,Batalimo,Jul-20,2020,Rainy,Aedes albopictus,130,6807629,5404425,24.06,Batalimo meta-like virus 8,Batalimo meta-like virus 8  isolate CAR1157
HVLJHBGXH_Bangui-Batalimo-July-2020-Rainy-Aedes-albopictus-2_S58,NODE_2910_length_1017_cov_1.292373,Metaviridae,Central African Republic,Batalimo,Jul-20,2020,Rainy,Aedes albopictus,29,6807629,5404425,5.37,Batalimo meta-like virus 20,Batalimo meta-like virus 20  isolate CAR1156
HVLJHBGXH_Bangui-Batalimo-July-2020-Rainy-Aedes-albopictus-3_S59,NODE_62_length_4442_cov_3.107118,Metaviridae,Central African Republic,Batalimo,Jul-20,2020,Rainy,Aedes albopictus,319,6842284,6301625,50.62,Batalimo meta-like virus 21,Batalimo meta-like virus 21  isolate CAR1160
HVLJHBGXH_Bangui-Batalimo-July-2020-Rainy-Aedes-albopictus-3_S59,NODE_95_length_3987_cov_6.735054,Metaviridae,Central African Republic,Batalimo,Jul-20,2020,Rainy,Aedes albopictus,462,6842284,6301625,73.31,Batalimo meta-like virus 14,Batalimo meta-like virus 14  isolate CAR1158
HVLJHBGXH_Bangui-Batalimo-July-2020-Rainy-Aedes-albopictus-3_S59,NODE_409_length_2493_cov_2.592562,Metaviridae,Central African Republic,Batalimo,Jul-20,2020,Rainy,Aedes albopictus,129,6842284,6301625,20.47,Batalimo meta-like virus 20,Batalimo meta-like virus 20  isolate CAR1159
HVLJHBGXH_Bangui-Batalimo-July-2020-Rainy-Aedes-albopictus-3_S59,NODE_21_length_6623_cov_9.429771,Metaviridae,Central African Republic,Batalimo,Jul-20,2020,Rainy,Aedes albopictus,1071,6842284,6301625,169.96,Batalimo meta-like virus 9,Batalimo meta-like virus 9  isolate CAR1162
HVLJHBGXH_Bangui-Batalimo-July-2020-Rainy-Aedes-albopictus-3_S59,NODE_3007_length_1219_cov_2.431937,Metaviridae,Central African Republic,Batalimo,Jul-20,2020,Rainy,Aedes albopictus,67,6842284,6301625,10.63,Batalimo meta-like virus 8,Batalimo meta-like virus 8  isolate CAR1161
HVLJHBGXH_Bangui-Batalimo-July-2020-Rainy-Aedes-albopictus-5_S61,NODE_1207_length_1529_cov_1.683379,Metaviridae,Central African Republic,Batalimo,Jul-20,2020,Rainy,Aedes albopictus,85,5284900,4901203,17.34,Batalimo meta-like virus 13,Batalimo meta-like virus 13  isolate CAR1163
HVLJHBGXH_Bangui-Batalimo-July-2020-Rainy-Aedes-albopictus-5_S61,NODE_789_length_1790_cov_6.969715,Metaviridae,Central African Republic,Batalimo,Jul-20,2020,Rainy,Aedes albopictus,526,5284900,4901203,107.32,Batalimo meta-like virus 22,Batalimo meta-like virus 22  isolate CAR1164
HVLJHBGXH_Bangui-Batalimo-July-2020-Rainy-Anopheles-funestus-1_S62,NODE_96_length_2562_cov_1.878264,Metaviridae,Central African Republic,Batalimo,Jul-20,2020,Rainy,Anopheles funestus,107,5975966,4368552,24.49,Batalimo meta-like virus 25,Batalimo meta-like virus 25  isolate CAR1166
HVLJHBGXH_Bangui-Batalimo-July-2020-Rainy-Anopheles-funestus-1_S62,NODE_47_length_3900_cov_2.810818,Metaviridae,Central African Republic,Batalimo,Jul-20,2020,Rainy,Anopheles funestus,211,5975966,4368552,48.3,Batalimo meta-like virus 23,Batalimo meta-like virus 23  isolate CAR1165
HVLJHBGXH_Bangui-Batalimo-July-2020-Rainy-Anopheles-funestus-1_S62,NODE_814_length_1060_cov_1.220871,Metaviridae,Central African Republic,Batalimo,Jul-20,2020,Rainy,Anopheles funestus,19,5975966,4368552,4.35,Batalimo meta-like virus 26,Batalimo meta-like virus 26  isolate CAR1167
HVLJHBGXH_Bangui-Bayanga-Feb-Mar-2020-Dry-Aedes-albopictus-1_S49,NODE_140_length_3760_cov_4.719284,Metaviridae,Central African Republic,Bayanga,Mar-20,2020,Dry,Aedes albopictus,587,6300064,5952978,98.61,Bayanga meta-like virus 12,Bayanga meta-like virus 12  isolate CAR1169
HVLJHBGXH_Bangui-Bayanga-Feb-Mar-2020-Dry-Aedes-albopictus-1_S49,NODE_40_length_5629_cov_4.129950,Metaviridae,Central African Republic,Bayanga,Mar-20,2020,Dry,Aedes albopictus,398,6300064,5952978,66.86,Bayanga meta-like virus 11,Bayanga meta-like virus 11  isolate CAR1168
HVLJHBGXH_Bangui-Bayanga-Feb-Mar-2020-Dry-Aedes-albopictus-1_S49,NODE_1479_length_1723_cov_4.454545,Metaviridae,Central African Republic,Bayanga,Mar-20,2020,Dry,Aedes albopictus,188,6300064,5952978,31.58,Bayanga meta-like virus 6,Bayanga meta-like virus 6  isolate CAR1172
HVLJHBGXH_Bangui-Bayanga-Feb-Mar-2020-Dry-Aedes-albopictus-1_S49,NODE_594_length_2360_cov_3.518583,Metaviridae,Central African Republic,Bayanga,Mar-20,2020,Dry,Aedes albopictus,387,6300064,5952978,65.01,Bayanga meta-like virus 7,Bayanga meta-like virus 7  isolate CAR1173
HVLJHBGXH_Bangui-Bayanga-Feb-Mar-2020-Dry-Aedes-albopictus-1_S49,NODE_4368_length_1133_cov_1.995283,Metaviridae,Central African Republic,Bayanga,Mar-20,2020,Dry,Aedes albopictus,87,6300064,5952978,14.61,Bayanga meta-like virus 8,Bayanga meta-like virus 8  isolate CAR1174
HVLJHBGXH_Bangui-Bayanga-Feb-Mar-2020-Dry-Aedes-albopictus-1_S49,NODE_745_length_2191_cov_2.249764,Metaviridae,Central African Republic,Bayanga,Mar-20,2020,Dry,Aedes albopictus,79,6300064,5952978,13.27,Bayanga meta-like virus 15,Bayanga meta-like virus 15  isolate CAR1170
HVLJHBGXH_Bangui-Bayanga-Feb-Mar-2020-Dry-Aedes-albopictus-1_S49,NODE_1572_length_1694_cov_5.516348,Metaviridae,Central African Republic,Bayanga,Mar-20,2020,Dry,Aedes albopictus,217,6300064,5952978,36.45,Bayanga meta-like virus 21,Bayanga meta-like virus 21  isolate CAR1171
HVLJHBGXH_Bangui-Bayanga-Feb-Mar-2020-Dry-Aedes-albopictus-2_S50,NODE_769_length_2413_cov_1.924359,Metaviridae,Central African Republic,Bayanga,Mar-20,2020,Dry,Aedes albopictus,133,7597882,7200790,18.47,Bayanga meta-like virus 16,Bayanga meta-like virus 16  isolate CAR1176
HVLJHBGXH_Bangui-Bayanga-Feb-Mar-2020-Dry-Aedes-albopictus-2_S50,NODE_305_length_3221_cov_2.282084,Metaviridae,Central African Republic,Bayanga,Mar-20,2020,Dry,Aedes albopictus,198,7597882,7200790,27.5,Bayanga meta-like virus 19,Bayanga meta-like virus 19  isolate CAR1177
HVLJHBGXH_Bangui-Bayanga-Feb-Mar-2020-Dry-Aedes-albopictus-2_S50,NODE_3081_length_1432_cov_3.087564,Metaviridae,Central African Republic,Bayanga,Mar-20,2020,Dry,Aedes albopictus,91,7597882,7200790,12.64,Bayanga meta-like virus 9,Bayanga meta-like virus 9  isolate CAR1178
HVLJHBGXH_Bangui-Bayanga-Feb-Mar-2020-Dry-Aedes-albopictus-2_S50,NODE_5614_length_1103_cov_1.713592,Metaviridae,Central African Republic,Bayanga,Mar-20,2020,Dry,Aedes albopictus,27,7597882,7200790,3.75,Bayanga meta-like virus 15,Bayanga meta-like virus 15  isolate CAR1175
HVLJHBGXH_Bangui-Bayanga-Feb-Mar-2020-Dry-Aedes-albopictus-3_S51,NODE_66_length_4807_cov_6.123363,Metaviridae,Central African Republic,Bayanga,Mar-20,2020,Dry,Aedes albopictus,565,7813393,7391947,76.43,Bayanga meta-like virus 12,Bayanga meta-like virus 12  isolate CAR1180
HVLJHBGXH_Bangui-Bayanga-Feb-Mar-2020-Dry-Aedes-albopictus-3_S51,NODE_540_length_2543_cov_3.236842,Metaviridae,Central African Republic,Bayanga,Mar-20,2020,Dry,Aedes albopictus,538,7813393,7391947,72.78,Bayanga meta-like virus 17,Bayanga meta-like virus 17  isolate CAR1182
HVLJHBGXH_Bangui-Bayanga-Feb-Mar-2020-Dry-Aedes-albopictus-3_S51,NODE_24_length_6520_cov_6.989297,Metaviridae,Central African Republic,Bayanga,Mar-20,2020,Dry,Aedes albopictus,849,7813393,7391947,114.85,Bayanga meta-like virus 11,Bayanga meta-like virus 11  isolate CAR1179
HVLJHBGXH_Bangui-Bayanga-Feb-Mar-2020-Dry-Aedes-albopictus-3_S51,NODE_1928_length_1656_cov_4.604548,Metaviridae,Central African Republic,Bayanga,Mar-20,2020,Dry,Aedes albopictus,245,7813393,7391947,33.14,Bayanga meta-like virus 6,Bayanga meta-like virus 6  isolate CAR1184
HVLJHBGXH_Bangui-Bayanga-Feb-Mar-2020-Dry-Aedes-albopictus-3_S51,NODE_501_length_2599_cov_6.131829,Metaviridae,Central African Republic,Bayanga,Mar-20,2020,Dry,Aedes albopictus,478,7813393,7391947,64.66,Bayanga meta-like virus 7,Bayanga meta-like virus 7  isolate CAR1185
HVLJHBGXH_Bangui-Bayanga-Feb-Mar-2020-Dry-Aedes-albopictus-3_S51,NODE_3904_length_1270_cov_5.207185,Metaviridae,Central African Republic,Bayanga,Mar-20,2020,Dry,Aedes albopictus,130,7813393,7391947,17.59,Bayanga meta-like virus 15,Bayanga meta-like virus 15  isolate CAR1181
HVLJHBGXH_Bangui-Bayanga-Feb-Mar-2020-Dry-Aedes-albopictus-3_S51,NODE_6674_length_1011_cov_2.175906,Metaviridae,Central African Republic,Bayanga,Mar-20,2020,Dry,Aedes albopictus,85,7813393,7391947,11.5,Bayanga meta-like virus 22,Bayanga meta-like virus 22  isolate CAR1183
HVLJHBGXH_Bangui-Bayanga-Feb-Mar-2020-Dry-Aedes-albopictus-4_S52,NODE_51_length_4907_cov_6.248448,Metaviridae,Central African Republic,Bayanga,Mar-20,2020,Dry,Aedes albopictus,561,5904322,5573228,100.66,Bayanga meta-like virus 12,Bayanga meta-like virus 12  isolate CAR1186
HVLJHBGXH_Bangui-Bayanga-Feb-Mar-2020-Dry-Aedes-albopictus-4_S52,NODE_3258_length_1251_cov_3.620543,Metaviridae,Central African Republic,Bayanga,Mar-20,2020,Dry,Aedes albopictus,80,5904322,5573228,14.35,Bayanga meta-like virus 7,Bayanga meta-like virus 7  isolate CAR1191
HVLJHBGXH_Bangui-Bayanga-Feb-Mar-2020-Dry-Aedes-albopictus-4_S52,NODE_1267_length_1768_cov_1.328024,Metaviridae,Central African Republic,Bayanga,Mar-20,2020,Dry,Aedes albopictus,696,5904322,5573228,124.88,Bayanga meta-like virus 15,Bayanga meta-like virus 15  isolate CAR1187
HVLJHBGXH_Bangui-Bayanga-Feb-Mar-2020-Dry-Aedes-albopictus-4_S52,NODE_4664_length_1078_cov_1.872637,Metaviridae,Central African Republic,Bayanga,Mar-20,2020,Dry,Aedes albopictus,38,5904322,5573228,6.82,Bayanga meta-like virus 23,Bayanga meta-like virus 23  isolate CAR1189
HVLJHBGXH_Bangui-Bayanga-Feb-Mar-2020-Dry-Aedes-albopictus-4_S52,NODE_3060_length_1282_cov_9.829611,Metaviridae,Central African Republic,Bayanga,Mar-20,2020,Dry,Aedes albopictus,2483,5904322,5573228,445.52,Bayanga meta-like virus 20,Bayanga meta-like virus 20  isolate CAR1188
HVLJHBGXH_Bangui-Bayanga-Feb-Mar-2020-Dry-Aedes-albopictus-4_S52,NODE_2541_length_1373_cov_1.187692,Metaviridae,Central African Republic,Bayanga,Mar-20,2020,Dry,Aedes albopictus,30,5904322,5573228,5.38,Bayanga meta-like virus 24,Bayanga meta-like virus 24  isolate CAR1190
HVLJHBGXH_Bangui-Bayanga-Feb-Mar-2020-Dry-Aedes-albopictus-4_S52,NODE_3302_length_1244_cov_2.689155,Metaviridae,Central African Republic,Bayanga,Mar-20,2020,Dry,Aedes albopictus,94,5904322,5573228,16.87,Bayanga meta-like virus 8,Bayanga meta-like virus 8  isolate CAR1192
HVLJHBGXH_Bangui-Bayanga-Feb-Mar-2020-Dry-Aedes-albopictus-5_S53,NODE_48_length_5634_cov_6.232152,Metaviridae,Central African Republic,Bayanga,Mar-20,2020,Dry,Aedes albopictus,1134,9346675,8949028,126.72,Bayanga meta-like virus 7,Bayanga meta-like virus 7  isolate CAR1199
HVLJHBGXH_Bangui-Bayanga-Feb-Mar-2020-Dry-Aedes-albopictus-5_S53,NODE_148_length_4028_cov_6.586599,Metaviridae,Central African Republic,Bayanga,Mar-20,2020,Dry,Aedes albopictus,484,9346675,8949028,54.08,Bayanga meta-like virus 12,Bayanga meta-like virus 12  isolate CAR1194
HVLJHBGXH_Bangui-Bayanga-Feb-Mar-2020-Dry-Aedes-albopictus-5_S53,NODE_114_length_4305_cov_7.965974,Metaviridae,Central African Republic,Bayanga,Mar-20,2020,Dry,Aedes albopictus,723,9346675,8949028,80.79,Bayanga meta-like virus 19,Bayanga meta-like virus 19  isolate CAR1196
HVLJHBGXH_Bangui-Bayanga-Feb-Mar-2020-Dry-Aedes-albopictus-5_S53,NODE_118_length_4271_cov_7.147928,Metaviridae,Central African Republic,Bayanga,Mar-20,2020,Dry,Aedes albopictus,933,9346675,8949028,104.26,Bayanga meta-like virus 15,Bayanga meta-like virus 15  isolate CAR1195
HVLJHBGXH_Bangui-Bayanga-Feb-Mar-2020-Dry-Aedes-albopictus-5_S53,NODE_108_length_4359_cov_4.556930,Metaviridae,Central African Republic,Bayanga,Mar-20,2020,Dry,Aedes albopictus,380,9346675,8949028,42.46,Bayanga meta-like virus 11,Bayanga meta-like virus 11  isolate CAR1193
HVLJHBGXH_Bangui-Bayanga-Feb-Mar-2020-Dry-Aedes-albopictus-5_S53,NODE_1243_length_2011_cov_1.673891,Metaviridae,Central African Republic,Bayanga,Mar-20,2020,Dry,Aedes albopictus,113,9346675,8949028,12.63,Bayanga meta-like virus 22,Bayanga meta-like virus 22  isolate CAR1197
HVLJHBGXH_Bangui-Bayanga-Feb-Mar-2020-Dry-Aedes-albopictus-5_S53,NODE_3670_length_1357_cov_3.810748,Metaviridae,Central African Republic,Bayanga,Mar-20,2020,Dry,Aedes albopictus,395,9346675,8949028,44.14,Bayanga meta-like virus 25,Bayanga meta-like virus 25  isolate CAR1198
HVLJHBGXH_Bangui-Gbozo-July-2020-Rainy-Anopheles-gambiae-2_S54,NODE_9_length_9936_cov_1436.531076,Kitaviridae,Central African Republic,Gbozo,Jul-20,2020,Rainy,Anopheles gambiae,199874,4999499,4775818,41851.26,Gbozo kita-like virus 3,Gbozo kita-like virus 3  isolate CAR1200
HVLJHBGXH_Bangui-Gbozo-July-2020-Rainy-Anopheles-gambiae-2_S54,NODE_2454_length_1154_cov_2.653099,Metaviridae,Central African Republic,Gbozo,Jul-20,2020,Rainy,Anopheles gambiae,56,4999499,4775818,11.73,Gbozo meta-like virus 20,Gbozo meta-like virus 20  isolate CAR1201
HVLJHBGXH_Bangui-Gbozo-July-2020-Rainy-Anopheles-gambiae-2_S54,NODE_1923_length_1272_cov_1.359466,Metaviridae,Central African Republic,Gbozo,Jul-20,2020,Rainy,Anopheles gambiae,36,4999499,4775818,7.54,Gbozo meta-like virus 22,Gbozo meta-like virus 22  isolate CAR1202
HVLJHBGXH_Bangui-Pissa-Jan-2020-Dry-Aedes-aegypti-2_S43,NODE_25_length_7656_cov_60.373731,Orthototiviridae,Central African Republic,Pissa,Jan-20,2020,Dry,Aedes aegypti,6786,6542989,6378978,1063.81,Pissa orthototi-like virus 1,Pissa orthototi-like virus 1  isolate CAR1210
HVLJHBGXH_Bangui-Pissa-Jan-2020-Dry-Aedes-aegypti-2_S43,NODE_47_length_6052_cov_59.993812,Inseviridae,Central African Republic,Pissa,Jan-20,2020,Dry,Aedes aegypti,5400,6542989,6378978,846.53,Pissa inse-like virus 1,Pissa inse-like virus 1  isolate CAR1204
HVLJHBGXH_Bangui-Pissa-Jan-2020-Dry-Aedes-aegypti-2_S43,NODE_1589_length_1826_cov_5.602966,Metaviridae,Central African Republic,Pissa,Jan-20,2020,Dry,Aedes aegypti,758,6542989,6378978,118.83,Pissa meta-like virus 2,Pissa meta-like virus 2  isolate CAR1207
HVLJHBGXH_Bangui-Pissa-Jan-2020-Dry-Aedes-aegypti-2_S43,NODE_791_length_2360_cov_12.242239,Deltaflexiviridae,Central African Republic,Pissa,Jan-20,2020,Dry,Aedes aegypti,475,6542989,6378978,74.46,Pissa deltaflexi-like virus 1,Pissa deltaflexi-like virus 1  isolate CAR1203
HVLJHBGXH_Bangui-Pissa-Jan-2020-Dry-Aedes-aegypti-2_S43,NODE_1357_length_1936_cov_43.914654,Inseviridae,Central African Republic,Pissa,Jan-20,2020,Dry,Aedes aegypti,1286,6542989,6378978,201.6,Pissa inse-like virus 4,Pissa inse-like virus 4  isolate CAR1205
HVLJHBGXH_Bangui-Pissa-Jan-2020-Dry-Aedes-aegypti-2_S43,NODE_4037_length_1209_cov_6.204225,Metaviridae,Central African Republic,Pissa,Jan-20,2020,Dry,Aedes aegypti,413,6542989,6378978,64.75,Pissa meta-like virus 1,Pissa meta-like virus 1  isolate CAR1206
HVLJHBGXH_Bangui-Pissa-Jan-2020-Dry-Aedes-aegypti-2_S43,NODE_1565_length_1837_cov_3.967120,Metaviridae,Central African Republic,Pissa,Jan-20,2020,Dry,Aedes aegypti,161,6542989,6378978,25.24,Pissa meta-like virus 3,Pissa meta-like virus 3  isolate CAR1208
HVLJHBGXH_Bangui-Pissa-Jan-2020-Dry-Aedes-aegypti-2_S43,NODE_693_length_2511_cov_6.154225,Metaviridae,Central African Republic,Pissa,Jan-20,2020,Dry,Aedes aegypti,288,6542989,6378978,45.15,Pissa meta-like virus 5,Pissa meta-like virus 5  isolate CAR1209
HVLJHBGXH_Bangui-Pissa-Jan-2020-Dry-Aedes-aegypti-3_S44,NODE_245_length_3636_cov_1184.236598,Inseviridae,Central African Republic,Pissa,Jan-20,2020,Dry,Aedes aegypti,60734,6310200,6231998,9745.51,Pissa inse-like virus 5,Pissa inse-like virus 5  isolate CAR1216
HVLJHBGXH_Bangui-Pissa-Jan-2020-Dry-Aedes-aegypti-3_S44,NODE_23_length_7558_cov_2049.595324,Inseviridae,Central African Republic,Pissa,Jan-20,2020,Dry,Aedes aegypti,214639,6310200,6231998,34441.44,Pissa inse-like virus 2,Pissa inse-like virus 2  isolate CAR1215
HVLJHBGXH_Bangui-Pissa-Jan-2020-Dry-Aedes-aegypti-3_S44,NODE_586_length_2646_cov_229.687913,Inseviridae,Central African Republic,Pissa,Jan-20,2020,Dry,Aedes aegypti,72872,6310200,6231998,11693.2,Mosquito toti-like virus XZ15,Mosquito toti-like virus XZ15  isolate CAR1211
HVLJHBGXH_Bangui-Pissa-Jan-2020-Dry-Aedes-aegypti-3_S44,NODE_802_length_2364_cov_8.676560,Deltaflexiviridae,Central African Republic,Pissa,Jan-20,2020,Dry,Aedes aegypti,395,6310200,6231998,63.38,Pissa deltaflexi-like virus 2,Pissa deltaflexi-like virus 2  isolate CAR1213
HVLJHBGXH_Bangui-Pissa-Jan-2020-Dry-Aedes-aegypti-3_S44,NODE_1808_length_1725_cov_8.312349,Metaviridae,Central African Republic,Pissa,Jan-20,2020,Dry,Aedes aegypti,898,6310200,6231998,144.09,Pissa meta-like virus 2,Pissa meta-like virus 2  isolate CAR1218
HVLJHBGXH_Bangui-Pissa-Jan-2020-Dry-Aedes-aegypti-3_S44,NODE_929_length_2254_cov_3.115085,Metaviridae,Central African Republic,Pissa,Jan-20,2020,Dry,Aedes aegypti,143,6310200,6231998,22.95,Pissa meta-like virus 7,Pissa meta-like virus 7  isolate CAR1220
HVLJHBGXH_Bangui-Pissa-Jan-2020-Dry-Aedes-aegypti-3_S44,NODE_2684_length_1470_cov_2.484610,Orthototiviridae,Central African Republic,Pissa,Jan-20,2020,Dry,Aedes aegypti,127,6310200,6231998,20.38,Mosquito toti-like virus XZ18,Mosquito toti-like virus XZ18  isolate CAR1212
HVLJHBGXH_Bangui-Pissa-Jan-2020-Dry-Aedes-aegypti-3_S44,NODE_1460_length_1886_cov_112.290678,Inseviridae,Central African Republic,Pissa,Jan-20,2020,Dry,Aedes aegypti,2929,6310200,6231998,469.99,Pissa inse-like virus 1,Pissa inse-like virus 1  isolate CAR1214
HVLJHBGXH_Bangui-Pissa-Jan-2020-Dry-Aedes-aegypti-3_S44,NODE_1605_length_1809_cov_7.012097,Metaviridae,Central African Republic,Pissa,Jan-20,2020,Dry,Aedes aegypti,271,6310200,6231998,43.49,Pissa meta-like virus 1,Pissa meta-like virus 1  isolate CAR1217
HVLJHBGXH_Bangui-Pissa-Jan-2020-Dry-Aedes-aegypti-3_S44,NODE_4190_length_1198_cov_1.894222,Metaviridae,Central African Republic,Pissa,Jan-20,2020,Dry,Aedes aegypti,41,6310200,6231998,6.58,Pissa meta-like virus 6,Pissa meta-like virus 6  isolate CAR1219
HVLJHBGXH_Bangui-Pissa-Jan-2020-Dry-Aedes-aegypti-3_S44,NODE_4850_length_1121_cov_2.573473,Orthototiviridae,Central African Republic,Pissa,Jan-20,2020,Dry,Aedes aegypti,40,6310200,6231998,6.42,Pissa orthototi-like virus 2,Pissa orthototi-like virus 2  isolate CAR1221
HVLJHBGXH_Bangui-Pissa-Jan-2020-Dry-Aedes-aegypti-4_S45,NODE_33_length_7156_cov_6.827192,Metaviridae,Central African Republic,Pissa,Jan-20,2020,Dry,Aedes aegypti,895,7730643,7351630,121.74,Pissa meta-like virus 2,Pissa meta-like virus 2  isolate CAR1224
HVLJHBGXH_Bangui-Pissa-Jan-2020-Dry-Aedes-aegypti-4_S45,NODE_146_length_4361_cov_4.967584,Metaviridae,Central African Republic,Pissa,Jan-20,2020,Dry,Aedes aegypti,383,7730643,7351630,52.1,Pissa meta-like virus 8,Pissa meta-like virus 8  isolate CAR1227
HVLJHBGXH_Bangui-Pissa-Jan-2020-Dry-Aedes-aegypti-4_S45,NODE_520_length_2763_cov_5.802230,Metaviridae,Central African Republic,Pissa,Jan-20,2020,Dry,Aedes aegypti,304,7730643,7351630,41.35,Pissa meta-like virus 4,Pissa meta-like virus 4  isolate CAR1225
HVLJHBGXH_Bangui-Pissa-Jan-2020-Dry-Aedes-aegypti-4_S45,NODE_651_length_2533_cov_2.234146,Metaviridae,Central African Republic,Pissa,Jan-20,2020,Dry,Aedes aegypti,114,7730643,7351630,15.51,Pissa meta-like virus 10,Pissa meta-like virus 10  isolate CAR1223
HVLJHBGXH_Bangui-Pissa-Jan-2020-Dry-Aedes-aegypti-4_S45,NODE_4758_length_1095_cov_1.306262,Metaviridae,Central African Republic,Pissa,Jan-20,2020,Dry,Aedes aegypti,32,7730643,7351630,4.35,Pissa meta-like virus 9,Pissa meta-like virus 9  isolate CAR1228
HVLJHBGXH_Bangui-Pissa-Jan-2020-Dry-Aedes-aegypti-4_S45,NODE_5207_length_1046_cov_3.277492,Deltaflexiviridae,Central African Republic,Pissa,Jan-20,2020,Dry,Aedes aegypti,59,7730643,7351630,08.03,Pissa deltaflexi-like virus 1,Pissa deltaflexi-like virus 1  isolate CAR1222
HVLJHBGXH_Bangui-Pissa-Jan-2020-Dry-Aedes-aegypti-4_S45,NODE_4398_length_1137_cov_1.906955,Metaviridae,Central African Republic,Pissa,Jan-20,2020,Dry,Aedes aegypti,35,7730643,7351630,4.76,Pissa meta-like virus 6,Pissa meta-like virus 6  isolate CAR1226
HVLJHBGXH_Bangui-Pissa-Jan-2020-Dry-Aedes-aegypti-5_S46,NODE_16_length_7062_cov_5.502933,Metaviridae,Central African Republic,Pissa,Jan-20,2020,Dry,Aedes aegypti,762,7044085,6271581,121.5,Pissa meta-like virus 2,Pissa meta-like virus 2  isolate CAR1236
HVLJHBGXH_Bangui-Pissa-Jan-2020-Dry-Aedes-aegypti-5_S46,NODE_72_length_4451_cov_2793.088853,Inseviridae,Central African Republic,Pissa,Jan-20,2020,Dry,Aedes aegypti,170821,7044085,6271581,27237.31,Pissa inse-like virus 2,Pissa inse-like virus 2  isolate CAR1233
HVLJHBGXH_Bangui-Pissa-Jan-2020-Dry-Aedes-aegypti-5_S46,NODE_75_length_4383_cov_3362.878422,Inseviridae,Central African Republic,Pissa,Jan-20,2020,Dry,Aedes aegypti,199627,7044085,6271581,31830.41,Pissa inse-like virus 1,Pissa inse-like virus 1  isolate CAR1232
HVLJHBGXH_Bangui-Pissa-Jan-2020-Dry-Aedes-aegypti-5_S46,NODE_319_length_2648_cov_2.205049,Metaviridae,Central African Republic,Pissa,Jan-20,2020,Dry,Aedes aegypti,122,7044085,6271581,19.45,Pissa meta-like virus 3,Pissa meta-like virus 3  isolate CAR1237
HVLJHBGXH_Bangui-Pissa-Jan-2020-Dry-Aedes-aegypti-5_S46,NODE_236_length_2979_cov_4.469030,Metaviridae,Central African Republic,Pissa,Jan-20,2020,Dry,Aedes aegypti,213,7044085,6271581,33.96,Pissa meta-like virus 11,Pissa meta-like virus 11  isolate CAR1235
HVLJHBGXH_Bangui-Pissa-Jan-2020-Dry-Aedes-aegypti-5_S46,NODE_957_length_1740_cov_8.028794,Partitiviridae,Central African Republic,Pissa,Jan-20,2020,Dry,Aedes aegypti,203,7044085,6271581,32.37,Pissa partiti-like virus 1,Pissa partiti-like virus 1  isolate CAR1239
HVLJHBGXH_Bangui-Pissa-Jan-2020-Dry-Aedes-aegypti-5_S46,NODE_121_length_3737_cov_7607.087336,Inseviridae,Central African Republic,Pissa,Jan-20,2020,Dry,Aedes aegypti,396342,7044085,6271581,63196.5,Pissa inse-like virus 4,Pissa inse-like virus 4  isolate CAR1234
HVLJHBGXH_Bangui-Pissa-Jan-2020-Dry-Aedes-aegypti-5_S46,NODE_333_length_2600_cov_2.853186,Bromoviridae,Central African Republic,Pissa,Jan-20,2020,Dry,Aedes aegypti,120,7044085,6271581,19.13,Pissa bromo-like virus 1,Pissa bromo-like virus 1  isolate CAR1230
HVLJHBGXH_Bangui-Pissa-Jan-2020-Dry-Aedes-aegypti-5_S46,NODE_2380_length_1210_cov_1.763412,Orthototiviridae,Central African Republic,Pissa,Jan-20,2020,Dry,Aedes aegypti,77,7044085,6271581,12.28,Mosquito toti-like virus XZ18,Mosquito toti-like virus XZ18  isolate CAR1229
HVLJHBGXH_Bangui-Pissa-Jan-2020-Dry-Aedes-aegypti-5_S46,NODE_1918_length_1320_cov_4.635124,Deltaflexiviridae,Central African Republic,Pissa,Jan-20,2020,Dry,Aedes aegypti,108,7044085,6271581,17.22,Pissa deltaflexi-like virus 1,Pissa deltaflexi-like virus 1  isolate CAR1231
HVLJHBGXH_Bangui-Pissa-Jan-2020-Dry-Aedes-aegypti-5_S46,NODE_3533_length_1026_cov_2.734523,Metaviridae,Central African Republic,Pissa,Jan-20,2020,Dry,Aedes aegypti,41,7044085,6271581,6.54,Pissa meta-like virus 6,Pissa meta-like virus 6  isolate CAR1238
HVLJHBGXH_Bangui-Pissa-Jan-2020-Dry-Aedes-albopictus-1_S47,NODE_523_length_2407_cov_9.495716,Metaviridae,Central African Republic,Pissa,Jan-20,2020,Dry,Aedes albopictus,847,6610947,6166557,137.35,Pissa meta-like virus 18,Pissa meta-like virus 18  isolate CAR1242
HVLJHBGXH_Bangui-Pissa-Jan-2020-Dry-Aedes-albopictus-1_S47,NODE_268_length_2940_cov_4.958493,Metaviridae,Central African Republic,Pissa,Jan-20,2020,Dry,Aedes albopictus,326,6610947,6166557,52.87,Pissa meta-like virus 14,Pissa meta-like virus 14  isolate CAR1240
HVLJHBGXH_Bangui-Pissa-Jan-2020-Dry-Aedes-albopictus-1_S47,NODE_900_length_1999_cov_2.219107,Metaviridae,Central African Republic,Pissa,Jan-20,2020,Dry,Aedes albopictus,113,6610947,6166557,18.32,Pissa meta-like virus 20,Pissa meta-like virus 20  isolate CAR1244
HVLJHBGXH_Bangui-Pissa-Jan-2020-Dry-Aedes-albopictus-1_S47,NODE_769_length_2106_cov_2.327103,Metaviridae,Central African Republic,Pissa,Jan-20,2020,Dry,Aedes albopictus,356,6610947,6166557,57.73,Pissa meta-like virus 19,Pissa meta-like virus 19  isolate CAR1243
HVLJHBGXH_Bangui-Pissa-Jan-2020-Dry-Aedes-albopictus-1_S47,NODE_4875_length_1062_cov_1.435794,Metaviridae,Central African Republic,Pissa,Jan-20,2020,Dry,Aedes albopictus,32,6610947,6166557,5.19,Pissa meta-like virus 21,Pissa meta-like virus 21  isolate CAR1245
HVLJHBGXH_Bangui-Pissa-Jan-2020-Dry-Aedes-albopictus-1_S47,NODE_3661_length_1188_cov_3.032287,Metaviridae,Central African Republic,Pissa,Jan-20,2020,Dry,Aedes albopictus,56,6610947,6166557,09.08,Pissa meta-like virus 15,Pissa meta-like virus 15  isolate CAR1241
HVLJHBGXH_Bangui-Pissa-Jan-2020-Dry-Aedes-albopictus-2_S48,NODE_21_length_6809_cov_2.988272,Metaviridae,Central African Republic,Pissa,Jan-20,2020,Dry,Aedes albopictus,655,6590941,6283533,104.24,Pissa meta-like virus 22,Pissa meta-like virus 22  isolate CAR1250
HVLJHBGXH_Bangui-Pissa-Jan-2020-Dry-Aedes-albopictus-2_S48,NODE_68_length_4438_cov_2.900802,Metaviridae,Central African Republic,Pissa,Jan-20,2020,Dry,Aedes albopictus,306,6590941,6283533,48.7,Pissa meta-like virus 21,Pissa meta-like virus 21  isolate CAR1249
HVLJHBGXH_Bangui-Pissa-Jan-2020-Dry-Aedes-albopictus-2_S48,NODE_107_length_3894_cov_2.817587,Metaviridae,Central African Republic,Pissa,Jan-20,2020,Dry,Aedes albopictus,243,6590941,6283533,38.67,Pissa meta-like virus 17,Pissa meta-like virus 17  isolate CAR1248
HVLJHBGXH_Bangui-Pissa-Jan-2020-Dry-Aedes-albopictus-2_S48,NODE_1071_length_1874_cov_4.657413,Flaviviridae,Central African Republic,Pissa,Jan-20,2020,Dry,Aedes albopictus,199,6590941,6283533,31.67,Pissa flavi-like virus 3,Pissa flavi-like virus 3  isolate CAR1246
HVLJHBGXH_Bangui-Pissa-Jan-2020-Dry-Aedes-albopictus-2_S48,NODE_776_length_2095_cov_2.805638,Metaviridae,Central African Republic,Pissa,Jan-20,2020,Dry,Aedes albopictus,407,6590941,6283533,64.77,Pissa meta-like virus 14,Pissa meta-like virus 14  isolate CAR1247
HVLJHBGXH_Bangui-Pissa-Jan-2020-Dry-Aedes-albopictus-2_S48,NODE_3276_length_1227_cov_1.113518,Metaviridae,Central African Republic,Pissa,Jan-20,2020,Dry,Aedes albopictus,39,6590941,6283533,6.21,Pissa meta-like virus 24,Pissa meta-like virus 24  isolate CAR1252
HVLJHBGXH_Bangui-Pissa-Jan-2020-Dry-Aedes-albopictus-2_S48,NODE_4971_length_1034_cov_2.917794,Metaviridae,Central African Republic,Pissa,Jan-20,2020,Dry,Aedes albopictus,84,6590941,6283533,13.37,Pissa meta-like virus 23,Pissa meta-like virus 23  isolate CAR1251
HVLJHBGXH_Bangui-Pissa-Jun-2019-Rainy-Aedes-aegypti-1_S30,NODE_31_length_6357_cov_6.642107,Metaviridae,Central African Republic,Pissa,Jun-19,2019,Rainy,Aedes aegypti,757,6659638,5959940,127.01,Pissa meta-like virus 2,Pissa meta-like virus 2  isolate CAR1255
HVLJHBGXH_Bangui-Pissa-Jun-2019-Rainy-Aedes-aegypti-1_S30,NODE_33_length_6314_cov_11.829995,Orthototiviridae,Central African Republic,Pissa,Jun-19,2019,Rainy,Aedes aegypti,1259,6659638,5959940,211.24,Pissa orthototi-like virus 2,Pissa orthototi-like virus 2  isolate CAR1257
HVLJHBGXH_Bangui-Pissa-Jun-2019-Rainy-Aedes-aegypti-1_S30,NODE_1185_length_1828_cov_7.326496,Deltaflexiviridae,Central African Republic,Pissa,Jun-19,2019,Rainy,Aedes aegypti,220,6659638,5959940,36.91,Pissa deltaflexi-like virus 1,Pissa deltaflexi-like virus 1  isolate CAR1253
HVLJHBGXH_Bangui-Pissa-Jun-2019-Rainy-Aedes-aegypti-1_S30,NODE_80_length_4569_cov_7.594084,Metaviridae,Central African Republic,Pissa,Jun-19,2019,Rainy,Aedes aegypti,581,6659638,5959940,97.48,Pissa meta-like virus 1,Pissa meta-like virus 1  isolate CAR1254
HVLJHBGXH_Bangui-Pissa-Jun-2019-Rainy-Aedes-aegypti-1_S30,NODE_1146_length_1854_cov_2.349803,Metaviridae,Central African Republic,Pissa,Jun-19,2019,Rainy,Aedes aegypti,124,6659638,5959940,20.81,Pissa meta-like virus 3,Pissa meta-like virus 3  isolate CAR1256
HVLJHBGXH_Bangui-Pissa-Jun-2019-Rainy-Aedes-aegypti-2_S31,NODE_726_length_2159_cov_5.560403,Metaviridae,Central African Republic,Pissa,Jun-19,2019,Rainy,Aedes aegypti,476,7105868,6309530,75.44,Pissa meta-like virus 2,Pissa meta-like virus 2  isolate CAR1263
HVLJHBGXH_Bangui-Pissa-Jun-2019-Rainy-Aedes-aegypti-2_S31,NODE_1154_length_1839_cov_8.190260,Deltaflexiviridae,Central African Republic,Pissa,Jun-19,2019,Rainy,Aedes aegypti,308,7105868,6309530,48.82,Pissa deltaflexi-like virus 1,Pissa deltaflexi-like virus 1  isolate CAR1259
HVLJHBGXH_Bangui-Pissa-Jun-2019-Rainy-Aedes-aegypti-2_S31,NODE_2392_length_1384_cov_4.003814,Inseviridae,Central African Republic,Pissa,Jun-19,2019,Rainy,Aedes aegypti,153,7105868,6309530,24.25,Mosquito toti-like virus XZ15,Mosquito toti-like virus XZ15  isolate CAR1258
HVLJHBGXH_Bangui-Pissa-Jun-2019-Rainy-Aedes-aegypti-2_S31,NODE_98_length_4288_cov_7.431317,Metaviridae,Central African Republic,Pissa,Jun-19,2019,Rainy,Aedes aegypti,546,7105868,6309530,86.54,Pissa meta-like virus 8,Pissa meta-like virus 8  isolate CAR1264
HVLJHBGXH_Bangui-Pissa-Jun-2019-Rainy-Aedes-aegypti-2_S31,NODE_1227_length_1787_cov_3.147608,Flaviviridae,Central African Republic,Pissa,Jun-19,2019,Rainy,Aedes aegypti,578,7105868,6309530,91.61,Pissa flavi-like virus 2,Pissa flavi-like virus 2  isolate CAR1260
HVLJHBGXH_Bangui-Pissa-Jun-2019-Rainy-Aedes-aegypti-2_S31,NODE_4264_length_1081_cov_1.993056,Inseviridae,Central African Republic,Pissa,Jun-19,2019,Rainy,Aedes aegypti,34,7105868,6309530,5.39,Pissa inse-like virus 4,Pissa inse-like virus 4  isolate CAR1262
HVLJHBGXH_Bangui-Pissa-Jun-2019-Rainy-Aedes-aegypti-2_S31,NODE_4255_length_1082_cov_2.109019,Inseviridae,Central African Republic,Pissa,Jun-19,2019,Rainy,Aedes aegypti,118,7105868,6309530,18.71,Pissa inse-like virus 2,Pissa inse-like virus 2  isolate CAR1261
HVLJHBGXH_Bangui-Pissa-Jun-2019-Rainy-Aedes-aegypti-3_S32,NODE_7_length_10709_cov_707.840636,Flaviviridae,Central African Republic,Pissa,Jun-19,2019,Rainy,Aedes aegypti,109678,6186997,5538982,19801.11,Cell fusing agent virus,Cell fusing agent virus  isolate CAR1265
HVLJHBGXH_Bangui-Pissa-Jun-2019-Rainy-Aedes-aegypti-3_S32,NODE_20_length_7204_cov_5.624877,Metaviridae,Central African Republic,Pissa,Jun-19,2019,Rainy,Aedes aegypti,784,6186997,5538982,141.54,Pissa meta-like virus 2,Pissa meta-like virus 2  isolate CAR1270
HVLJHBGXH_Bangui-Pissa-Jun-2019-Rainy-Aedes-aegypti-3_S32,NODE_30_length_6288_cov_8.479163,Orthototiviridae,Central African Republic,Pissa,Jun-19,2019,Rainy,Aedes aegypti,761,6186997,5538982,137.39,Pissa orthototi-like virus 2,Pissa orthototi-like virus 2  isolate CAR1273
HVLJHBGXH_Bangui-Pissa-Jun-2019-Rainy-Aedes-aegypti-3_S32,NODE_2_length_14082_cov_1393.309587,Inseviridae,Central African Republic,Pissa,Jun-19,2019,Rainy,Aedes aegypti,278507,6186997,5538982,50281.26,Pissa inse-like virus 4,Pissa inse-like virus 4  isolate CAR1267
HVLJHBGXH_Bangui-Pissa-Jun-2019-Rainy-Aedes-aegypti-3_S32,NODE_27_length_6651_cov_8.107327,Metaviridae,Central African Republic,Pissa,Jun-19,2019,Rainy,Aedes aegypti,891,6186997,5538982,160.86,Pissa meta-like virus 8,Pissa meta-like virus 8  isolate CAR1272
HVLJHBGXH_Bangui-Pissa-Jun-2019-Rainy-Aedes-aegypti-3_S32,NODE_1533_length_1547_cov_1.548168,Metaviridae,Central African Republic,Pissa,Jun-19,2019,Rainy,Aedes aegypti,214,6186997,5538982,38.63,Pissa meta-like virus 3,Pissa meta-like virus 3  isolate CAR1271
HVLJHBGXH_Bangui-Pissa-Jun-2019-Rainy-Aedes-aegypti-3_S32,NODE_396_length_2521_cov_9.048203,Metaviridae,Central African Republic,Pissa,Jun-19,2019,Rainy,Aedes aegypti,487,6186997,5538982,87.92,Pissa meta-like virus 1,Pissa meta-like virus 1  isolate CAR1268
HVLJHBGXH_Bangui-Pissa-Jun-2019-Rainy-Aedes-aegypti-3_S32,NODE_678_length_2076_cov_1.849226,Metaviridae,Central African Republic,Pissa,Jun-19,2019,Rainy,Aedes aegypti,101,6186997,5538982,18.23,Pissa meta-like virus 12,Pissa meta-like virus 12  isolate CAR1269
HVLJHBGXH_Bangui-Pissa-Jun-2019-Rainy-Aedes-aegypti-3_S32,NODE_2644_length_1236_cov_5.998280,Deltaflexiviridae,Central African Republic,Pissa,Jun-19,2019,Rainy,Aedes aegypti,157,6186997,5538982,28.34,Pissa deltaflexi-like virus 1,Pissa deltaflexi-like virus 1  isolate CAR1266
HVLJHBGXH_Bangui-Pissa-Jun-2019-Rainy-Aedes-aegypti-4_S33,NODE_17_length_6859_cov_892.192160,Phenuiviridae,Central African Republic,Pissa,Jun-19,2019,Rainy,Aedes aegypti,84890,5458488,5095780,16658.88,Phasivirus phasiense,Phasivirus phasiense  isolate CAR1274
HVLJHBGXH_Bangui-Pissa-Jun-2019-Rainy-Aedes-aegypti-4_S33,NODE_13_length_7630_cov_16.728596,Orthototiviridae,Central African Republic,Pissa,Jun-19,2019,Rainy,Aedes aegypti,1859,5458488,5095780,364.81,Pissa orthototi-like virus 2,Pissa orthototi-like virus 2  isolate CAR1279
HVLJHBGXH_Bangui-Pissa-Jun-2019-Rainy-Aedes-aegypti-4_S33,NODE_43_length_5195_cov_3.918586,Metaviridae,Central African Republic,Pissa,Jun-19,2019,Rainy,Aedes aegypti,378,5458488,5095780,74.18,Pissa meta-like virus 2,Pissa meta-like virus 2  isolate CAR1277
HVLJHBGXH_Bangui-Pissa-Jun-2019-Rainy-Aedes-aegypti-4_S33,NODE_11_length_8002_cov_2226.395762,Inseviridae,Central African Republic,Pissa,Jun-19,2019,Rainy,Aedes aegypti,248275,5458488,5095780,48721.69,Pissa inse-like virus 5,Pissa inse-like virus 5  isolate CAR1276
HVLJHBGXH_Bangui-Pissa-Jun-2019-Rainy-Aedes-aegypti-4_S33,NODE_27_length_6099_cov_1665.651676,Inseviridae,Central African Republic,Pissa,Jun-19,2019,Rainy,Aedes aegypti,142157,5458488,5095780,27897,Pissa inse-like virus 2,Pissa inse-like virus 2  isolate CAR1275
HVLJHBGXH_Bangui-Pissa-Jun-2019-Rainy-Aedes-aegypti-4_S33,NODE_1433_length_1376_cov_1.515733,Metaviridae,Central African Republic,Pissa,Jun-19,2019,Rainy,Aedes aegypti,43,5458488,5095780,8.44,Pissa meta-like virus 3,Pissa meta-like virus 3  isolate CAR1278
HVLJHBGXH_Bangui-Pissa-Jun-2019-Rainy-Aedes-aegypti-5_S34,NODE_18_length_7062_cov_5.903563,Metaviridae,Central African Republic,Pissa,Jun-19,2019,Rainy,Aedes aegypti,716,6860945,6519252,109.83,Pissa meta-like virus 2,Pissa meta-like virus 2  isolate CAR1288
HVLJHBGXH_Bangui-Pissa-Jun-2019-Rainy-Aedes-aegypti-5_S34,NODE_13_length_7553_cov_7.378877,Orthototiviridae,Central African Republic,Pissa,Jun-19,2019,Rainy,Aedes aegypti,975,6860945,6519252,149.56,Pissa orthototi-like virus 2,Pissa orthototi-like virus 2  isolate CAR1290
HVLJHBGXH_Bangui-Pissa-Jun-2019-Rainy-Aedes-aegypti-5_S34,NODE_32_length_6051_cov_52.393610,Inseviridae,Central African Republic,Pissa,Jun-19,2019,Rainy,Aedes aegypti,9530,6860945,6519252,1461.82,Pissa inse-like virus 5,Pissa inse-like virus 5  isolate CAR1284
HVLJHBGXH_Bangui-Pissa-Jun-2019-Rainy-Aedes-aegypti-5_S34,NODE_89_length_4325_cov_2505.998119,Inseviridae,Central African Republic,Pissa,Jun-19,2019,Rainy,Aedes aegypti,148687,6860945,6519252,22807.37,Pissa inse-like virus 1,Pissa inse-like virus 1  isolate CAR1282
HVLJHBGXH_Bangui-Pissa-Jun-2019-Rainy-Aedes-aegypti-5_S34,NODE_94_length_4239_cov_3584.991599,Inseviridae,Central African Republic,Pissa,Jun-19,2019,Rainy,Aedes aegypti,209738,6860945,6519252,32172.1,Pissa inse-like virus 2,Pissa inse-like virus 2  isolate CAR1283
HVLJHBGXH_Bangui-Pissa-Jun-2019-Rainy-Aedes-aegypti-5_S34,NODE_540_length_2267_cov_5.675934,Deltaflexiviridae,Central African Republic,Pissa,Jun-19,2019,Rainy,Aedes aegypti,201,6860945,6519252,30.83,Pissa deltaflexi-like virus 2,Pissa deltaflexi-like virus 2  isolate CAR1281
HVLJHBGXH_Bangui-Pissa-Jun-2019-Rainy-Aedes-aegypti-5_S34,NODE_299_length_2841_cov_2.458815,Metaviridae,Central African Republic,Pissa,Jun-19,2019,Rainy,Aedes aegypti,152,6860945,6519252,23.32,Pissa meta-like virus 10,Pissa meta-like virus 10  isolate CAR1286
HVLJHBGXH_Bangui-Pissa-Jun-2019-Rainy-Aedes-aegypti-5_S34,NODE_215_length_3138_cov_3.197390,Metaviridae,Central African Republic,Pissa,Jun-19,2019,Rainy,Aedes aegypti,209,6860945,6519252,32.06,Pissa meta-like virus 3,Pissa meta-like virus 3  isolate CAR1289
HVLJHBGXH_Bangui-Pissa-Jun-2019-Rainy-Aedes-aegypti-5_S34,NODE_2213_length_1318_cov_4671.285944,Inseviridae,Central African Republic,Pissa,Jun-19,2019,Rainy,Aedes aegypti,80795,6860945,6519252,12393.29,Mosquito toti-like virus XZ15,Mosquito toti-like virus XZ15  isolate CAR1280
HVLJHBGXH_Bangui-Pissa-Jun-2019-Rainy-Aedes-aegypti-5_S34,NODE_2615_length_1226_cov_2.824805,Metaviridae,Central African Republic,Pissa,Jun-19,2019,Rainy,Aedes aegypti,78,6860945,6519252,11.96,Pissa meta-like virus 13,Pissa meta-like virus 13  isolate CAR1287
HVLJHBGXH_Bangui-Pissa-Jun-2019-Rainy-Aedes-aegypti-5_S34,NODE_737_length_2012_cov_8.367200,Metaviridae,Central African Republic,Pissa,Jun-19,2019,Rainy,Aedes aegypti,273,6860945,6519252,41.88,Pissa meta-like virus 1,Pissa meta-like virus 1  isolate CAR1285
HVLJHBGXH_Bangui-Pissa-Jun-2019-Rainy-Aedes-albopictus-1_S35,NODE_124_length_3791_cov_4.689349,Metaviridae,Central African Republic,Pissa,Jun-19,2019,Rainy,Aedes albopictus,388,8032723,7099069,54.66,Pissa meta-like virus 15,Pissa meta-like virus 15  isolate CAR1292
HVLJHBGXH_Bangui-Pissa-Jun-2019-Rainy-Aedes-albopictus-1_S35,NODE_292_length_2884_cov_2.291000,Metaviridae,Central African Republic,Pissa,Jun-19,2019,Rainy,Aedes albopictus,168,8032723,7099069,23.67,Pissa meta-like virus 25,Pissa meta-like virus 25  isolate CAR1295
HVLJHBGXH_Bangui-Pissa-Jun-2019-Rainy-Aedes-albopictus-1_S35,NODE_1283_length_1775_cov_1.684489,picorna,Central African Republic,Pissa,Jun-19,2019,Rainy,Aedes albopictus,95,8032723,7099069,13.38,Pissa picorna-like virus 1,Pissa picorna-like virus 1  isolate CAR1299
HVLJHBGXH_Bangui-Pissa-Jun-2019-Rainy-Aedes-albopictus-1_S35,NODE_162_length_3474_cov_5.127315,Metaviridae,Central African Republic,Pissa,Jun-19,2019,Rainy,Aedes albopictus,360,8032723,7099069,50.71,Pissa meta-like virus 28,Pissa meta-like virus 28  isolate CAR1298
HVLJHBGXH_Bangui-Pissa-Jun-2019-Rainy-Aedes-albopictus-1_S35,NODE_517_length_2378_cov_3.757918,Metaviridae,Central African Republic,Pissa,Jun-19,2019,Rainy,Aedes albopictus,202,8032723,7099069,28.45,Pissa meta-like virus 14,Pissa meta-like virus 14  isolate CAR1291
HVLJHBGXH_Bangui-Pissa-Jun-2019-Rainy-Aedes-albopictus-1_S35,NODE_487_length_2435_cov_1.674428,Metaviridae,Central African Republic,Pissa,Jun-19,2019,Rainy,Aedes albopictus,133,8032723,7099069,18.73,Pissa meta-like virus 24,Pissa meta-like virus 24  isolate CAR1294
HVLJHBGXH_Bangui-Pissa-Jun-2019-Rainy-Aedes-albopictus-1_S35,NODE_2334_length_1429_cov_2.303097,Metaviridae,Central African Republic,Pissa,Jun-19,2019,Rainy,Aedes albopictus,88,8032723,7099069,12.4,Pissa meta-like virus 27,Pissa meta-like virus 27  isolate CAR1297
HVLJHBGXH_Bangui-Pissa-Jun-2019-Rainy-Aedes-albopictus-1_S35,NODE_5249_length_1042_cov_11.659443,Metaviridae,Central African Republic,Pissa,Jun-19,2019,Rainy,Aedes albopictus,395,8032723,7099069,55.64,Pissa meta-like virus 26,Pissa meta-like virus 26  isolate CAR1296
HVLJHBGXH_Bangui-Pissa-Jun-2019-Rainy-Aedes-albopictus-1_S35,NODE_5580_length_1017_cov_3.370763,Metaviridae,Central African Republic,Pissa,Jun-19,2019,Rainy,Aedes albopictus,70,8032723,7099069,9.86,Pissa meta-like virus 22,Pissa meta-like virus 22  isolate CAR1293
HVLJHBGXH_Bangui-Pissa-Jun-2019-Rainy-Aedes-albopictus-2_S36,NODE_518_length_2008_cov_3.718346,Metaviridae,Central African Republic,Pissa,Jun-19,2019,Rainy,Aedes albopictus,117,5947524,5341359,21.9,Pissa meta-like virus 15,Pissa meta-like virus 15  isolate CAR1300
HVLJHBGXH_Bangui-Pissa-Jun-2019-Rainy-Aedes-albopictus-2_S36,NODE_1888_length_1264_cov_2.201511,Metaviridae,Central African Republic,Pissa,Jun-19,2019,Rainy,Aedes albopictus,71,5947524,5341359,13.29,Pissa meta-like virus 29,Pissa meta-like virus 29  isolate CAR1304
HVLJHBGXH_Bangui-Pissa-Jun-2019-Rainy-Aedes-albopictus-2_S36,NODE_1993_length_1240_cov_2.143959,Metaviridae,Central African Republic,Pissa,Jun-19,2019,Rainy,Aedes albopictus,118,5947524,5341359,22.09,Pissa meta-like virus 16,Pissa meta-like virus 16  isolate CAR1301
HVLJHBGXH_Bangui-Pissa-Jun-2019-Rainy-Aedes-albopictus-2_S36,NODE_1899_length_1261_cov_1.203704,Metaviridae,Central African Republic,Pissa,Jun-19,2019,Rainy,Aedes albopictus,37,5947524,5341359,6.93,Pissa meta-like virus 30,Pissa meta-like virus 30  isolate CAR1305
HVLJHBGXH_Bangui-Pissa-Jun-2019-Rainy-Aedes-albopictus-2_S36,NODE_2312_length_1172_cov_2.172884,Metaviridae,Central African Republic,Pissa,Jun-19,2019,Rainy,Aedes albopictus,64,5947524,5341359,11.98,Pissa meta-like virus 31,Pissa meta-like virus 31  isolate CAR1306
HVLJHBGXH_Bangui-Pissa-Jun-2019-Rainy-Aedes-albopictus-2_S36,NODE_1118_length_1532_cov_9.764222,Metaviridae,Central African Republic,Pissa,Jun-19,2019,Rainy,Aedes albopictus,4361,5947524,5341359,816.46,Pissa meta-like virus 26,Pissa meta-like virus 26  isolate CAR1303
HVLJHBGXH_Bangui-Pissa-Jun-2019-Rainy-Aedes-albopictus-2_S36,NODE_3339_length_1022_cov_2.658588,Metaviridae,Central African Republic,Pissa,Jun-19,2019,Rainy,Aedes albopictus,67,5947524,5341359,12.54,Pissa meta-like virus 23,Pissa meta-like virus 23  isolate CAR1302
HVLJHBGXH_Bangui-Pissa-Jun-2019-Rainy-Aedes-albopictus-3_S37,NODE_841_length_2089_cov_1.570933,Metaviridae,Central African Republic,Pissa,Jun-19,2019,Rainy,Aedes albopictus,53,7480340,6764784,7.83,Pissa meta-like virus 33,Pissa meta-like virus 33  isolate CAR1315
HVLJHBGXH_Bangui-Pissa-Jun-2019-Rainy-Aedes-albopictus-3_S37,NODE_1354_length_1762_cov_3.404973,Metaviridae,Central African Republic,Pissa,Jun-19,2019,Rainy,Aedes albopictus,246,7480340,6764784,36.36,Pissa meta-like virus 14,Pissa meta-like virus 14  isolate CAR1307
HVLJHBGXH_Bangui-Pissa-Jun-2019-Rainy-Aedes-albopictus-3_S37,NODE_1781_length_1603_cov_1.998693,Metaviridae,Central African Republic,Pissa,Jun-19,2019,Rainy,Aedes albopictus,94,7480340,6764784,13.9,Pissa meta-like virus 28,Pissa meta-like virus 28  isolate CAR1313
HVLJHBGXH_Bangui-Pissa-Jun-2019-Rainy-Aedes-albopictus-3_S37,NODE_3114_length_1284_cov_1.285714,Metaviridae,Central African Republic,Pissa,Jun-19,2019,Rainy,Aedes albopictus,52,7480340,6764784,7.69,Pissa meta-like virus 24,Pissa meta-like virus 24  isolate CAR1311
HVLJHBGXH_Bangui-Pissa-Jun-2019-Rainy-Aedes-albopictus-3_S37,NODE_3752_length_1195_cov_1.918895,Metaviridae,Central African Republic,Pissa,Jun-19,2019,Rainy,Aedes albopictus,45,7480340,6764784,6.65,Pissa meta-like virus 22,Pissa meta-like virus 22  isolate CAR1309
HVLJHBGXH_Bangui-Pissa-Jun-2019-Rainy-Aedes-albopictus-3_S37,NODE_3974_length_1170_cov_2.013674,Metaviridae,Central African Republic,Pissa,Jun-19,2019,Rainy,Aedes albopictus,54,7480340,6764784,7.98,Pissa meta-like virus 23,Pissa meta-like virus 23  isolate CAR1310
HVLJHBGXH_Bangui-Pissa-Jun-2019-Rainy-Aedes-albopictus-3_S37,NODE_2208_length_1475_cov_7.968616,Metaviridae,Central African Republic,Pissa,Jun-19,2019,Rainy,Aedes albopictus,380,7480340,6764784,56.17,Pissa meta-like virus 26,Pissa meta-like virus 26  isolate CAR1312
HVLJHBGXH_Bangui-Pissa-Jun-2019-Rainy-Aedes-albopictus-3_S37,NODE_862_length_2069_cov_2.490481,Metaviridae,Central African Republic,Pissa,Jun-19,2019,Rainy,Aedes albopictus,112,7480340,6764784,16.56,Pissa meta-like virus 32,Pissa meta-like virus 32  isolate CAR1314
HVLJHBGXH_Bangui-Pissa-Jun-2019-Rainy-Aedes-albopictus-3_S37,NODE_4868_length_1079_cov_2.372763,Metaviridae,Central African Republic,Pissa,Jun-19,2019,Rainy,Aedes albopictus,53,7480340,6764784,7.83,Pissa meta-like virus 16,Pissa meta-like virus 16  isolate CAR1308
HVLJHBGXH_Bangui-Pissa-Jun-2019-Rainy-Aedes-albopictus-4_S38,NODE_35_length_5286_cov_6.735661,Metaviridae,Central African Republic,Pissa,Jun-19,2019,Rainy,Aedes albopictus,602,6374132,5669251,106.19,Pissa meta-like virus 22,Pissa meta-like virus 22  isolate CAR1318
HVLJHBGXH_Bangui-Pissa-Jun-2019-Rainy-Aedes-albopictus-4_S38,NODE_262_length_2468_cov_5.361587,Metaviridae,Central African Republic,Pissa,Jun-19,2019,Rainy,Aedes albopictus,226,6374132,5669251,39.86,Pissa meta-like virus 15,Pissa meta-like virus 15  isolate CAR1316
HVLJHBGXH_Bangui-Pissa-Jun-2019-Rainy-Aedes-albopictus-4_S38,NODE_159_length_3050_cov_2.506886,Metaviridae,Central African Republic,Pissa,Jun-19,2019,Rainy,Aedes albopictus,197,6374132,5669251,34.75,Pissa meta-like virus 23,Pissa meta-like virus 23  isolate CAR1319
HVLJHBGXH_Bangui-Pissa-Jun-2019-Rainy-Aedes-albopictus-4_S38,NODE_1232_length_1494_cov_2.128783,Metaviridae,Central African Republic,Pissa,Jun-19,2019,Rainy,Aedes albopictus,74,6374132,5669251,13.05,Pissa meta-like virus 21,Pissa meta-like virus 21  isolate CAR1317
HVLJHBGXH_Bangui-Pissa-Jun-2019-Rainy-Aedes-albopictus-4_S38,NODE_1708_length_1336_cov_4.121932,Metaviridae,Central African Republic,Pissa,Jun-19,2019,Rainy,Aedes albopictus,139,6374132,5669251,24.52,Pissa meta-like virus 28,Pissa meta-like virus 28  isolate CAR1320
HVLJHBGXH_Bangui-Pissa-Jun-2019-Rainy-Aedes-albopictus-5_S39,NODE_59_length_4230_cov_956.240799,Reovirales,Central African Republic,Pissa,Jun-19,2019,Rainy,Aedes albopictus,56138,7062649,6254242,8975.99,Pissa reo-like virus 1,Pissa reo-like virus 1  isolate CAR1324
HVLJHBGXH_Bangui-Pissa-Jun-2019-Rainy-Aedes-albopictus-5_S39,NODE_1198_length_1374_cov_1.800922,Metaviridae,Central African Republic,Pissa,Jun-19,2019,Rainy,Aedes albopictus,180,7062649,6254242,28.78,Pissa meta-like virus 30,Pissa meta-like virus 30  isolate CAR1323
HVLJHBGXH_Bangui-Pissa-Jun-2019-Rainy-Aedes-albopictus-5_S39,NODE_1168_length_1385_cov_4.289634,Metaviridae,Central African Republic,Pissa,Jun-19,2019,Rainy,Aedes albopictus,92,7062649,6254242,14.71,Pissa meta-like virus 14,Pissa meta-like virus 14  isolate CAR1321
HVLJHBGXH_Bangui-Pissa-Jun-2019-Rainy-Aedes-albopictus-5_S39,NODE_1212_length_1370_cov_3.326137,Metaviridae,Central African Republic,Pissa,Jun-19,2019,Rainy,Aedes albopictus,1312,7062649,6254242,209.78,Pissa meta-like virus 22,Pissa meta-like virus 22  isolate CAR1322
HVLJHBGXH_Bangui-Pissa-Jun-2019-Rainy-Anopheles-funestus-2_S41,NODE_23_length_5802_cov_6.906790,Metaviridae,Central African Republic,Pissa,Jun-19,2019,Rainy,Anopheles funestus,780,8042952,7341599,106.24,Pissa meta-like virus 37,Pissa meta-like virus 37  isolate CAR1327
HVLJHBGXH_Bangui-Pissa-Jun-2019-Rainy-Anopheles-funestus-2_S41,NODE_43_length_4933_cov_5.410700,Metaviridae,Central African Republic,Pissa,Jun-19,2019,Rainy,Anopheles funestus,484,8042952,7341599,65.93,Pissa meta-like virus 38,Pissa meta-like virus 38  isolate CAR1328
HVLJHBGXH_Bangui-Pissa-Jun-2019-Rainy-Anopheles-funestus-2_S41,NODE_25_length_5745_cov_5.314351,Metaviridae,Central African Republic,Pissa,Jun-19,2019,Rainy,Anopheles funestus,744,8042952,7341599,101.34,Pissa meta-like virus 35,Pissa meta-like virus 35  isolate CAR1325
HVLJHBGXH_Bangui-Pissa-Jun-2019-Rainy-Anopheles-funestus-2_S41,NODE_165_length_2586_cov_3.975726,Metaviridae,Central African Republic,Pissa,Jun-19,2019,Rainy,Anopheles funestus,349,8042952,7341599,47.54,Pissa meta-like virus 39,Pissa meta-like virus 39  isolate CAR1329
HVLJHBGXH_Bangui-Pissa-Jun-2019-Rainy-Anopheles-funestus-2_S41,NODE_128_length_2891_cov_2226.624556,Solemoviridae,Central African Republic,Pissa,Jun-19,2019,Rainy,Anopheles funestus,87435,8042952,7341599,11909.53,Pissa solemo-like virus 1,Pissa solemo-like virus 1  isolate CAR1330
HVLJHBGXH_Bangui-Pissa-Jun-2019-Rainy-Anopheles-funestus-2_S41,NODE_2335_length_1012_cov_1.333333,Metaviridae,Central African Republic,Pissa,Jun-19,2019,Rainy,Anopheles funestus,22,8042952,7341599,3,Pissa meta-like virus 36,Pissa meta-like virus 36  isolate CAR1326
HVLJHBGXH_Bangui-Pissa-Jun-2019-Rainy-Anopheles-funestus-3_S42,NODE_75_length_3414_cov_3.421431,Metaviridae,Central African Republic,Pissa,Jun-19,2019,Rainy,Anopheles funestus,403,6624180,4133138,97.5,Pissa meta-like virus 37,Pissa meta-like virus 37  isolate CAR1332
HVLJHBGXH_Bangui-Pissa-Jun-2019-Rainy-Anopheles-funestus-3_S42,NODE_184_length_1923_cov_1.805946,Metaviridae,Central African Republic,Pissa,Jun-19,2019,Rainy,Anopheles funestus,62,6624180,4133138,15,Pissa meta-like virus 38,Pissa meta-like virus 38  isolate CAR1333
HVLJHBGXH_Bangui-Pissa-Jun-2019-Rainy-Anopheles-funestus-3_S42,NODE_284_length_1553_cov_2.643243,Rhabdoviridae,Central African Republic,Pissa,Jun-19,2019,Rainy,Anopheles funestus,55,6624180,4133138,13.31,Pissa rhabdo-like virus 4,Pissa rhabdo-like virus 4  isolate CAR1336
HVLJHBGXH_Bangui-Pissa-Jun-2019-Rainy-Anopheles-funestus-3_S42,NODE_296_length_1517_cov_2989.947368,Partitiviridae,Central African Republic,Pissa,Jun-19,2019,Rainy,Anopheles funestus,59514,6624180,4133138,14399.23,Pissa partiti-like virus 2,Pissa partiti-like virus 2  isolate CAR1334
HVLJHBGXH_Bangui-Pissa-Jun-2019-Rainy-Anopheles-funestus-3_S42,NODE_351_length_1343_cov_3.909449,Rhabdoviridae,Central African Republic,Pissa,Jun-19,2019,Rainy,Anopheles funestus,71,6624180,4133138,17.18,Pissa rhabdo-like virus 3,Pissa rhabdo-like virus 3  isolate CAR1335
HVLJHBGXH_Bangui-Pissa-Jun-2019-Rainy-Anopheles-funestus-3_S42,NODE_97_length_2875_cov_3142.062812,Solemoviridae,Central African Republic,Pissa,Jun-19,2019,Rainy,Anopheles funestus,123002,6624180,4133138,29759.95,Pissa solemo-like virus 1,Pissa solemo-like virus 1  isolate CAR1337
HVLJHBGXH_Bangui-Pissa-Jun-2019-Rainy-Anopheles-funestus-3_S42,NODE_445_length_1185_cov_2.253597,Metaviridae,Central African Republic,Pissa,Jun-19,2019,Rainy,Anopheles funestus,45,6624180,4133138,10.89,Pissa meta-like virus 35,Pissa meta-like virus 35  isolate CAR1331
HVLJHBGXH_Madagascar-Ambato-Boeny-Oct-2020-Dry-Anopheles-gambiae-1_S13,NODE_4_length_9900_cov_315.976392,Kitaviridae,Madagascar,Ambato Boeny,Oct-20,2020,Dry,Anopheles gambiae,45133,5692063,2763669,16330.83,Ambato Boeny kita-like virus 2,Ambato Boeny kita-like virus 2  isolate MAD1338
HVLJHBGXH_Madagascar-Ambato-Boeny-Oct-2020-Dry-Anopheles-gambiae-1_S13,NODE_10_length_6541_cov_912.424088,Xinmoviridae,Madagascar,Ambato Boeny,Oct-20,2020,Dry,Anopheles gambiae,205978,5692063,2763669,74530.63,Ambato Boeny xinmo-like virus 1,Ambato Boeny xinmo-like virus 1  isolate MAD1347
HVLJHBGXH_Madagascar-Ambato-Boeny-Oct-2020-Dry-Anopheles-gambiae-1_S13,NODE_17_length_5179_cov_7.541911,Orthototiviridae,Madagascar,Ambato Boeny,Oct-20,2020,Dry,Anopheles gambiae,565,5692063,2763669,204.44,Ambato Boeny orthototi-like virus 12,Ambato Boeny orthototi-like virus 12  isolate MAD1342
HVLJHBGXH_Madagascar-Ambato-Boeny-Oct-2020-Dry-Anopheles-gambiae-1_S13,NODE_16_length_5182_cov_5.674496,Orthototiviridae,Madagascar,Ambato Boeny,Oct-20,2020,Dry,Anopheles gambiae,410,5692063,2763669,148.35,Ambato Boeny orthototi-like virus 9,Ambato Boeny orthototi-like virus 9  isolate MAD1346
HVLJHBGXH_Madagascar-Ambato-Boeny-Oct-2020-Dry-Anopheles-gambiae-1_S13,NODE_19_length_5123_cov_6.695644,Orthototiviridae,Madagascar,Ambato Boeny,Oct-20,2020,Dry,Anopheles gambiae,489,5692063,2763669,176.94,Ambato Boeny orthototi-like virus 4,Ambato Boeny orthototi-like virus 4  isolate MAD1344
HVLJHBGXH_Madagascar-Ambato-Boeny-Oct-2020-Dry-Anopheles-gambiae-1_S13,NODE_129_length_2534_cov_8.136124,Orthototiviridae,Madagascar,Ambato Boeny,Oct-20,2020,Dry,Anopheles gambiae,462,5692063,2763669,167.17,Ambato Boeny orthototi-like virus 10,Ambato Boeny orthototi-like virus 10  isolate MAD1340
HVLJHBGXH_Madagascar-Ambato-Boeny-Oct-2020-Dry-Anopheles-gambiae-1_S13,NODE_189_length_2216_cov_3180.357443,Xinmoviridae,Madagascar,Ambato Boeny,Oct-20,2020,Dry,Anopheles gambiae,104069,5692063,2763669,37656.1,Mosquito mono-like virus YN13,Mosquito mono-like virus YN13  isolate MAD1348
HVLJHBGXH_Madagascar-Ambato-Boeny-Oct-2020-Dry-Anopheles-gambiae-1_S13,NODE_228_length_2068_cov_3.559900,Orthototiviridae,Madagascar,Ambato Boeny,Oct-20,2020,Dry,Anopheles gambiae,110,5692063,2763669,39.8,Ambato Boeny orthototi-like virus 2,Ambato Boeny orthototi-like virus 2  isolate MAD1343
HVLJHBGXH_Madagascar-Ambato-Boeny-Oct-2020-Dry-Anopheles-gambiae-1_S13,NODE_111_length_2645_cov_8.338258,Orthototiviridae,Madagascar,Ambato Boeny,Oct-20,2020,Dry,Anopheles gambiae,448,5692063,2763669,162.1,Ambato Boeny orthototi-like virus 8,Ambato Boeny orthototi-like virus 8  isolate MAD1345
HVLJHBGXH_Madagascar-Ambato-Boeny-Oct-2020-Dry-Anopheles-gambiae-1_S13,NODE_186_length_2225_cov_5.510223,Orthototiviridae,Madagascar,Ambato Boeny,Oct-20,2020,Dry,Anopheles gambiae,180,5692063,2763669,65.13,Ambato Boeny orthototi-like virus 11,Ambato Boeny orthototi-like virus 11  isolate MAD1341
HVLJHBGXH_Madagascar-Ambato-Boeny-Oct-2020-Dry-Anopheles-gambiae-1_S13,NODE_1301_length_1057_cov_1.798780,Metaviridae,Madagascar,Ambato Boeny,Oct-20,2020,Dry,Anopheles gambiae,58,5692063,2763669,20.99,Ambato Boeny meta-like virus 8,Ambato Boeny meta-like virus 8  isolate MAD1339
HVLJHBGXH_Madagascar-Ambato-Boeny-Oct-2020-Dry-Anopheles-gambiae-2_S14,NODE_33_length_3168_cov_5.091761,Orthototiviridae,Madagascar,Ambato Boeny,Oct-20,2020,Dry,Anopheles gambiae,334,4557663,1323633,252.34,Ambato Boeny orthototi-like virus 12,Ambato Boeny orthototi-like virus 12  isolate MAD1354
HVLJHBGXH_Madagascar-Ambato-Boeny-Oct-2020-Dry-Anopheles-gambiae-2_S14,NODE_10_length_5161_cov_17.765920,Orthototiviridae,Madagascar,Ambato Boeny,Oct-20,2020,Dry,Anopheles gambiae,1386,4557663,1323633,1047.12,Ambato Boeny orthototi-like virus 5,Ambato Boeny orthototi-like virus 5  isolate MAD1360
HVLJHBGXH_Madagascar-Ambato-Boeny-Oct-2020-Dry-Anopheles-gambiae-2_S14,NODE_16_length_4398_cov_8.272139,Orthototiviridae,Madagascar,Ambato Boeny,Oct-20,2020,Dry,Anopheles gambiae,579,4557663,1323633,437.43,Ambato Boeny orthototi-like virus 6,Ambato Boeny orthototi-like virus 6  isolate MAD1361
HVLJHBGXH_Madagascar-Ambato-Boeny-Oct-2020-Dry-Anopheles-gambiae-2_S14,NODE_13_length_4860_cov_10.403384,Orthototiviridae,Madagascar,Ambato Boeny,Oct-20,2020,Dry,Anopheles gambiae,752,4557663,1323633,568.13,Ambato Boeny orthototi-like virus 10,Ambato Boeny orthototi-like virus 10  isolate MAD1352
HVLJHBGXH_Madagascar-Ambato-Boeny-Oct-2020-Dry-Anopheles-gambiae-2_S14,NODE_12_length_4971_cov_22.641690,Orthototiviridae,Madagascar,Ambato Boeny,Oct-20,2020,Dry,Anopheles gambiae,1802,4557663,1323633,1361.4,Ambato Boeny orthototi-like virus 4,Ambato Boeny orthototi-like virus 4  isolate MAD1359
HVLJHBGXH_Madagascar-Ambato-Boeny-Oct-2020-Dry-Anopheles-gambiae-2_S14,NODE_53_length_2532_cov_31.386336,Orthototiviridae,Madagascar,Ambato Boeny,Oct-20,2020,Dry,Anopheles gambiae,1304,4557663,1323633,985.17,Ambato Boeny orthototi-like virus 3,Ambato Boeny orthototi-like virus 3  isolate MAD1358
HVLJHBGXH_Madagascar-Ambato-Boeny-Oct-2020-Dry-Anopheles-gambiae-2_S14,NODE_93_length_2065_cov_2.913655,Aspiviridae,Madagascar,Ambato Boeny,Oct-20,2020,Dry,Anopheles gambiae,87,4557663,1323633,65.73,Ambato Boeny aspi-like virus 2,Ambato Boeny aspi-like virus 2  isolate MAD1351
HVLJHBGXH_Madagascar-Ambato-Boeny-Oct-2020-Dry-Anopheles-gambiae-2_S14,NODE_19_length_3833_cov_17.449734,Orthototiviridae,Madagascar,Ambato Boeny,Oct-20,2020,Dry,Anopheles gambiae,1352,4557663,1323633,1021.43,Ambato Boeny orthototi-like virus 9,Ambato Boeny orthototi-like virus 9  isolate MAD1363
HVLJHBGXH_Madagascar-Ambato-Boeny-Oct-2020-Dry-Anopheles-gambiae-2_S14,NODE_11_length_5117_cov_11.017248,Orthototiviridae,Madagascar,Ambato Boeny,Oct-20,2020,Dry,Anopheles gambiae,1102,4557663,1323633,832.56,Ambato Boeny orthototi-like virus 8,Ambato Boeny orthototi-like virus 8  isolate MAD1362
HVLJHBGXH_Madagascar-Ambato-Boeny-Oct-2020-Dry-Anopheles-gambiae-2_S14,NODE_141_length_1794_cov_2.744916,Aspiviridae,Madagascar,Ambato Boeny,Oct-20,2020,Dry,Anopheles gambiae,72,4557663,1323633,54.4,Ambato Boeny aspi-like virus 1,Ambato Boeny aspi-like virus 1  isolate MAD1350
HVLJHBGXH_Madagascar-Ambato-Boeny-Oct-2020-Dry-Anopheles-gambiae-2_S14,NODE_31_length_3307_cov_36.258813,Amalgaviridae,Madagascar,Ambato Boeny,Oct-20,2020,Dry,Anopheles gambiae,1753,4557663,1323633,1324.39,Ambato Boeny amalga-like virus 1,Ambato Boeny amalga-like virus 1  isolate MAD1349
HVLJHBGXH_Madagascar-Ambato-Boeny-Oct-2020-Dry-Anopheles-gambiae-2_S14,NODE_21_length_3758_cov_5.119403,Orthototiviridae,Madagascar,Ambato Boeny,Oct-20,2020,Dry,Anopheles gambiae,827,4557663,1323633,624.8,Ambato Boeny orthototi-like virus 14,Ambato Boeny orthototi-like virus 14  isolate MAD1356
HVLJHBGXH_Madagascar-Ambato-Boeny-Oct-2020-Dry-Anopheles-gambiae-2_S14,NODE_23_length_3681_cov_5.152162,Orthototiviridae,Madagascar,Ambato Boeny,Oct-20,2020,Dry,Anopheles gambiae,327,4557663,1323633,247.05,Ambato Boeny orthototi-like virus 11,Ambato Boeny orthototi-like virus 11  isolate MAD1353
HVLJHBGXH_Madagascar-Ambato-Boeny-Oct-2020-Dry-Anopheles-gambiae-2_S14,NODE_97_length_2037_cov_6.273422,Orthototiviridae,Madagascar,Ambato Boeny,Oct-20,2020,Dry,Anopheles gambiae,199,4557663,1323633,150.34,Ambato Boeny orthototi-like virus 13,Ambato Boeny orthototi-like virus 13  isolate MAD1355
HVLJHBGXH_Madagascar-Ambato-Boeny-Oct-2020-Dry-Anopheles-gambiae-2_S14,NODE_397_length_1184_cov_2.774077,Partitiviridae,Madagascar,Ambato Boeny,Oct-20,2020,Dry,Anopheles gambiae,47,4557663,1323633,35.51,Mosquito partiti-like virus YN16,Mosquito partiti-like virus YN16  isolate MAD1364
HVLJHBGXH_Madagascar-Ambato-Boeny-Oct-2020-Dry-Anopheles-gambiae-2_S14,NODE_281_length_1353_cov_2.218750,Orthototiviridae,Madagascar,Ambato Boeny,Oct-20,2020,Dry,Anopheles gambiae,43,4557663,1323633,32.49,Ambato Boeny orthototi-like virus 2,Ambato Boeny orthototi-like virus 2  isolate MAD1357
HVLJHBGXH_Madagascar-Ambato-Boeny-Oct-2020-Dry-Anopheles-gambiae-3_S15,NODE_2_length_10686_cov_622.164233,Flaviviridae,Madagascar,Ambato Boeny,Oct-20,2020,Dry,Anopheles gambiae,96237,5530250,2834791,33948.53,Anopheles flavivirus variant 1,Anopheles flavivirus variant 1  isolate MAD1376
HVLJHBGXH_Madagascar-Ambato-Boeny-Oct-2020-Dry-Anopheles-gambiae-3_S15,NODE_45_length_4150_cov_2.353937,Metaviridae,Madagascar,Ambato Boeny,Oct-20,2020,Dry,Anopheles gambiae,241,5530250,2834791,85.02,Ambato Boeny meta-like virus 8,Ambato Boeny meta-like virus 8  isolate MAD1366
HVLJHBGXH_Madagascar-Ambato-Boeny-Oct-2020-Dry-Anopheles-gambiae-3_S15,NODE_39_length_4358_cov_35.353559,Orthototiviridae,Madagascar,Ambato Boeny,Oct-20,2020,Dry,Anopheles gambiae,2309,5530250,2834791,814.52,Ambato Boeny orthototi-like virus 6,Ambato Boeny orthototi-like virus 6  isolate MAD1373
HVLJHBGXH_Madagascar-Ambato-Boeny-Oct-2020-Dry-Anopheles-gambiae-3_S15,NODE_23_length_5210_cov_18.599377,Orthototiviridae,Madagascar,Ambato Boeny,Oct-20,2020,Dry,Anopheles gambiae,1398,5530250,2834791,493.16,Ambato Boeny orthototi-like virus 12,Ambato Boeny orthototi-like virus 12  isolate MAD1369
HVLJHBGXH_Madagascar-Ambato-Boeny-Oct-2020-Dry-Anopheles-gambiae-3_S15,NODE_112_length_2809_cov_28.991959,Orthototiviridae,Madagascar,Ambato Boeny,Oct-20,2020,Dry,Anopheles gambiae,1184,5530250,2834791,417.67,Ambato Boeny orthototi-like virus 7,Ambato Boeny orthototi-like virus 7  isolate MAD1374
HVLJHBGXH_Madagascar-Ambato-Boeny-Oct-2020-Dry-Anopheles-gambiae-3_S15,NODE_22_length_5259_cov_25.939452,Orthototiviridae,Madagascar,Ambato Boeny,Oct-20,2020,Dry,Anopheles gambiae,1984,5530250,2834791,699.88,Ambato Boeny orthototi-like virus 4,Ambato Boeny orthototi-like virus 4  isolate MAD1372
HVLJHBGXH_Madagascar-Ambato-Boeny-Oct-2020-Dry-Anopheles-gambiae-3_S15,NODE_30_length_4956_cov_41.052222,Orthototiviridae,Madagascar,Ambato Boeny,Oct-20,2020,Dry,Anopheles gambiae,2958,5530250,2834791,1043.46,Ambato Boeny orthototi-like virus 10,Ambato Boeny orthototi-like virus 10  isolate MAD1368
HVLJHBGXH_Madagascar-Ambato-Boeny-Oct-2020-Dry-Anopheles-gambiae-3_S15,NODE_141_length_2486_cov_23.914629,Orthototiviridae,Madagascar,Ambato Boeny,Oct-20,2020,Dry,Anopheles gambiae,1195,5530250,2834791,421.54,Ambato Boeny orthototi-like virus 9,Ambato Boeny orthototi-like virus 9  isolate MAD1375
HVLJHBGXH_Madagascar-Ambato-Boeny-Oct-2020-Dry-Anopheles-gambiae-3_S15,NODE_26_length_5132_cov_16.528365,Orthototiviridae,Madagascar,Ambato Boeny,Oct-20,2020,Dry,Anopheles gambiae,1225,5530250,2834791,432.13,Ambato Boeny orthototi-like virus 15,Ambato Boeny orthototi-like virus 15  isolate MAD1371
HVLJHBGXH_Madagascar-Ambato-Boeny-Oct-2020-Dry-Anopheles-gambiae-3_S15,NODE_203_length_2122_cov_1.452416,Metaviridae,Madagascar,Ambato Boeny,Oct-20,2020,Dry,Anopheles gambiae,54,5530250,2834791,19.05,Ambato Boeny meta-like virus 9,Ambato Boeny meta-like virus 9  isolate MAD1367
HVLJHBGXH_Madagascar-Ambato-Boeny-Oct-2020-Dry-Anopheles-gambiae-3_S15,NODE_15_length_5885_cov_65.968858,Orthototiviridae,Madagascar,Ambato Boeny,Oct-20,2020,Dry,Anopheles gambiae,5614,5530250,2834791,1980.39,Ambato Boeny orthototi-like virus 14,Ambato Boeny orthototi-like virus 14  isolate MAD1370
HVLJHBGXH_Madagascar-Ambato-Boeny-Oct-2020-Dry-Anopheles-gambiae-3_S15,NODE_103_length_2929_cov_119.614846,Amalgaviridae,Madagascar,Ambato Boeny,Oct-20,2020,Dry,Anopheles gambiae,5123,5530250,2834791,1807.19,Ambato Boeny amalga-like virus 1,Ambato Boeny amalga-like virus 1  isolate MAD1365
HVLJHBGXH_Madagascar-Ambato-Boeny-Oct-2020-Dry-Culex-univittatus-2_S16,NODE_89_length_4217_cov_15.212114,Metaviridae,Madagascar,Ambato Boeny,Oct-20,2020,Dry,Culex univittatus,7708,7268107,5223561,1475.62,Ambato Boeny meta-like virus 24,Ambato Boeny meta-like virus 24  isolate MAD1379
HVLJHBGXH_Madagascar-Ambato-Boeny-Oct-2020-Dry-Culex-univittatus-2_S16,NODE_69_length_4502_cov_5.014676,Dicistroviridae,Madagascar,Ambato Boeny,Oct-20,2020,Dry,Culex univittatus,953,7268107,5223561,182.44,Ambato Boeny dicistro-like virus 1,Ambato Boeny dicistro-like virus 1  isolate MAD1377
HVLJHBGXH_Madagascar-Ambato-Boeny-Oct-2020-Dry-Culex-univittatus-2_S16,NODE_364_length_2080_cov_4.384155,Dicistroviridae,Madagascar,Ambato Boeny,Oct-20,2020,Dry,Culex univittatus,146,7268107,5223561,27.95,Ambato Boeny dicistro-like virus 3,Ambato Boeny dicistro-like virus 3  isolate MAD1378
HVLJHBGXH_Madagascar-Ambato-Boeny-Oct-2020-Dry-Culex-univittatus-2_S16,NODE_728_length_1499_cov_1.324684,Dicistroviridae,Madagascar,Ambato Boeny,Oct-20,2020,Dry,Culex univittatus,26,7268107,5223561,4.98,Mosquito picorna-like virus YN6,Mosquito picorna-like virus YN6  isolate MAD1381
HVLJHBGXH_Madagascar-Ambato-Boeny-Oct-2020-Dry-Culex-univittatus-2_S16,NODE_977_length_1319_cov_2.836276,Spiciviridae,Madagascar,Ambato Boeny,Oct-20,2020,Dry,Culex univittatus,49,7268107,5223561,9.38,Ambato Boeny spici-like virus 1,Ambato Boeny spici-like virus 1  isolate MAD1380
HVLJHBGXH_Madagascar-Ambato-Boeny-Oct-2020-Dry-Culex-univittatus-3_S17,NODE_4_length_8352_cov_17.471192,Dicistroviridae,Madagascar,Ambato Boeny,Oct-20,2020,Dry,Culex univittatus,2884,6636064,4665208,618.19,Ambato Boeny dicistro-like virus 1,Ambato Boeny dicistro-like virus 1  isolate MAD1382
HVLJHBGXH_Madagascar-Ambato-Boeny-Oct-2020-Dry-Culex-univittatus-3_S17,NODE_300_length_2572_cov_30.072829,Orthototiviridae,Madagascar,Ambato Boeny,Oct-20,2020,Dry,Culex univittatus,1185,6636064,4665208,254.01,Drosophila-associated totivirus 4,Drosophila-associated totivirus 4  isolate MAD1384
HVLJHBGXH_Madagascar-Ambato-Boeny-Oct-2020-Dry-Culex-univittatus-3_S17,NODE_119_length_3558_cov_9.421234,Orthototiviridae,Madagascar,Ambato Boeny,Oct-20,2020,Dry,Culex univittatus,494,6636064,4665208,105.89,Ambato Boeny orthototi-like virus 22,Ambato Boeny orthototi-like virus 22  isolate MAD1383
HVLJHBGXH_Madagascar-Amparafaravola-Feb-2020-Rainy-Mansonia-uniformis-2_S3,NODE_1_length_13685_cov_20.782839,Nairoviridae,Madagascar,Amparafaravola,Feb-20,2020,Rainy,Mansonia uniformis,4153,4261826,2833573,1465.64,Amparafaravola nairo-like virus 1,Amparafaravola nairo-like virus 1  isolate MAD1387
HVLJHBGXH_Madagascar-Amparafaravola-Feb-2020-Rainy-Mansonia-uniformis-2_S3,NODE_6_length_5783_cov_7.828021,Orthototiviridae,Madagascar,Amparafaravola,Feb-20,2020,Rainy,Mansonia uniformis,688,4261826,2833573,242.8,Amparafaravola orthototi-like virus 10,Amparafaravola orthototi-like virus 10  isolate MAD1388
HVLJHBGXH_Madagascar-Amparafaravola-Feb-2020-Rainy-Mansonia-uniformis-2_S3,NODE_20_length_4472_cov_16.042964,Metaviridae,Madagascar,Amparafaravola,Feb-20,2020,Rainy,Mansonia uniformis,1514,4261826,2833573,534.31,Amparafaravola meta-like virus 15,Amparafaravola meta-like virus 15  isolate MAD1385
HVLJHBGXH_Madagascar-Amparafaravola-Feb-2020-Rainy-Mansonia-uniformis-2_S3,NODE_90_length_2106_cov_2.652730,Virgaviridae,Madagascar,Amparafaravola,Feb-20,2020,Rainy,Mansonia uniformis,398,4261826,2833573,140.46,Amparafaravola virga-like virus 1,Amparafaravola virga-like virus 1  isolate MAD1389
HVLJHBGXH_Madagascar-Amparafaravola-Feb-2020-Rainy-Mansonia-uniformis-2_S3,NODE_319_length_1113_cov_1.160577,Metaviridae,Madagascar,Amparafaravola,Feb-20,2020,Rainy,Mansonia uniformis,22,4261826,2833573,7.76,Amparafaravola meta-like virus 18,Amparafaravola meta-like virus 18  isolate MAD1386
HVLJHBGXH_Madagascar-Amparafaravola-Feb-2020-Rainy-Mansonia-uniformis-3_S4,NODE_2_length_7087_cov_5.912461,Metaviridae,Madagascar,Amparafaravola,Feb-20,2020,Rainy,Mansonia uniformis,905,3771877,1527245,592.57,Amparafaravola meta-like virus 15,Amparafaravola meta-like virus 15  isolate MAD1390
HVLJHBGXH_Madagascar-Amparafaravola-Feb-2020-Rainy-Mansonia-uniformis-3_S4,NODE_1_length_7137_cov_16.708239,Orthototiviridae,Madagascar,Amparafaravola,Feb-20,2020,Rainy,Mansonia uniformis,1718,3771877,1527245,1124.9,Amparafaravola orthototi-like virus 10,Amparafaravola orthototi-like virus 10  isolate MAD1392
HVLJHBGXH_Madagascar-Amparafaravola-Feb-2020-Rainy-Mansonia-uniformis-3_S4,NODE_165_length_1431_cov_1.608247,Metaviridae,Madagascar,Amparafaravola,Feb-20,2020,Rainy,Mansonia uniformis,53,3771877,1527245,34.7,Amparafaravola meta-like virus 16,Amparafaravola meta-like virus 16  isolate MAD1391
HVLJHBGXH_Madagascar-Amparafaravola-Oct-2020-Dry-Culex-antennatus-2_S19,NODE_4_length_11815_cov_788.408533,Rhabdoviridae,Madagascar,Amparafaravola,Oct-20,2020,Dry,Culex antennatus,133981,7154111,3879903,34532.05,Merida virus,Merida virus  isolate MAD1394
HVLJHBGXH_Madagascar-Amparafaravola-Oct-2020-Dry-Culex-antennatus-2_S19,NODE_11_length_5430_cov_10.910958,Dicistroviridae,Madagascar,Amparafaravola,Oct-20,2020,Dry,Culex antennatus,1340,7154111,3879903,345.37,Amparafaravola dicistro-like virus 1,Amparafaravola dicistro-like virus 1  isolate MAD1393
HVLJHBGXH_Madagascar-Amparafaravola-Oct-2020-Dry-Culex-antennatus-3_S20,NODE_32_length_2419_cov_2.411338,Rhabdoviridae,Madagascar,Amparafaravola,Oct-20,2020,Dry,Culex antennatus,83,6842663,2691477,30.84,Mosquito mono-like virus HAN3,Mosquito mono-like virus HAN3  isolate MAD1396
HVLJHBGXH_Madagascar-Amparafaravola-Oct-2020-Dry-Culex-antennatus-3_S20,NODE_150_length_1302_cov_3.020342,Rhabdoviridae,Madagascar,Amparafaravola,Oct-20,2020,Dry,Culex antennatus,54,6842663,2691477,20.06,Merida-like virus Turkey,Merida-like virus Turkey  isolate MAD1395
HVLJHBGXH_Madagascar-Mampikony-Feb-2020-Rainy-Anopheles-coustani-1_S5,NODE_1_length_10090_cov_29.508236,Kitaviridae,Madagascar,Mampikony,Feb-20,2020,Rainy,Anopheles coustani,4339,6578336,1423185,3048.8,Mampikony kita-like virus 1,Mampikony kita-like virus 1  isolate MAD1398
HVLJHBGXH_Madagascar-Mampikony-Feb-2020-Rainy-Anopheles-coustani-1_S5,NODE_6_length_5941_cov_8.263463,Artiviridae,Madagascar,Mampikony,Feb-20,2020,Rainy,Anopheles coustani,851,6578336,1423185,597.95,Mampikony arti-like virus 1,Mampikony arti-like virus 1  isolate MAD1397
HVLJHBGXH_Madagascar-Mampikony-Feb-2020-Rainy-Anopheles-coustani-1_S5,NODE_26_length_2841_cov_914.212789,Solemoviridae,Madagascar,Mampikony,Feb-20,2020,Rainy,Anopheles coustani,35697,6578336,1423185,25082.47,Mampikony solemo-like virus 1,Mampikony solemo-like virus 1  isolate MAD1401
HVLJHBGXH_Madagascar-Mampikony-Feb-2020-Rainy-Anopheles-coustani-1_S5,NODE_159_length_1303_cov_5.142276,Partitiviridae,Madagascar,Mampikony,Feb-20,2020,Rainy,Anopheles coustani,90,6578336,1423185,63.24,Mampikony partiti-like virus 2,Mampikony partiti-like virus 2  isolate MAD1400
HVLJHBGXH_Madagascar-Mampikony-Feb-2020-Rainy-Anopheles-coustani-1_S5,NODE_21_length_3432_cov_141.027985,Solemoviridae,Madagascar,Mampikony,Feb-20,2020,Rainy,Anopheles coustani,6833,6578336,1423185,4801.2,Mampikony solemo-like virus 2,Mampikony solemo-like virus 2  isolate MAD1402
HVLJHBGXH_Madagascar-Mampikony-Feb-2020-Rainy-Anopheles-coustani-1_S5,NODE_274_length_1030_cov_6.828631,Narnaviridae,Madagascar,Mampikony,Feb-20,2020,Rainy,Anopheles coustani,94,6578336,1423185,66.05,Mampikony narna-like virus 1,Mampikony narna-like virus 1  isolate MAD1399
HVLJHBGXH_Madagascar-Mampikony-Feb-2020-Rainy-Anopheles-coustani-2_S6,NODE_6_length_7286_cov_9.596423,Metaviridae,Madagascar,Mampikony,Feb-20,2020,Rainy,Anopheles coustani,1297,6218039,5589375,232.05,Mampikony meta-like virus 7,Mampikony meta-like virus 7  isolate MAD1408
HVLJHBGXH_Madagascar-Mampikony-Feb-2020-Rainy-Anopheles-coustani-2_S6,NODE_42_length_4971_cov_3.469784,Metaviridae,Madagascar,Mampikony,Feb-20,2020,Rainy,Anopheles coustani,339,6218039,5589375,60.65,Mampikony meta-like virus 2,Mampikony meta-like virus 2  isolate MAD1405
HVLJHBGXH_Madagascar-Mampikony-Feb-2020-Rainy-Anopheles-coustani-2_S6,NODE_21_length_5930_cov_14.572990,Metaviridae,Madagascar,Mampikony,Feb-20,2020,Rainy,Anopheles coustani,1669,6218039,5589375,298.6,Mampikony meta-like virus 5,Mampikony meta-like virus 5  isolate MAD1406
HVLJHBGXH_Madagascar-Mampikony-Feb-2020-Rainy-Anopheles-coustani-2_S6,NODE_82_length_4124_cov_6.050852,Metaviridae,Madagascar,Mampikony,Feb-20,2020,Rainy,Anopheles coustani,508,6218039,5589375,90.89,Mampikony meta-like virus 6,Mampikony meta-like virus 6  isolate MAD1407
HVLJHBGXH_Madagascar-Mampikony-Feb-2020-Rainy-Anopheles-coustani-2_S6,NODE_2124_length_1411_cov_1.612108,Metaviridae,Madagascar,Mampikony,Feb-20,2020,Rainy,Anopheles coustani,110,6218039,5589375,19.68,Mampikony meta-like virus 9,Mampikony meta-like virus 9  isolate MAD1409
HVLJHBGXH_Madagascar-Mampikony-Feb-2020-Rainy-Anopheles-coustani-2_S6,NODE_208_length_2832_cov_1679.014136,Solemoviridae,Madagascar,Mampikony,Feb-20,2020,Rainy,Anopheles coustani,64943,6218039,5589375,11619.01,Mampikony solemo-like virus 1,Mampikony solemo-like virus 1  isolate MAD1410
HVLJHBGXH_Madagascar-Mampikony-Feb-2020-Rainy-Anopheles-coustani-2_S6,NODE_4738_length_1130_cov_1.493851,Metaviridae,Madagascar,Mampikony,Feb-20,2020,Rainy,Anopheles coustani,81,6218039,5589375,14.49,Mampikony meta-like virus 13,Mampikony meta-like virus 13  isolate MAD1404
HVLJHBGXH_Madagascar-Mampikony-Feb-2020-Rainy-Anopheles-coustani-2_S6,NODE_6738_length_1026_cov_2.429171,Metaviridae,Madagascar,Mampikony,Feb-20,2020,Rainy,Anopheles coustani,43,6218039,5589375,7.69,Mampikony meta-like virus 1,Mampikony meta-like virus 1  isolate MAD1403
HVLJHBGXH_Madagascar-Mampikony-Feb-2020-Rainy-Culex-antennatus-1_S7,NODE_2_length_11166_cov_102.349860,Kitaviridae,Madagascar,Mampikony,Feb-20,2020,Rainy,Culex antennatus,27547,6188317,3429368,8032.68,Culex pipiens-associated Tunisia virus,Culex pipiens-associated Tunisia virus  isolate MAD1413
HVLJHBGXH_Madagascar-Mampikony-Feb-2020-Rainy-Culex-antennatus-1_S7,NODE_3_length_9280_cov_1316.345932,Nodaviridae,Madagascar,Mampikony,Feb-20,2020,Rainy,Culex antennatus,170868,6188317,3429368,49824.92,Biggievirus Mos11,Biggievirus Mos11  isolate MAD1411
HVLJHBGXH_Madagascar-Mampikony-Feb-2020-Rainy-Culex-antennatus-1_S7,NODE_40_length_3523_cov_6493.975362,Chrysoviridae,Madagascar,Mampikony,Feb-20,2020,Rainy,Culex antennatus,311308,6188317,3429368,90777.08,Chrysoviridae sp.,Chrysoviridae sp.  isolate MAD1412
HVLJHBGXH_Madagascar-Mampikony-Feb-2020-Rainy-Culex-antennatus-1_S7,NODE_194_length_1796_cov_7.587348,Circoviridae,Madagascar,Mampikony,Feb-20,2020,Rainy,Culex antennatus,252,6188317,3429368,73.48,Mampikony circo-like virus 1,Mampikony circo-like virus 1  isolate MAD1414
HVLJHBGXH_Madagascar-Mampikony-Feb-2020-Rainy-Culex-antennatus-3_S8,NODE_2_length_11062_cov_313.861589,Kitaviridae,Madagascar,Mampikony,Feb-20,2020,Rainy,Culex antennatus,49027,4974590,3358813,14596.53,Culex pipiens-associated Tunisia virus,Culex pipiens-associated Tunisia virus  isolate MAD1416
HVLJHBGXH_Madagascar-Mampikony-Feb-2020-Rainy-Culex-antennatus-3_S8,NODE_52_length_3533_cov_2522.748555,Chrysoviridae,Madagascar,Mampikony,Feb-20,2020,Rainy,Culex antennatus,121272,4974590,3358813,36105.61,Chrysoviridae sp.,Chrysoviridae sp.  isolate MAD1415
HVLJHBGXH_Madagascar-Mampikony-Feb-2020-Rainy-Culex-antennatus-3_S8,NODE_28_length_4436_cov_4.977309,Metaviridae,Madagascar,Mampikony,Feb-20,2020,Rainy,Culex antennatus,523,4974590,3358813,155.71,Mampikony meta-like virus 34,Mampikony meta-like virus 34  isolate MAD1418
HVLJHBGXH_Madagascar-Mampikony-Feb-2020-Rainy-Culex-antennatus-3_S8,NODE_117_length_2618_cov_5.343026,Partitiviridae,Madagascar,Mampikony,Feb-20,2020,Rainy,Culex antennatus,217,4974590,3358813,64.61,Mampikony partiti-like virus 4,Mampikony partiti-like virus 4  isolate MAD1419
HVLJHBGXH_Madagascar-Mampikony-Feb-2020-Rainy-Culex-antennatus-3_S8,NODE_293_length_1809_cov_13.436060,Circoviridae,Madagascar,Mampikony,Feb-20,2020,Rainy,Culex antennatus,396,4974590,3358813,117.9,Mampikony circo-like virus 1,Mampikony circo-like virus 1  isolate MAD1417
HVLJHBGXH_Madagascar-Mampikony-Feb-2020-Rainy-Culex-quinquefasciatus-1_S9,NODE_3_length_11014_cov_139.436706,Virgaviridae,Madagascar,Mampikony,Feb-20,2020,Rainy,Culex quinquefasciatus,22086,4700836,822156,26863.51,Hubei virga-like virus 2,Hubei virga-like virus 2  isolate MAD1423
HVLJHBGXH_Madagascar-Mampikony-Feb-2020-Rainy-Culex-quinquefasciatus-1_S9,NODE_6_length_6631_cov_8.033852,Rhabdoviridae,Madagascar,Mampikony,Feb-20,2020,Rainy,Culex quinquefasciatus,765,4700836,822156,930.48,Culex mononega-like virus 1,Culex mononega-like virus 1  isolate MAD1421
HVLJHBGXH_Madagascar-Mampikony-Feb-2020-Rainy-Culex-quinquefasciatus-1_S9,NODE_5_length_7174_cov_15.631460,Dicistroviridae,Madagascar,Mampikony,Feb-20,2020,Rainy,Culex quinquefasciatus,1888,4700836,822156,2296.4,Aphid lethal paralysis virus,Aphid lethal paralysis virus  isolate MAD1420
HVLJHBGXH_Madagascar-Mampikony-Feb-2020-Rainy-Culex-quinquefasciatus-1_S9,NODE_7_length_6491_cov_7.712371,Kitaviridae,Madagascar,Mampikony,Feb-20,2020,Rainy,Culex quinquefasciatus,1637,4700836,822156,1991.1,Culex pipiens-associated Tunisia virus,Culex pipiens-associated Tunisia virus  isolate MAD1422
HVLJHBGXH_Madagascar-Mampikony-Feb-2020-Rainy-Culex-quinquefasciatus-1_S9,NODE_15_length_3510_cov_85.916497,Chrysoviridae,Madagascar,Mampikony,Feb-20,2020,Rainy,Culex quinquefasciatus,4325,4700836,822156,5260.56,Shuangao chryso-like virus 1,Shuangao chryso-like virus 1  isolate MAD1425
HVLJHBGXH_Madagascar-Mampikony-Feb-2020-Rainy-Culex-quinquefasciatus-1_S9,NODE_23_length_3120_cov_151.656712,Iflaviridae,Madagascar,Mampikony,Feb-20,2020,Rainy,Culex quinquefasciatus,6853,4700836,822156,8335.4,Mampikony ifla-like virus 1,Mampikony ifla-like virus 1  isolate MAD1424
HVLJHBGXH_Madagascar-Mampikony-Feb-2020-Rainy-Culex-quinquefasciatus-3_S11,NODE_3_length_8825_cov_17.184986,Dicistroviridae,Madagascar,Mampikony,Feb-20,2020,Rainy,Culex quinquefasciatus,2351,4864704,520436,4517.37,Dicistroviridae sp.,Dicistroviridae sp.  isolate MAD1426
HVLJHBGXH_Madagascar-Mampikony-Feb-2020-Rainy-Culex-quinquefasciatus-3_S11,NODE_4_length_5541_cov_4.256950,Qinviridae,Madagascar,Mampikony,Feb-20,2020,Rainy,Culex quinquefasciatus,335,4864704,520436,643.69,Mampikony qin-like virus 1,Mampikony qin-like virus 1  isolate MAD1428
HVLJHBGXH_Madagascar-Mampikony-Feb-2020-Rainy-Culex-quinquefasciatus-3_S11,NODE_7_length_4763_cov_121.737953,picorna,Madagascar,Mampikony,Feb-20,2020,Rainy,Culex quinquefasciatus,8263,4864704,520436,15877.07,Hubei mosquito virus 4,Hubei mosquito virus 4  isolate MAD1427
HVLJHBGXH_Madagascar-Mampikony-Feb-2020-Rainy-Culex-tritaeniorhynchus-2_S12,NODE_21_length_4386_cov_1.862277,Metaviridae,Madagascar,Mampikony,Feb-20,2020,Rainy,Culex tritaeniorhynchus,197,6372055,2543354,77.46,Mampikony meta-like virus 41,Mampikony meta-like virus 41  isolate MAD1431
HVLJHBGXH_Madagascar-Mampikony-Feb-2020-Rainy-Culex-tritaeniorhynchus-2_S12,NODE_3_length_7141_cov_47.985003,Orthototiviridae,Madagascar,Mampikony,Feb-20,2020,Rainy,Culex tritaeniorhynchus,5103,6372055,2543354,2006.41,XiangYun toti-like virus 5,XiangYun toti-like virus 5  isolate MAD1432
HVLJHBGXH_Madagascar-Mampikony-Feb-2020-Rainy-Culex-tritaeniorhynchus-2_S12,NODE_247_length_1462_cov_2.675306,Iflaviridae,Madagascar,Mampikony,Feb-20,2020,Rainy,Culex tritaeniorhynchus,52,6372055,2543354,20.45,Mampikony ifla-like virus 3,Mampikony ifla-like virus 3  isolate MAD1430
HVLJHBGXH_Madagascar-Mampikony-Feb-2020-Rainy-Culex-tritaeniorhynchus-2_S12,NODE_103_length_2204_cov_1140.630221,Tombusviridae,Madagascar,Mampikony,Feb-20,2020,Rainy,Culex tritaeniorhynchus,35341,6372055,2543354,13895.43,Culex associated luteo like virus,Culex associated luteo like virus  isolate MAD1429
HVLJHBGXH_Madagascar-Mampikony-Oct-2020-Dry-Anopheles-gambiae-1_S21,NODE_7_length_10754_cov_131.709765,Flaviviridae,Madagascar,Mampikony,Oct-20,2020,Dry,Anopheles gambiae,20837,6517706,6263455,3326.76,Anopheles flavivirus variant 1,Anopheles flavivirus variant 1  isolate MAD1433
HVLJHBGXH_Madagascar-Mampikony-Oct-2020-Dry-Anopheles-gambiae-1_S21,NODE_5_length_11948_cov_3141.119747,Xinmoviridae,Madagascar,Mampikony,Oct-20,2020,Dry,Anopheles gambiae,522272,6517706,6263455,83384.01,Mampikony xinmo-like virus 1,Mampikony xinmo-like virus 1  isolate MAD1448
HVLJHBGXH_Madagascar-Mampikony-Oct-2020-Dry-Anopheles-gambiae-1_S21,NODE_20_length_6755_cov_9.001347,Metaviridae,Madagascar,Mampikony,Oct-20,2020,Dry,Anopheles gambiae,1109,6517706,6263455,177.06,Mampikony meta-like virus 21,Mampikony meta-like virus 21  isolate MAD1437
HVLJHBGXH_Madagascar-Mampikony-Oct-2020-Dry-Anopheles-gambiae-1_S21,NODE_14_length_7190_cov_8.777996,Metaviridae,Madagascar,Mampikony,Oct-20,2020,Dry,Anopheles gambiae,1137,6517706,6263455,181.53,Mampikony meta-like virus 20,Mampikony meta-like virus 20  isolate MAD1436
HVLJHBGXH_Madagascar-Mampikony-Oct-2020-Dry-Anopheles-gambiae-1_S21,NODE_180_length_4049_cov_16.554829,Metaviridae,Madagascar,Mampikony,Oct-20,2020,Dry,Anopheles gambiae,1269,6517706,6263455,202.6,Mampikony meta-like virus 19,Mampikony meta-like virus 19  isolate MAD1435
HVLJHBGXH_Madagascar-Mampikony-Oct-2020-Dry-Anopheles-gambiae-1_S21,NODE_614_length_2901_cov_4.538190,Metaviridae,Madagascar,Mampikony,Oct-20,2020,Dry,Anopheles gambiae,297,6517706,6263455,47.42,Mampikony meta-like virus 29,Mampikony meta-like virus 29  isolate MAD1444
HVLJHBGXH_Madagascar-Mampikony-Oct-2020-Dry-Anopheles-gambiae-1_S21,NODE_1830_length_2205_cov_1.756567,Metaviridae,Madagascar,Mampikony,Oct-20,2020,Dry,Anopheles gambiae,294,6517706,6263455,46.93,Mampikony meta-like virus 18,Mampikony meta-like virus 18  isolate MAD1434
HVLJHBGXH_Madagascar-Mampikony-Oct-2020-Dry-Anopheles-gambiae-1_S21,NODE_4597_length_1727_cov_1.820435,Metaviridae,Madagascar,Mampikony,Oct-20,2020,Dry,Anopheles gambiae,147,6517706,6263455,23.47,Mampikony meta-like virus 26,Mampikony meta-like virus 26  isolate MAD1441
HVLJHBGXH_Madagascar-Mampikony-Oct-2020-Dry-Anopheles-gambiae-1_S21,NODE_4898_length_1696_cov_6.744301,Metaviridae,Madagascar,Mampikony,Oct-20,2020,Dry,Anopheles gambiae,1052,6517706,6263455,167.96,Mampikony meta-like virus 24,Mampikony meta-like virus 24  isolate MAD1440
HVLJHBGXH_Madagascar-Mampikony-Oct-2020-Dry-Anopheles-gambiae-1_S21,NODE_988_length_2582_cov_2.328816,Metaviridae,Madagascar,Mampikony,Oct-20,2020,Dry,Anopheles gambiae,129,6517706,6263455,20.6,Mampikony meta-like virus 22,Mampikony meta-like virus 22  isolate MAD1438
HVLJHBGXH_Madagascar-Mampikony-Oct-2020-Dry-Anopheles-gambiae-1_S21,NODE_17164_length_1145_cov_1.591418,Metaviridae,Madagascar,Mampikony,Oct-20,2020,Dry,Anopheles gambiae,39,6517706,6263455,6.23,Mampikony meta-like virus 32,Mampikony meta-like virus 32  isolate MAD1447
HVLJHBGXH_Madagascar-Mampikony-Oct-2020-Dry-Anopheles-gambiae-1_S21,NODE_1070_length_2532_cov_1.897926,Metaviridae,Madagascar,Mampikony,Oct-20,2020,Dry,Anopheles gambiae,176,6517706,6263455,28.1,Mampikony meta-like virus 28,Mampikony meta-like virus 28  isolate MAD1443
HVLJHBGXH_Madagascar-Mampikony-Oct-2020-Dry-Anopheles-gambiae-1_S21,NODE_23177_length_1027_cov_4.749476,Metaviridae,Madagascar,Mampikony,Oct-20,2020,Dry,Anopheles gambiae,120,6517706,6263455,19.16,Mampikony meta-like virus 27,Mampikony meta-like virus 27  isolate MAD1442
HVLJHBGXH_Madagascar-Mampikony-Oct-2020-Dry-Anopheles-gambiae-1_S21,NODE_796_length_2726_cov_2.048247,Metaviridae,Madagascar,Mampikony,Oct-20,2020,Dry,Anopheles gambiae,162,6517706,6263455,25.86,Mampikony meta-like virus 30,Mampikony meta-like virus 30  isolate MAD1445
HVLJHBGXH_Madagascar-Mampikony-Oct-2020-Dry-Anopheles-gambiae-1_S21,NODE_15760_length_1180_cov_1.459801,Metaviridae,Madagascar,Mampikony,Oct-20,2020,Dry,Anopheles gambiae,690,6517706,6263455,110.16,Mampikony meta-like virus 31,Mampikony meta-like virus 31  isolate MAD1446
HVLJHBGXH_Madagascar-Mampikony-Oct-2020-Dry-Anopheles-gambiae-1_S21,NODE_18537_length_1115_cov_1.463532,Metaviridae,Madagascar,Mampikony,Oct-20,2020,Dry,Anopheles gambiae,94,6517706,6263455,15.01,Mampikony meta-like virus 23,Mampikony meta-like virus 23  isolate MAD1439
HVLJHBGXH_Madagascar-Mampikony-Oct-2020-Dry-Anopheles-gambiae-2_S22,NODE_1_length_6771_cov_968.613168,Xinmoviridae,Madagascar,Mampikony,Oct-20,2020,Dry,Anopheles gambiae,136557,5864908,861978,158422.84,Mampikony xinmo-like virus 1,Mampikony xinmo-like virus 1  isolate MAD1449
HVLJHBGXH_Madagascar-Mampikony-Oct-2020-Dry-Anopheles-gambiae-2_S22,NODE_13_length_2974_cov_1449.457773,Xinmoviridae,Madagascar,Mampikony,Oct-20,2020,Dry,Anopheles gambiae,58912,5864908,861978,68345.13,Mosquito mono-like virus YN13,Mosquito mono-like virus YN13  isolate MAD1450
HVLJHBGXH_Madagascar-Mampikony-Oct-2020-Dry-Anopheles-gambiae-3_S23,NODE_2_length_11932_cov_223.395733,Xinmoviridae,Madagascar,Mampikony,Oct-20,2020,Dry,Anopheles gambiae,38355,6596508,1608997,23837.83,Mampikony xinmo-like virus 1,Mampikony xinmo-like virus 1  isolate MAD1451
HVLJHBGXH_Madagascar-Mampikony-Oct-2020-Dry-Culex-antennatus-1_S24,NODE_14_length_3528_cov_9236.679884,Chrysoviridae,Madagascar,Mampikony,Oct-20,2020,Dry,Culex antennatus,434167,5696871,3504542,123886.94,Chrysoviridae sp.,Chrysoviridae sp.  isolate MAD1452
HVLJHBGXH_Madagascar-Mampikony-Oct-2020-Dry-Culex-antennatus-3_S26,NODE_3_length_11027_cov_216.358225,Kitaviridae,Madagascar,Mampikony,Oct-20,2020,Dry,Culex antennatus,34291,6797977,3904987,8781.34,Culex pipiens-associated Tunisia virus,Culex pipiens-associated Tunisia virus  isolate MAD1454
HVLJHBGXH_Madagascar-Mampikony-Oct-2020-Dry-Culex-antennatus-3_S26,NODE_37_length_3530_cov_9809.643911,Chrysoviridae,Madagascar,Mampikony,Oct-20,2020,Dry,Culex antennatus,462998,6797977,3904987,118565.82,Chrysoviridae sp.,Chrysoviridae sp.  isolate MAD1453
HVLJHBGXH_Madagascar-Mampikony-Oct-2020-Dry-Culex-antennatus-3_S26,NODE_158_length_2281_cov_4.655797,Endornaviridae,Madagascar,Mampikony,Oct-20,2020,Dry,Culex antennatus,161,6797977,3904987,41.23,Mampikony endorna-like virus 1,Mampikony endorna-like virus 1  isolate MAD1455
HVLJHBGXH_Madagascar-Mampikony-Oct-2020-Dry-Culex-antennatus-3_S26,NODE_154_length_2324_cov_19.041759,Mitoviridae,Madagascar,Mampikony,Oct-20,2020,Dry,Culex antennatus,671,6797977,3904987,171.83,Mampikony mito-like virus 1,Mampikony mito-like virus 1  isolate MAD1456
HVLJHBGXH_Madagascar-Mampikony-Oct-2020-Dry-Culex-antennatus-3_S26,NODE_798_length_1315_cov_2.606280,Orthototiviridae,Madagascar,Mampikony,Oct-20,2020,Dry,Culex antennatus,143,6797977,3904987,36.62,Mampikony orthototi-like virus 4,Mampikony orthototi-like virus 4  isolate MAD1459
HVLJHBGXH_Madagascar-Mampikony-Oct-2020-Dry-Culex-antennatus-3_S26,NODE_738_length_1351_cov_3.402191,Orthototiviridae,Madagascar,Mampikony,Oct-20,2020,Dry,Culex antennatus,216,6797977,3904987,55.32,Mampikony orthototi-like virus 3,Mampikony orthototi-like virus 3  isolate MAD1458
HVLJHBGXH_Madagascar-Mampikony-Oct-2020-Dry-Culex-antennatus-3_S26,NODE_132_length_2459_cov_7.620285,Partitiviridae,Madagascar,Mampikony,Oct-20,2020,Dry,Culex antennatus,342,6797977,3904987,87.58,Mampikony partiti-like virus 5,Mampikony partiti-like virus 5  isolate MAD1461
HVLJHBGXH_Madagascar-Mampikony-Oct-2020-Dry-Culex-antennatus-3_S26,NODE_699_length_1388_cov_3.212928,Orthototiviridae,Madagascar,Mampikony,Oct-20,2020,Dry,Culex antennatus,116,6797977,3904987,29.71,Mampikony orthototi-like virus 2,Mampikony orthototi-like virus 2  isolate MAD1457
HVLJHBGXH_Madagascar-Mampikony-Oct-2020-Dry-Culex-antennatus-3_S26,NODE_1381_length_1056_cov_2.551373,Orthototiviridae,Madagascar,Mampikony,Oct-20,2020,Dry,Culex antennatus,62,6797977,3904987,15.88,Mampikony orthototi-like virus 5,Mampikony orthototi-like virus 5  isolate MAD1460
HVLJHBGXH_Madagascar-Mampikony-Oct-2020-Dry-Culex-univittatus-2_S28,NODE_3_length_8334_cov_24.322479,Dicistroviridae,Madagascar,Mampikony,Oct-20,2020,Dry,Culex univittatus,3364,6983528,3811730,882.54,Mampikony dicistro-like virus 1,Mampikony dicistro-like virus 1  isolate MAD1463
HVLJHBGXH_Madagascar-Mampikony-Oct-2020-Dry-Culex-univittatus-2_S28,NODE_2_length_9528_cov_32.658382,Dicistroviridae,Madagascar,Mampikony,Oct-20,2020,Dry,Culex univittatus,4450,6983528,3811730,1167.45,Mampikony dicistro-like virus 2,Mampikony dicistro-like virus 2  isolate MAD1464
HVLJHBGXH_Madagascar-Mampikony-Oct-2020-Dry-Culex-univittatus-2_S28,NODE_8_length_5514_cov_9.902408,Qinviridae,Madagascar,Mampikony,Oct-20,2020,Dry,Culex univittatus,794,6983528,3811730,208.3,Mampikony qin-like virus 1,Mampikony qin-like virus 1  isolate MAD1467
HVLJHBGXH_Madagascar-Mampikony-Oct-2020-Dry-Culex-univittatus-2_S28,NODE_144_length_2734_cov_1.699361,Metaviridae,Madagascar,Mampikony,Oct-20,2020,Dry,Culex univittatus,190,6983528,3811730,49.85,Mampikony meta-like virus 44,Mampikony meta-like virus 44  isolate MAD1465
HVLJHBGXH_Madagascar-Mampikony-Oct-2020-Dry-Culex-univittatus-2_S28,NODE_198_length_2529_cov_32.226384,Orthototiviridae,Madagascar,Mampikony,Oct-20,2020,Dry,Culex univittatus,1235,6983528,3811730,324,Drosophila-associated totivirus 4,Drosophila-associated totivirus 4  isolate MAD1462
HVLJHBGXH_Madagascar-Mampikony-Oct-2020-Dry-Culex-univittatus-2_S28,NODE_43_length_3690_cov_7.738181,Orthototiviridae,Madagascar,Mampikony,Oct-20,2020,Dry,Culex univittatus,442,6983528,3811730,115.96,Mampikony orthototi-like virus 6,Mampikony orthototi-like virus 6  isolate MAD1466
HVLJHBGXH_Madagascar-Mampikony-Oct-2020-Dry-Culex-univittatus-3_S29,NODE_1_length_10708_cov_355.006958,Virgaviridae,Madagascar,Mampikony,Oct-20,2020,Dry,Culex univittatus,54954,7337200,5968023,9208.07,Pyongtaek Culex Virga-like virus,Pyongtaek Culex Virga-like virus  isolate MAD1470
HVLJHBGXH_Madagascar-Mampikony-Oct-2020-Dry-Culex-univittatus-3_S29,NODE_46_length_4420_cov_2.790660,Metaviridae,Madagascar,Mampikony,Oct-20,2020,Dry,Culex univittatus,1176,7337200,5968023,197.05,Mampikony meta-like virus 44,Mampikony meta-like virus 44  isolate MAD1469
HVLJHBGXH_Madagascar-Mampikony-Oct-2020-Dry-Culex-univittatus-3_S29,NODE_17_length_6293_cov_6217.916238,Orthototiviridae,Madagascar,Mampikony,Oct-20,2020,Dry,Culex univittatus,550412,7337200,5968023,92226.86,XiangYun toti-like virus 6,XiangYun toti-like virus 6  isolate MAD1471
HVLJHBGXH_Madagascar-Mampikony-Oct-2020-Dry-Culex-univittatus-3_S29,NODE_29_length_5065_cov_10.192909,Inseviridae,Madagascar,Mampikony,Oct-20,2020,Dry,Culex univittatus,871,7337200,5968023,145.94,Mampikony inse-like virus 1,Mampikony inse-like virus 1  isolate MAD1468
HVM35BGXH_Bangui-Batalimo-July-2020-Rainy-Anopheles-funestus-1_S1,NODE_10_length_4040_cov_166.238719,Sedoreovirales,Central African Republic,Batalimo,Jul-20,2020,Rainy,Anopheles funestus,9420,3112168,1764982,5337.16,Batalimo sedoreo-like virus 1,Batalimo sedoreo-like virus 1  isolate CAR1478
HVM35BGXH_Bangui-Batalimo-July-2020-Rainy-Anopheles-funestus-1_S1,NODE_62_length_1761_cov_57.600118,Partitiviridae,Central African Republic,Batalimo,Jul-20,2020,Rainy,Anopheles funestus,1378,3112168,1764982,780.74,Batalimo partiti-like virus 4,Batalimo partiti-like virus 4  isolate CAR1477
HVM35BGXH_Bangui-Batalimo-July-2020-Rainy-Anopheles-funestus-1_S1,NODE_89_length_1560_cov_1186.115669,Partitiviridae,Central African Republic,Batalimo,Jul-20,2020,Rainy,Anopheles funestus,25352,3112168,1764982,14363.89,Batalimo partiti-like virus 2,Batalimo partiti-like virus 2  isolate CAR1475
HVM35BGXH_Bangui-Batalimo-July-2020-Rainy-Anopheles-funestus-1_S1,NODE_84_length_1594_cov_6398.414201,Partitiviridae,Central African Republic,Batalimo,Jul-20,2020,Rainy,Anopheles funestus,139069,3112168,1764982,78793.44,Batalimo partiti-like virus 3,Batalimo partiti-like virus 3  isolate CAR1476
HVM35BGXH_Bangui-Batalimo-July-2020-Rainy-Anopheles-funestus-1_S1,NODE_142_length_1295_cov_2.092471,Metaviridae,Central African Republic,Batalimo,Jul-20,2020,Rainy,Anopheles funestus,81,3112168,1764982,45.89,Batalimo meta-like virus 23,Batalimo meta-like virus 23  isolate CAR1472
HVM35BGXH_Bangui-Batalimo-July-2020-Rainy-Anopheles-funestus-1_S1,NODE_216_length_1101_cov_1.400778,Metaviridae,Central African Republic,Batalimo,Jul-20,2020,Rainy,Anopheles funestus,67,3112168,1764982,37.96,Batalimo meta-like virus 25,Batalimo meta-like virus 25  isolate CAR1473
HVM35BGXH_Bangui-Batalimo-July-2020-Rainy-Anopheles-funestus-1_S1,NODE_228_length_1071_cov_1.105210,Metaviridae,Central African Republic,Batalimo,Jul-20,2020,Rainy,Anopheles funestus,29,3112168,1764982,16.43,Batalimo meta-like virus 27,Batalimo meta-like virus 27  isolate CAR1474
HVM35BGXH_Bangui-Batalimo-July-2020-Rainy-Anopheles-gambiae-1_S2,NODE_726_length_1297_cov_1.327614,Metaviridae,Central African Republic,Batalimo,Jul-20,2020,Rainy,Anopheles gambiae,47,3105444,2939686,15.99,Batalimo meta-like virus 29,Batalimo meta-like virus 29  isolate CAR1480
HVM35BGXH_Bangui-Batalimo-July-2020-Rainy-Anopheles-gambiae-1_S2,NODE_1006_length_1159_cov_1.199816,Metaviridae,Central African Republic,Batalimo,Jul-20,2020,Rainy,Anopheles gambiae,24,3105444,2939686,8.16,Batalimo meta-like virus 28,Batalimo meta-like virus 28  isolate CAR1479
HVM35BGXH_Bangui-Batalimo-July-2020-Rainy-Anopheles-gambiae-2_S3,NODE_495_length_2094_cov_1.762494,Metaviridae,Central African Republic,Batalimo,Jul-20,2020,Rainy,Anopheles gambiae,63,3182512,3057455,2.060.537.277,Batalimo meta-like virus 29,Batalimo meta-like virus 29  isolate CAR1481
HVM35BGXH_Bangui-Batalimo-July-2020-Rainy-Anopheles-gambiae-5_S5,NODE_204_length_2345_cov_4951.361796,Solemoviridae,Central African Republic,Batalimo,Jul-20,2020,Rainy,Anopheles gambiae,161495,3849269,3473249,46496.81,Batalimo solemo-like virus 2,Batalimo solemo-like virus 2  isolate CAR1483
HVM35BGXH_Bangui-Batalimo-July-2020-Rainy-Anopheles-gambiae-5_S5,NODE_1152_length_1282_cov_2.440860,Inseviridae,Central African Republic,Batalimo,Jul-20,2020,Rainy,Anopheles gambiae,43,3849269,3473249,12.38,Batalimo inse-like virus 4,Batalimo inse-like virus 4  isolate CAR1482
HVM35BGXH_Bangui-Bouar-Oct-Nov-2020-Rainy-Aedes-aegypti-1_S17,NODE_8_length_6816_cov_99.827970,Phenuiviridae,Central African Republic,Bouar,Nov-20,2020,Rainy,Aedes aegypti,9564,2801849,2651086,3607.58,Phasivirus phasiense,Phasivirus phasiense  isolate CAR1490
HVM35BGXH_Bangui-Bouar-Oct-Nov-2020-Rainy-Aedes-aegypti-1_S17,NODE_11_length_6177_cov_3292.729194,Inseviridae,Central African Republic,Bouar,Nov-20,2020,Rainy,Aedes aegypti,281619,2801849,2651086,106227.79,Bouar inse-like virus 1,Bouar inse-like virus 1  isolate CAR1485
HVM35BGXH_Bangui-Bouar-Oct-Nov-2020-Rainy-Aedes-aegypti-1_S17,NODE_516_length_1509_cov_3.584958,Orthototiviridae,Central African Republic,Bouar,Nov-20,2020,Rainy,Aedes aegypti,409,2801849,2651086,154.27,Mosquito toti-like virus XZ18,Mosquito toti-like virus XZ18  isolate CAR1489
HVM35BGXH_Bangui-Bouar-Oct-Nov-2020-Rainy-Aedes-aegypti-1_S17,NODE_223_length_1980_cov_4098.803356,Inseviridae,Central African Republic,Bouar,Nov-20,2020,Rainy,Aedes aegypti,108481,2801849,2651086,40919.46,Bouar inse-like virus 5,Bouar inse-like virus 5  isolate CAR1486
HVM35BGXH_Bangui-Bouar-Oct-Nov-2020-Rainy-Aedes-aegypti-1_S17,NODE_231_length_1970_cov_1.826041,Deltaflexiviridae,Central African Republic,Bouar,Nov-20,2020,Rainy,Aedes aegypti,71,2801849,2651086,26.78,Bouar deltaflexi-like virus 1,Bouar deltaflexi-like virus 1  isolate CAR1484
HVM35BGXH_Bangui-Bouar-Oct-Nov-2020-Rainy-Aedes-aegypti-1_S17,NODE_1205_length_1070_cov_1.853561,Metaviridae,Central African Republic,Bouar,Nov-20,2020,Rainy,Aedes aegypti,33,2801849,2651086,12.45,Bouar meta-like virus 4,Bouar meta-like virus 4  isolate CAR1487
HVM35BGXH_Bangui-Bouar-Oct-Nov-2020-Rainy-Aedes-aegypti-1_S17,NODE_771_length_1301_cov_8.848534,Orthototiviridae,Central African Republic,Bouar,Nov-20,2020,Rainy,Aedes aegypti,183,2801849,2651086,69.03,Bouar orthototi-like virus 1,Bouar orthototi-like virus 1  isolate CAR1488
HVM35BGXH_Bangui-Bouar-Oct-Nov-2020-Rainy-Aedes-aegypti-2_S18,NODE_34_length_4357_cov_3599.565359,Reovirales,Central African Republic,Bouar,Nov-20,2020,Rainy,Aedes aegypti,210766,2703924,2571819,81952.11,Bouar reo-like virus 1,Bouar reo-like virus 1  isolate CAR1492
HVM35BGXH_Bangui-Bouar-Oct-Nov-2020-Rainy-Aedes-aegypti-2_S18,NODE_520_length_1338_cov_1.391304,Inseviridae,Central African Republic,Bouar,Nov-20,2020,Rainy,Aedes aegypti,38,2703924,2571819,14.78,Bouar inse-like virus 5,Bouar inse-like virus 5  isolate CAR1491
HVM35BGXH_Bangui-Bouar-Oct-Nov-2020-Rainy-Aedes-aegypti-3_S19,NODE_9_length_6813_cov_354.054154,Phenuiviridae,Central African Republic,Bouar,Nov-20,2020,Rainy,Aedes aegypti,33702,4059718,3795028,8880.57,Phasivirus phasiense,Phasivirus phasiense  isolate CAR1497
HVM35BGXH_Bangui-Bouar-Oct-Nov-2020-Rainy-Aedes-aegypti-3_S19,NODE_2_length_12283_cov_46.521622,Rhabdoviridae,Central African Republic,Bouar,Nov-20,2020,Rainy,Aedes aegypti,8162,4059718,3795028,2150.71,Bouar rhabdo-like virus 1,Bouar rhabdo-like virus 1  isolate CAR1496
HVM35BGXH_Bangui-Bouar-Oct-Nov-2020-Rainy-Aedes-aegypti-3_S19,NODE_29_length_4348_cov_3505.126082,Reovirales,Central African Republic,Bouar,Nov-20,2020,Rainy,Aedes aegypti,204924,4059718,3795028,53998.02,Bouar reo-like virus 1,Bouar reo-like virus 1  isolate CAR1495
HVM35BGXH_Bangui-Bouar-Oct-Nov-2020-Rainy-Aedes-aegypti-3_S19,NODE_7_length_7397_cov_39.380257,Orthototiviridae,Central African Republic,Bouar,Nov-20,2020,Rainy,Aedes aegypti,4173,4059718,3795028,1099.6,Bouar orthototi-like virus 1,Bouar orthototi-like virus 1  isolate CAR1494
HVM35BGXH_Bangui-Bouar-Oct-Nov-2020-Rainy-Aedes-aegypti-3_S19,NODE_12_length_6145_cov_2135.125000,Inseviridae,Central African Republic,Bouar,Nov-20,2020,Rainy,Aedes aegypti,183945,4059718,3795028,48470,Bouar inse-like virus 2,Bouar inse-like virus 2  isolate CAR1493
HVM35BGXH_Bangui-Bouar-Oct-Nov-2020-Rainy-Aedes-aegypti-4_S20,NODE_9_length_12290_cov_309.663256,Rhabdoviridae,Central African Republic,Bouar,Nov-20,2020,Rainy,Aedes aegypti,54791,12725812,12447786,4401.67,Bouar rhabdo-like virus 1,Bouar rhabdo-like virus 1  isolate CAR1506
HVM35BGXH_Bangui-Bouar-Oct-Nov-2020-Rainy-Aedes-aegypti-4_S20,NODE_93_length_4358_cov_13511.930455,Reovirales,Central African Republic,Bouar,Nov-20,2020,Rainy,Aedes aegypti,780560,12725812,12447786,62706.73,Bouar reo-like virus 1,Bouar reo-like virus 1  isolate CAR1505
HVM35BGXH_Bangui-Bouar-Oct-Nov-2020-Rainy-Aedes-aegypti-4_S20,NODE_30_length_6138_cov_12396.687552,Inseviridae,Central African Republic,Bouar,Nov-20,2020,Rainy,Aedes aegypti,1066315,12725812,12447786,85663.02,Bouar inse-like virus 1,Bouar inse-like virus 1  isolate CAR1500
HVM35BGXH_Bangui-Bouar-Oct-Nov-2020-Rainy-Aedes-aegypti-4_S20,NODE_501_length_2534_cov_3.624543,Orthototiviridae,Central African Republic,Bouar,Nov-20,2020,Rainy,Aedes aegypti,262,12725812,12447786,21.05,Mosquito toti-like virus XZ18,Mosquito toti-like virus XZ18  isolate CAR1507
HVM35BGXH_Bangui-Bouar-Oct-Nov-2020-Rainy-Aedes-aegypti-4_S20,NODE_1746_length_1522_cov_3.954451,Metaviridae,Central African Republic,Bouar,Nov-20,2020,Rainy,Aedes aegypti,181,12725812,12447786,14.54,Bouar meta-like virus 2,Bouar meta-like virus 2  isolate CAR1502
HVM35BGXH_Bangui-Bouar-Oct-Nov-2020-Rainy-Aedes-aegypti-4_S20,NODE_1001_length_1921_cov_304.279762,Inseviridae,Central African Republic,Bouar,Nov-20,2020,Rainy,Aedes aegypti,8108,12725812,12447786,651.36,Bouar inse-like virus 5,Bouar inse-like virus 5  isolate CAR1501
HVM35BGXH_Bangui-Bouar-Oct-Nov-2020-Rainy-Aedes-aegypti-4_S20,NODE_2053_length_1409_cov_2.035928,Metaviridae,Central African Republic,Bouar,Nov-20,2020,Rainy,Aedes aegypti,60,12725812,12447786,4.82,Bouar meta-like virus 5,Bouar meta-like virus 5  isolate CAR1503
HVM35BGXH_Bangui-Bouar-Oct-Nov-2020-Rainy-Aedes-aegypti-4_S20,NODE_2304_length_1335_cov_4.406498,Deltaflexiviridae,Central African Republic,Bouar,Nov-20,2020,Rainy,Aedes aegypti,105,12725812,12447786,8.44,Bouar deltaflexi-like virus 1,Bouar deltaflexi-like virus 1  isolate CAR1498
HVM35BGXH_Bangui-Bouar-Oct-Nov-2020-Rainy-Aedes-aegypti-4_S20,NODE_3184_length_1149_cov_4.022305,Deltaflexiviridae,Central African Republic,Bouar,Nov-20,2020,Rainy,Aedes aegypti,65,12725812,12447786,5.22,Bouar deltaflexi-like virus 2,Bouar deltaflexi-like virus 2  isolate CAR1499
HVM35BGXH_Bangui-Bouar-Oct-Nov-2020-Rainy-Aedes-aegypti-4_S20,NODE_1472_length_1630_cov_4.384714,Orthototiviridae,Central African Republic,Bouar,Nov-20,2020,Rainy,Aedes aegypti,130,12725812,12447786,10.44,Bouar orthototi-like virus 4,Bouar orthototi-like virus 4  isolate CAR1504
HVM35BGXH_Bangui-Bouar-Oct-Nov-2020-Rainy-Aedes-aegypti-5_S21,NODE_6_length_6815_cov_281.412637,Phenuiviridae,Central African Republic,Bouar,Nov-20,2020,Rainy,Aedes aegypti,26810,2822114,2738763,9789.09,Phasivirus phasiense,Phasivirus phasiense  isolate CAR1514
HVM35BGXH_Bangui-Bouar-Oct-Nov-2020-Rainy-Aedes-aegypti-5_S21,NODE_1_length_12291_cov_72.472827,Rhabdoviridae,Central African Republic,Bouar,Nov-20,2020,Rainy,Aedes aegypti,12795,2822114,2738763,4671.82,Bouar rhabdo-like virus 1,Bouar rhabdo-like virus 1  isolate CAR1513
HVM35BGXH_Bangui-Bouar-Oct-Nov-2020-Rainy-Aedes-aegypti-5_S21,NODE_37_length_4352_cov_2587.336294,Reovirales,Central African Republic,Bouar,Nov-20,2020,Rainy,Aedes aegypti,151707,2822114,2738763,55392.53,Bouar reo-like virus 1,Bouar reo-like virus 1  isolate CAR1512
HVM35BGXH_Bangui-Bouar-Oct-Nov-2020-Rainy-Aedes-aegypti-5_S21,NODE_9_length_6280_cov_8.833092,Orthototiviridae,Central African Republic,Bouar,Nov-20,2020,Rainy,Aedes aegypti,961,2822114,2738763,350.89,Bouar orthototi-like virus 1,Bouar orthototi-like virus 1  isolate CAR1511
HVM35BGXH_Bangui-Bouar-Oct-Nov-2020-Rainy-Aedes-aegypti-5_S21,NODE_1354_length_1108_cov_1.800000,Metaviridae,Central African Republic,Bouar,Nov-20,2020,Rainy,Aedes aegypti,33,2822114,2738763,12.05,Bouar meta-like virus 2,Bouar meta-like virus 2  isolate CAR1509
HVM35BGXH_Bangui-Bouar-Oct-Nov-2020-Rainy-Aedes-aegypti-5_S21,NODE_1656_length_1015_cov_3.887473,Metaviridae,Central African Republic,Bouar,Nov-20,2020,Rainy,Aedes aegypti,63,2822114,2738763,23,Bouar meta-like virus 1,Bouar meta-like virus 1  isolate CAR1508
HVM35BGXH_Bangui-Bouar-Oct-Nov-2020-Rainy-Aedes-aegypti-5_S21,NODE_1455_length_1065_cov_1.576613,Metaviridae,Central African Republic,Bouar,Nov-20,2020,Rainy,Aedes aegypti,30,2822114,2738763,10.95,Bouar meta-like virus 7,Bouar meta-like virus 7  isolate CAR1510
HVM35BGXH_Bangui-Bouar-Oct-Nov-2020-Rainy-Anopheles-funestus-1_S22,NODE_1_length_14650_cov_55.066132,Endornaviridae,Central African Republic,Bouar,Nov-20,2020,Rainy,Anopheles funestus,11484,2921539,944465,12159.26,Bouar endorna-like virus 1,Bouar endorna-like virus 1  isolate CAR1515
HVM35BGXH_Bangui-Bouar-Oct-Nov-2020-Rainy-Anopheles-funestus-1_S22,NODE_3_length_6862_cov_4.959051,Phasmaviridae,Central African Republic,Bouar,Nov-20,2020,Rainy,Anopheles funestus,483,2921539,944465,511.4,Bouar phasma-like virus 1,Bouar phasma-like virus 1  isolate CAR1522
HVM35BGXH_Bangui-Bouar-Oct-Nov-2020-Rainy-Anopheles-funestus-1_S22,NODE_2_length_10823_cov_21.291535,Virgaviridae,Central African Republic,Bouar,Nov-20,2020,Rainy,Anopheles funestus,3348,2921539,944465,3544.86,Bouar virga-like virus 1,Bouar virga-like virus 1  isolate CAR1526
HVM35BGXH_Bangui-Bouar-Oct-Nov-2020-Rainy-Anopheles-funestus-1_S22,NODE_11_length_3059_cov_25.468185,Narnaviridae,Central African Republic,Bouar,Nov-20,2020,Rainy,Anopheles funestus,1085,2921539,944465,1148.8,Bouar narna-like virus 2,Bouar narna-like virus 2  isolate CAR1517
HVM35BGXH_Bangui-Bouar-Oct-Nov-2020-Rainy-Anopheles-funestus-1_S22,NODE_27_length_2183_cov_14.866825,Partitiviridae,Central African Republic,Bouar,Nov-20,2020,Rainy,Anopheles funestus,469,2921539,944465,496.58,Bouar partiti-like virus 4,Bouar partiti-like virus 4  isolate CAR1521
HVM35BGXH_Bangui-Bouar-Oct-Nov-2020-Rainy-Anopheles-funestus-1_S22,NODE_10_length_3217_cov_311.184160,Tombusviridae,Central African Republic,Bouar,Nov-20,2020,Rainy,Anopheles funestus,15016,2921539,944465,15898.95,Bouar tombus-like virus 1,Bouar tombus-like virus 1  isolate CAR1525
HVM35BGXH_Bangui-Bouar-Oct-Nov-2020-Rainy-Anopheles-funestus-1_S22,NODE_28_length_2167_cov_24.186246,Partitiviridae,Central African Republic,Bouar,Nov-20,2020,Rainy,Anopheles funestus,724,2921539,944465,766.57,Bouar partiti-like virus 3,Bouar partiti-like virus 3  isolate CAR1520
HVM35BGXH_Bangui-Bouar-Oct-Nov-2020-Rainy-Anopheles-funestus-1_S22,NODE_42_length_1742_cov_4.575195,Qinviridae,Central African Republic,Bouar,Nov-20,2020,Rainy,Anopheles funestus,111,2921539,944465,117.53,Bouar qin-like virus 1,Bouar qin-like virus 1  isolate CAR1523
HVM35BGXH_Bangui-Bouar-Oct-Nov-2020-Rainy-Anopheles-funestus-1_S22,NODE_41_length_1743_cov_17.332934,Narnaviridae,Central African Republic,Bouar,Nov-20,2020,Rainy,Anopheles funestus,416,2921539,944465,440.46,Bouar narna-like virus 1,Bouar narna-like virus 1  isolate CAR1516
HVM35BGXH_Bangui-Bouar-Oct-Nov-2020-Rainy-Anopheles-funestus-1_S22,NODE_14_length_2791_cov_106.630611,Solemoviridae,Central African Republic,Bouar,Nov-20,2020,Rainy,Anopheles funestus,4129,2921539,944465,4371.79,Bouar solemo-like virus 1,Bouar solemo-like virus 1  isolate CAR1524
HVM35BGXH_Bangui-Bouar-Oct-Nov-2020-Rainy-Anopheles-funestus-1_S22,NODE_76_length_1253_cov_4718.546610,Partitiviridae,Central African Republic,Bouar,Nov-20,2020,Rainy,Anopheles funestus,82399,2921539,944465,87244.1,Bouar partiti-like virus 1,Bouar partiti-like virus 1  isolate CAR1519
HVM35BGXH_Bangui-Bouar-Oct-Nov-2020-Rainy-Anopheles-funestus-1_S22,NODE_95_length_1024_cov_2.365931,Orthototiviridae,Central African Republic,Bouar,Nov-20,2020,Rainy,Anopheles funestus,32,2921539,944465,33.88,Bouar orthototi-like virus 3,Bouar orthototi-like virus 3  isolate CAR1518
HVM35BGXH_Bangui-Bouar-Oct-Nov-2020-Rainy-Anopheles-funestus-2_S23,NODE_2_length_7187_cov_9897.803627,Orthototiviridae,Central African Republic,Bouar,Nov-20,2020,Rainy,Anopheles funestus,960627,2710317,2277288,421829.39,Bouar orthototi-like virus 2,Bouar orthototi-like virus 2  isolate CAR1530
HVM35BGXH_Bangui-Bouar-Oct-Nov-2020-Rainy-Anopheles-funestus-2_S23,NODE_51_length_2727_cov_2.337604,Metaviridae,Central African Republic,Bouar,Nov-20,2020,Rainy,Anopheles funestus,188,2710317,2277288,82.55,Bouar meta-like virus 10,Bouar meta-like virus 10  isolate CAR1527
HVM35BGXH_Bangui-Bouar-Oct-Nov-2020-Rainy-Anopheles-funestus-2_S23,NODE_210_length_1331_cov_1.502385,Metaviridae,Central African Republic,Bouar,Nov-20,2020,Rainy,Anopheles funestus,33,2710317,2277288,14.49,Bouar meta-like virus 13,Bouar meta-like virus 13  isolate CAR1528
HVM35BGXH_Bangui-Bouar-Oct-Nov-2020-Rainy-Anopheles-funestus-2_S23,NODE_392_length_1011_cov_0.759062,Metaviridae,Central African Republic,Bouar,Nov-20,2020,Rainy,Anopheles funestus,19,2710317,2277288,8.34,Bouar meta-like virus 14,Bouar meta-like virus 14  isolate CAR1529
HVM35BGXH_Bangui-Mbaiki-Sep-2020-Rainy-Aedes-albopictus-2_S6,NODE_175_length_2085_cov_2.237575,Metaviridae,Central African Republic,Mbaiki,Sep-20,2020,Rainy,Aedes albopictus,106,4794628,3682037,28.79,Mbaiki meta-like virus 13,Mbaiki meta-like virus 13  isolate CAR1531
HVM35BGXH_Bangui-Mbaiki-Sep-2020-Rainy-Aedes-albopictus-2_S6,NODE_233_length_1925_cov_1.265119,Metaviridae,Central African Republic,Mbaiki,Sep-20,2020,Rainy,Aedes albopictus,51,4794628,3682037,13.85,Mbaiki meta-like virus 19,Mbaiki meta-like virus 19  isolate CAR1532
HVM35BGXH_Bangui-Mbaiki-Sep-2020-Rainy-Aedes-albopictus-2_S6,NODE_213_length_1962_cov_0.988883,picorna,Central African Republic,Mbaiki,Sep-20,2020,Rainy,Aedes albopictus,50,4794628,3682037,13.58,Mbaiki picorna-like virus 1,Mbaiki picorna-like virus 1  isolate CAR1533
HVM35BGXH_Bangui-Mbaiki-Sep-2020-Rainy-Aedes-albopictus-3_S7,NODE_337_length_2381_cov_2.300260,Metaviridae,Central African Republic,Mbaiki,Sep-20,2020,Rainy,Aedes albopictus,116,5058597,4485414,25.86,Mbaiki meta-like virus 16,Mbaiki meta-like virus 16  isolate CAR1535
HVM35BGXH_Bangui-Mbaiki-Sep-2020-Rainy-Aedes-albopictus-3_S7,NODE_2671_length_1139_cov_4.020638,Metaviridae,Central African Republic,Mbaiki,Sep-20,2020,Rainy,Aedes albopictus,76,5058597,4485414,16.94,Mbaiki meta-like virus 17,Mbaiki meta-like virus 17  isolate CAR1536
HVM35BGXH_Bangui-Mbaiki-Sep-2020-Rainy-Aedes-albopictus-3_S7,NODE_2293_length_1213_cov_1.650877,Flaviviridae,Central African Republic,Mbaiki,Sep-20,2020,Rainy,Aedes albopictus,66,5058597,4485414,14.71,Mbaiki flavi-like virus 1,Mbaiki flavi-like virus 1  isolate CAR1534
HVM35BGXH_Bangui-Mbaiki-Sep-2020-Rainy-Aedes-albopictus-4_S8,NODE_2807_length_1025_cov_4.697479,Metaviridae,Central African Republic,Mbaiki,Sep-20,2020,Rainy,Aedes albopictus,150,4124058,3726192,40.26,Mbaiki meta-like virus 22,Mbaiki meta-like virus 22  isolate CAR1537
HVM35BGXH_Bangui-Mbaiki-Sep-2020-Rainy-Aedes-albopictus-5_S9,NODE_8_length_6537_cov_5.529703,Metaviridae,Central African Republic,Mbaiki,Sep-20,2020,Rainy,Aedes albopictus,776,7292113,6411427,121.03,Mbaiki meta-like virus 13,Mbaiki meta-like virus 13  isolate CAR1538
HVM35BGXH_Bangui-Mbaiki-Sep-2020-Rainy-Aedes-albopictus-5_S9,NODE_70_length_3915_cov_1.729308,Metaviridae,Central African Republic,Mbaiki,Sep-20,2020,Rainy,Aedes albopictus,188,7292113,6411427,29.32,Mbaiki meta-like virus 23,Mbaiki meta-like virus 23  isolate CAR1542
HVM35BGXH_Bangui-Mbaiki-Sep-2020-Rainy-Aedes-albopictus-5_S9,NODE_513_length_1955_cov_2.393199,Metaviridae,Central African Republic,Mbaiki,Sep-20,2020,Rainy,Aedes albopictus,102,7292113,6411427,15.91,Mbaiki meta-like virus 18,Mbaiki meta-like virus 18  isolate CAR1541
HVM35BGXH_Bangui-Mbaiki-Sep-2020-Rainy-Aedes-albopictus-5_S9,NODE_1720_length_1245_cov_2.072526,Metaviridae,Central African Republic,Mbaiki,Sep-20,2020,Rainy,Aedes albopictus,50,7292113,6411427,7.8,Mbaiki meta-like virus 24,Mbaiki meta-like virus 24  isolate CAR1543
HVM35BGXH_Bangui-Mbaiki-Sep-2020-Rainy-Aedes-albopictus-5_S9,NODE_1993_length_1179_cov_0.816456,Metaviridae,Central African Republic,Mbaiki,Sep-20,2020,Rainy,Aedes albopictus,31,7292113,6411427,4.84,Mbaiki meta-like virus 14,Mbaiki meta-like virus 14  isolate CAR1539
HVM35BGXH_Bangui-Mbaiki-Sep-2020-Rainy-Aedes-albopictus-5_S9,NODE_1638_length_1276_cov_1.932668,Partitiviridae,Central African Republic,Mbaiki,Sep-20,2020,Rainy,Aedes albopictus,31,7292113,6411427,4.84,Mbaiki partiti-like virus 1,Mbaiki partiti-like virus 1  isolate CAR1544
HVM35BGXH_Bangui-Mbaiki-Sep-2020-Rainy-Aedes-albopictus-5_S9,NODE_2867_length_1011_cov_1.734542,Metaviridae,Central African Republic,Mbaiki,Sep-20,2020,Rainy,Aedes albopictus,33,7292113,6411427,5.15,Mbaiki meta-like virus 16,Mbaiki meta-like virus 16  isolate CAR1540
HVM35BGXH_Bangui-Pissa-Sep-2020-Rainy-Aedes-aegypti-2_S10,NODE_11_length_4568_cov_2647.195328,Inseviridae,Central African Republic,Pissa,Sep-20,2020,Rainy,Aedes aegypti,169613,2823545,2753753,61593.4,Pissa inse-like virus 2,Pissa inse-like virus 2  isolate CAR1547
HVM35BGXH_Bangui-Pissa-Sep-2020-Rainy-Aedes-aegypti-2_S10,NODE_12_length_4563_cov_1982.942984,Inseviridae,Central African Republic,Pissa,Sep-20,2020,Rainy,Aedes aegypti,127019,2823545,2753753,46125.78,Pissa inse-like virus 1,Pissa inse-like virus 1  isolate CAR1546
HVM35BGXH_Bangui-Pissa-Sep-2020-Rainy-Aedes-aegypti-2_S10,NODE_655_length_1130_cov_3646.135289,Inseviridae,Central African Republic,Pissa,Sep-20,2020,Rainy,Aedes aegypti,56209,2823545,2753753,20411.78,Mosquito toti-like virus XZ15,Mosquito toti-like virus XZ15  isolate CAR1545
HVM35BGXH_Bangui-Pissa-Sep-2020-Rainy-Aedes-aegypti-2_S10,NODE_673_length_1122_cov_1.560534,Metaviridae,Central African Republic,Pissa,Sep-20,2020,Rainy,Aedes aegypti,34,2823545,2753753,12.35,Pissa meta-like virus 1,Pissa meta-like virus 1  isolate CAR1548
HVM35BGXH_Bangui-Pissa-Sep-2020-Rainy-Aedes-aegypti-2_S10,NODE_804_length_1051_cov_2.723926,Metaviridae,Central African Republic,Pissa,Sep-20,2020,Rainy,Aedes aegypti,46,2823545,2753753,16.7,Pissa meta-like virus 8,Pissa meta-like virus 8  isolate CAR1549
HVM35BGXH_Bangui-Pissa-Sep-2020-Rainy-Aedes-albopictus-2_S12,NODE_1785_length_1090_cov_2.685349,Metaviridae,Central African Republic,Pissa,Sep-20,2020,Rainy,Aedes albopictus,55,3850321,3512515,15.66,Pissa meta-like virus 14,Pissa meta-like virus 14  isolate CAR1550
HVM35BGXH_Bangui-Pissa-Sep-2020-Rainy-Aedes-albopictus-3_S13,NODE_169_length_3079_cov_1.524285,Metaviridae,Central African Republic,Pissa,Sep-20,2020,Rainy,Aedes albopictus,111,4988644,4396268,25.25,Pissa meta-like virus 14,Pissa meta-like virus 14  isolate CAR1551
HVM35BGXH_Bangui-Pissa-Sep-2020-Rainy-Aedes-albopictus-3_S13,NODE_2703_length_1097_cov_0.962891,Metaviridae,Central African Republic,Pissa,Sep-20,2020,Rainy,Aedes albopictus,36,4988644,4396268,8.19,Pissa meta-like virus 22,Pissa meta-like virus 22  isolate CAR1552
HVM35BGXH_Bangui-Pissa-Sep-2020-Rainy-Aedes-albopictus-4_S14,NODE_4_length_7335_cov_30.976040,Metaviridae,Central African Republic,Pissa,Sep-20,2020,Rainy,Aedes albopictus,3541,4115353,3611015,980.61,Pissa meta-like virus 34,Pissa meta-like virus 34  isolate CAR1554
HVM35BGXH_Bangui-Pissa-Sep-2020-Rainy-Aedes-albopictus-4_S14,NODE_1226_length_1191_cov_1.011628,Metaviridae,Central African Republic,Pissa,Sep-20,2020,Rainy,Aedes albopictus,21,4115353,3611015,5.82,Pissa meta-like virus 14,Pissa meta-like virus 14  isolate CAR1553
HVM35BGXH_Bangui-Pissa-Sep-2020-Rainy-Anopheles-gambiae-3_S16,NODE_734_length_1135_cov_1.536723,Metaviridae,Central African Republic,Pissa,Sep-20,2020,Rainy,Anopheles gambiae,74,2312848,1808696,40.91,Pissa meta-like virus 40,Pissa meta-like virus 40  isolate CAR1555
HVM35BGXH_Bangui-Pissa-Sep-2020-Rainy-Anopheles-gambiae-3_S16,NODE_1072_length_1021_cov_1.300633,Metaviridae,Central African Republic,Pissa,Sep-20,2020,Rainy,Anopheles gambiae,24,2312848,1808696,13.27,Pissa meta-like virus 42,Pissa meta-like virus 42  isolate CAR1557
HVM35BGXH_Bangui-Pissa-Sep-2020-Rainy-Anopheles-gambiae-3_S16,NODE_733_length_1137_cov_0.949248,Metaviridae,Central African Republic,Pissa,Sep-20,2020,Rainy,Anopheles gambiae,189,2312848,1808696,104.5,Pissa meta-like virus 41,Pissa meta-like virus 41  isolate CAR1556
HVM35BGXH_Madagascar-Ambato-Boeny-Feb-2021-Rainy-Anopheles-gambiae-1_S24,NODE_2_length_11940_cov_672.182523,Xinmoviridae,Madagascar,Ambato Boeny,Feb-21,2021,Rainy,Anopheles gambiae,114967,2854672,1683599,68286.45,Ambato Boeny xinmo-like virus 1,Ambato Boeny xinmo-like virus 1  isolate MAD1558
HVM35BGXH_Madagascar-Ambato-Boeny-Feb-2021-Rainy-Anopheles-gambiae-1_S24,NODE_294_length_1383_cov_1.606870,Flaviviridae,Madagascar,Ambato Boeny,Feb-21,2021,Rainy,Anopheles gambiae,28,2854672,1683599,16.63,Anopheles flavivirus variant 1,Anopheles flavivirus variant 1  isolate MAD1559
HVM35BGXH_Madagascar-Ambato-Boeny-Feb-2021-Rainy-Anopheles-gambiae-3_S25,NODE_1_length_11940_cov_191.624589,Xinmoviridae,Madagascar,Ambato Boeny,Feb-21,2021,Rainy,Anopheles gambiae,32990,3003187,1048979,31449.63,Ambato Boeny xinmo-like virus 1,Ambato Boeny xinmo-like virus 1  isolate MAD1572
HVM35BGXH_Madagascar-Ambato-Boeny-Feb-2021-Rainy-Anopheles-gambiae-3_S25,NODE_17_length_3463_cov_5.702950,Orthototiviridae,Madagascar,Ambato Boeny,Feb-21,2021,Rainy,Anopheles gambiae,406,3003187,1048979,387.04,Ambato Boeny orthototi-like virus 12,Ambato Boeny orthototi-like virus 12  isolate MAD1561
HVM35BGXH_Madagascar-Ambato-Boeny-Feb-2021-Rainy-Anopheles-gambiae-3_S25,NODE_5_length_5196_cov_6.140933,Orthototiviridae,Madagascar,Ambato Boeny,Feb-21,2021,Rainy,Anopheles gambiae,542,3003187,1048979,516.69,Ambato Boeny orthototi-like virus 9,Ambato Boeny orthototi-like virus 9  isolate MAD1571
HVM35BGXH_Madagascar-Ambato-Boeny-Feb-2021-Rainy-Anopheles-gambiae-3_S25,NODE_6_length_5167_cov_8.586572,Orthototiviridae,Madagascar,Ambato Boeny,Feb-21,2021,Rainy,Anopheles gambiae,653,3003187,1048979,622.51,Ambato Boeny orthototi-like virus 18,Ambato Boeny orthototi-like virus 18  isolate MAD1565
HVM35BGXH_Madagascar-Ambato-Boeny-Feb-2021-Rainy-Anopheles-gambiae-3_S25,NODE_30_length_2566_cov_15.579623,Orthototiviridae,Madagascar,Ambato Boeny,Feb-21,2021,Rainy,Anopheles gambiae,934,3003187,1048979,890.39,Ambato Boeny orthototi-like virus 10,Ambato Boeny orthototi-like virus 10  isolate MAD1560
HVM35BGXH_Madagascar-Ambato-Boeny-Feb-2021-Rainy-Anopheles-gambiae-3_S25,NODE_10_length_4992_cov_7.710510,Orthototiviridae,Madagascar,Ambato Boeny,Feb-21,2021,Rainy,Anopheles gambiae,584,3003187,1048979,556.73,Ambato Boeny orthototi-like virus 15,Ambato Boeny orthototi-like virus 15  isolate MAD1562
HVM35BGXH_Madagascar-Ambato-Boeny-Feb-2021-Rainy-Anopheles-gambiae-3_S25,NODE_36_length_2330_cov_34.930882,Orthototiviridae,Madagascar,Ambato Boeny,Feb-21,2021,Rainy,Anopheles gambiae,1285,3003187,1048979,1225,Ambato Boeny orthototi-like virus 17,Ambato Boeny orthototi-like virus 17  isolate MAD1564
HVM35BGXH_Madagascar-Ambato-Boeny-Feb-2021-Rainy-Anopheles-gambiae-3_S25,NODE_41_length_2271_cov_4.781165,Orthototiviridae,Madagascar,Ambato Boeny,Feb-21,2021,Rainy,Anopheles gambiae,241,3003187,1048979,229.75,Ambato Boeny orthototi-like virus 19,Ambato Boeny orthototi-like virus 19  isolate MAD1566
HVM35BGXH_Madagascar-Ambato-Boeny-Feb-2021-Rainy-Anopheles-gambiae-3_S25,NODE_23_length_3017_cov_3.147418,Orthototiviridae,Madagascar,Ambato Boeny,Feb-21,2021,Rainy,Anopheles gambiae,265,3003187,1048979,252.63,Ambato Boeny orthototi-like virus 8,Ambato Boeny orthototi-like virus 8  isolate MAD1570
HVM35BGXH_Madagascar-Ambato-Boeny-Feb-2021-Rainy-Anopheles-gambiae-3_S25,NODE_110_length_1495_cov_5.656821,Orthototiviridae,Madagascar,Ambato Boeny,Feb-21,2021,Rainy,Anopheles gambiae,223,3003187,1048979,212.59,Ambato Boeny orthototi-like virus 6,Ambato Boeny orthototi-like virus 6  isolate MAD1569
HVM35BGXH_Madagascar-Ambato-Boeny-Feb-2021-Rainy-Anopheles-gambiae-3_S25,NODE_140_length_1357_cov_2.985981,Orthototiviridae,Madagascar,Ambato Boeny,Feb-21,2021,Rainy,Anopheles gambiae,52,3003187,1048979,49.57,Ambato Boeny orthototi-like virus 2,Ambato Boeny orthototi-like virus 2  isolate MAD1567
HVM35BGXH_Madagascar-Ambato-Boeny-Feb-2021-Rainy-Anopheles-gambiae-3_S25,NODE_163_length_1274_cov_1.641132,Orthototiviridae,Madagascar,Ambato Boeny,Feb-21,2021,Rainy,Anopheles gambiae,28,3003187,1048979,26.69,Ambato Boeny orthototi-like virus 16,Ambato Boeny orthototi-like virus 16  isolate MAD1563
HVM35BGXH_Madagascar-Ambato-Boeny-Feb-2021-Rainy-Anopheles-gambiae-3_S25,NODE_257_length_1032_cov_3.123045,Orthototiviridae,Madagascar,Ambato Boeny,Feb-21,2021,Rainy,Anopheles gambiae,43,3003187,1048979,40.99,Ambato Boeny orthototi-like virus 20,Ambato Boeny orthototi-like virus 20  isolate MAD1568
HVM35BGXH_Madagascar-Ambato-Boeny-Feb-2021-Rainy-Anopheles-gambiae-5_S26,NODE_1_length_11946_cov_209.538280,Xinmoviridae,Madagascar,Ambato Boeny,Feb-21,2021,Rainy,Anopheles gambiae,35918,3273517,927699,38717.3,Ambato Boeny xinmo-like virus 2,Ambato Boeny xinmo-like virus 2  isolate MAD1573
HVM35BGXH_Madagascar-Ambato-Boeny-Feb-2021-Rainy-Culex-antennatus-1_S27,NODE_29_length_3953_cov_4.294072,Metaviridae,Madagascar,Ambato Boeny,Feb-21,2021,Rainy,Culex antennatus,399,3449038,2343823,170.23,Ambato Boeny meta-like virus 17,Ambato Boeny meta-like virus 17  isolate MAD1574
HVM35BGXH_Madagascar-Ambato-Boeny-Feb-2021-Rainy-Culex-antennatus-1_S27,NODE_41_length_3543_cov_2536.125648,Chrysoviridae,Madagascar,Ambato Boeny,Feb-21,2021,Rainy,Culex antennatus,123471,3449038,2343823,52679.32,Chrysoviridae sp.,Chrysoviridae sp.  isolate MAD1575
HVM35BGXH_Madagascar-Ambato-Boeny-Feb-2021-Rainy-Culex-antennatus-2_S28,NODE_43_length_3532_cov_4362.115351,Chrysoviridae,Madagascar,Ambato Boeny,Feb-21,2021,Rainy,Culex antennatus,212583,4344385,2995702,70962.67,Chrysoviridae sp.,Chrysoviridae sp.  isolate MAD1576
HVM35BGXH_Madagascar-Ambato-Boeny-Feb-2021-Rainy-Culex-antennatus-3_S29,NODE_3_length_11008_cov_24.062003,Kitaviridae,Madagascar,Ambato Boeny,Feb-21,2021,Rainy,Culex antennatus,4205,4787975,3320356,1266.43,Culex pipiens-associated Tunisia virus,Culex pipiens-associated Tunisia virus  isolate MAD1580
HVM35BGXH_Madagascar-Ambato-Boeny-Feb-2021-Rainy-Culex-antennatus-3_S29,NODE_2_length_13301_cov_176.956078,Rhabdoviridae,Madagascar,Ambato Boeny,Feb-21,2021,Rainy,Culex antennatus,34636,4787975,3320356,10431.41,Ambato Boeny rhabdo-like virus 1,Ambato Boeny rhabdo-like virus 1  isolate MAD1578
HVM35BGXH_Madagascar-Ambato-Boeny-Feb-2021-Rainy-Culex-antennatus-3_S29,NODE_38_length_4423_cov_6.953103,Metaviridae,Madagascar,Ambato Boeny,Feb-21,2021,Rainy,Culex antennatus,695,4787975,3320356,209.31,Ambato Boeny meta-like virus 17,Ambato Boeny meta-like virus 17  isolate MAD1577
HVM35BGXH_Madagascar-Ambato-Boeny-Feb-2021-Rainy-Culex-antennatus-3_S29,NODE_63_length_3559_cov_3738.006311,Chrysoviridae,Madagascar,Ambato Boeny,Feb-21,2021,Rainy,Culex antennatus,200544,4787975,3320356,60398.34,Chrysoviridae sp.,Chrysoviridae sp.  isolate MAD1579
HVM35BGXH_Madagascar-Ambato-Boeny-Feb-2021-Rainy-Culex-tritaeniorhynchus-1_S30,NODE_1_length_11555_cov_4956.138565,Polycipiviridae,Madagascar,Ambato Boeny,Feb-21,2021,Rainy,Culex tritaeniorhynchus,813444,3126830,2599784,312889.07,Picornavirus ishikawaense,Picornavirus ishikawaense  isolate MAD1582
HVM35BGXH_Madagascar-Ambato-Boeny-Feb-2021-Rainy-Culex-tritaeniorhynchus-1_S30,NODE_83_length_2529_cov_3.211319,Orthototiviridae,Madagascar,Ambato Boeny,Feb-21,2021,Rainy,Culex tritaeniorhynchus,150,3126830,2599784,57.7,XiangYun toti-like virus 5,XiangYun toti-like virus 5  isolate MAD1583
HVM35BGXH_Madagascar-Ambato-Boeny-Feb-2021-Rainy-Culex-tritaeniorhynchus-1_S30,NODE_61_length_2859_cov_184.207107,Tombusviridae,Madagascar,Ambato Boeny,Feb-21,2021,Rainy,Culex tritaeniorhynchus,7664,3126830,2599784,2947.94,Culex associated luteo like virus,Culex associated luteo like virus  isolate MAD1581
HVM35BGXH_Madagascar-Ambato-Boeny-Feb-2021-Rainy-Culex-tritaeniorhynchus-2_S31,NODE_18_length_4277_cov_2.643197,Metaviridae,Madagascar,Ambato Boeny,Feb-21,2021,Rainy,Culex tritaeniorhynchus,234,3020998,1873060,124.93,Ambato Boeny meta-like virus 21,Ambato Boeny meta-like virus 21  isolate MAD1584
HVM35BGXH_Madagascar-Ambato-Boeny-Feb-2021-Rainy-Culex-tritaeniorhynchus-2_S31,NODE_2_length_7013_cov_25.458357,Orthototiviridae,Madagascar,Ambato Boeny,Feb-21,2021,Rainy,Culex tritaeniorhynchus,2694,3020998,1873060,1438.29,XiangYun toti-like virus 5,XiangYun toti-like virus 5  isolate MAD1585
HVM35BGXH_Madagascar-Ambato-Boeny-Feb-2021-Rainy-Culex-tritaeniorhynchus-3_S32,NODE_25_length_4378_cov_2.133333,Metaviridae,Madagascar,Ambato Boeny,Feb-21,2021,Rainy,Culex tritaeniorhynchus,226,3051095,2623039,86.16,Ambato Boeny meta-like virus 21,Ambato Boeny meta-like virus 21  isolate MAD1586
HVM35BGXH_Madagascar-Ambato-Boeny-Feb-2021-Rainy-Culex-tritaeniorhynchus-3_S32,NODE_3_length_7060_cov_89.746386,Orthototiviridae,Madagascar,Ambato Boeny,Feb-21,2021,Rainy,Culex tritaeniorhynchus,9062,3051095,2623039,3454.77,XiangYun toti-like virus 5,XiangYun toti-like virus 5  isolate MAD1589
HVM35BGXH_Madagascar-Ambato-Boeny-Feb-2021-Rainy-Culex-tritaeniorhynchus-3_S32,NODE_246_length_1809_cov_2.080645,Metaviridae,Madagascar,Ambato Boeny,Feb-21,2021,Rainy,Culex tritaeniorhynchus,69,3051095,2623039,26.31,Ambato Boeny meta-like virus 22,Ambato Boeny meta-like virus 22  isolate MAD1587
HVM35BGXH_Madagascar-Ambato-Boeny-Feb-2021-Rainy-Culex-tritaeniorhynchus-3_S32,NODE_91_length_2799_cov_323.271093,Tombusviridae,Madagascar,Ambato Boeny,Feb-21,2021,Rainy,Culex tritaeniorhynchus,12551,3051095,2623039,4784.91,Culex associated luteo like virus,Culex associated luteo like virus  isolate MAD1588
HVM35BGXH_Madagascar-Ambato-Boeny-Feb-2021-Rainy-Culex-univittatus-1_S33,NODE_27_length_4716_cov_10.013784,Spinareovirales,Madagascar,Ambato Boeny,Feb-21,2021,Rainy,Culex quinquefasciatus,646,2720897,1541790,418.99,Ambato Boeny spinareo-like virus 1,Ambato Boeny spinareo-like virus 1  isolate MAD1592
HVM35BGXH_Madagascar-Ambato-Boeny-Feb-2021-Rainy-Culex-univittatus-1_S33,NODE_22_length_5335_cov_17.598062,Nudiviridae,Madagascar,Ambato Boeny,Feb-21,2021,Rainy,Culex quinquefasciatus,1419,2720897,1541790,920.36,Ambato Boeny nudi-like virus 1,Ambato Boeny nudi-like virus 1  isolate MAD1590
HVM35BGXH_Madagascar-Ambato-Boeny-Feb-2021-Rainy-Culex-univittatus-1_S33,NODE_83_length_2415_cov_2.459863,Orthototiviridae,Madagascar,Ambato Boeny,Feb-21,2021,Rainy,Culex quinquefasciatus,93,2720897,1541790,60.32,Ambato Boeny orthototi-like virus 21,Ambato Boeny orthototi-like virus 21  isolate MAD1591
HVM35BGXH_Madagascar-Ambato-Boeny-Feb-2021-Rainy-Culex-univittatus-1_S33,NODE_150_length_1537_cov_8247.450137,Partitiviridae,Madagascar,Ambato Boeny,Feb-21,2021,Rainy,Culex quinquefasciatus,165050,2720897,1541790,107050.9,XiangYun partiti-picobirna-like virus 2,XiangYun partiti-picobirna-like virus 2  isolate MAD1594
HVM35BGXH_Madagascar-Ambato-Boeny-Feb-2021-Rainy-Culex-univittatus-1_S33,NODE_61_length_3144_cov_108.293064,Solemoviridae,Madagascar,Ambato Boeny,Feb-21,2021,Rainy,Culex quinquefasciatus,4706,2720897,1541790,3052.3,Wenzhou sobemo-like virus 4,Wenzhou sobemo-like virus 4  isolate MAD1593
HVM35BGXH_Madagascar-Amparafaravola-Feb-2021-Rainy-Anopheles-gambiae-1_S36,NODE_1_length_10681_cov_36.915158,Flaviviridae,Madagascar,Amparafaravola,Feb-21,2021,Rainy,Anopheles gambiae,5643,3124754,1260540,4476.65,Anopheles flavivirus variant 1,Anopheles flavivirus variant 1  isolate MAD1596
HVM35BGXH_Madagascar-Amparafaravola-Feb-2021-Rainy-Anopheles-gambiae-1_S36,NODE_107_length_1688_cov_1.919505,Metaviridae,Madagascar,Amparafaravola,Feb-21,2021,Rainy,Anopheles gambiae,58,3124754,1260540,46.01,Amparafaravola meta-like virus 3,Amparafaravola meta-like virus 3  isolate MAD1595
HVM35BGXH_Madagascar-Amparafaravola-Feb-2021-Rainy-Anopheles-gambiae-4_S37,NODE_12_length_6100_cov_14.224490,Metaviridae,Madagascar,Amparafaravola,Feb-21,2021,Rainy,Anopheles gambiae,1656,4192894,3187633,519.51,Amparafaravola meta-like virus 3,Amparafaravola meta-like virus 3  isolate MAD1598
HVM35BGXH_Madagascar-Amparafaravola-Feb-2021-Rainy-Anopheles-gambiae-4_S37,NODE_52_length_4237_cov_2.841499,Metaviridae,Madagascar,Amparafaravola,Feb-21,2021,Rainy,Anopheles gambiae,237,4192894,3187633,74.35,Amparafaravola meta-like virus 2,Amparafaravola meta-like virus 2  isolate MAD1597
HVM35BGXH_Madagascar-Amparafaravola-Feb-2021-Rainy-Anopheles-gambiae-4_S37,NODE_426_length_1394_cov_1.696442,Metaviridae,Madagascar,Amparafaravola,Feb-21,2021,Rainy,Anopheles gambiae,43,4192894,3187633,13.49,Amparafaravola meta-like virus 4,Amparafaravola meta-like virus 4  isolate MAD1599
HVM35BGXH_Madagascar-Amparafaravola-Feb-2021-Rainy-Anopheles-gambiae-4_S37,NODE_423_length_1397_cov_1.318731,Metaviridae,Madagascar,Amparafaravola,Feb-21,2021,Rainy,Anopheles gambiae,37,4192894,3187633,11.61,Amparafaravola meta-like virus 9,Amparafaravola meta-like virus 9  isolate MAD1600
HVM35BGXH_Madagascar-Amparafaravola-Feb-2021-Rainy-Anopheles-gambiae-5_S38,NODE_3_length_10691_cov_112.619326,Flaviviridae,Madagascar,Amparafaravola,Feb-21,2021,Rainy,Anopheles gambiae,17322,5456392,2801730,6182.61,Anopheles flavivirus variant 1,Anopheles flavivirus variant 1  isolate MAD1608
HVM35BGXH_Madagascar-Amparafaravola-Feb-2021-Rainy-Anopheles-gambiae-5_S38,NODE_30_length_5277_cov_2.476749,Metaviridae,Madagascar,Amparafaravola,Feb-21,2021,Rainy,Anopheles gambiae,274,5456392,2801730,97.8,Amparafaravola meta-like virus 4,Amparafaravola meta-like virus 4  isolate MAD1604
HVM35BGXH_Madagascar-Amparafaravola-Feb-2021-Rainy-Anopheles-gambiae-5_S38,NODE_5_length_7282_cov_3.234013,Metaviridae,Madagascar,Amparafaravola,Feb-21,2021,Rainy,Anopheles gambiae,444,5456392,2801730,158.47,Amparafaravola meta-like virus 9,Amparafaravola meta-like virus 9  isolate MAD1607
HVM35BGXH_Madagascar-Amparafaravola-Feb-2021-Rainy-Anopheles-gambiae-5_S38,NODE_32_length_5210_cov_7.538447,Metaviridae,Madagascar,Amparafaravola,Feb-21,2021,Rainy,Anopheles gambiae,853,5456392,2801730,304.45,Amparafaravola meta-like virus 3,Amparafaravola meta-like virus 3  isolate MAD1603
HVM35BGXH_Madagascar-Amparafaravola-Feb-2021-Rainy-Anopheles-gambiae-5_S38,NODE_141_length_2604_cov_1.728961,Metaviridae,Madagascar,Amparafaravola,Feb-21,2021,Rainy,Anopheles gambiae,96,5456392,2801730,34.26,Amparafaravola meta-like virus 11,Amparafaravola meta-like virus 11  isolate MAD1602
HVM35BGXH_Madagascar-Amparafaravola-Feb-2021-Rainy-Anopheles-gambiae-5_S38,NODE_213_length_2042_cov_2.630269,Metaviridae,Madagascar,Amparafaravola,Feb-21,2021,Rainy,Anopheles gambiae,81,5456392,2801730,28.91,Amparafaravola meta-like virus 5,Amparafaravola meta-like virus 5  isolate MAD1605
HVM35BGXH_Madagascar-Amparafaravola-Feb-2021-Rainy-Anopheles-gambiae-5_S38,NODE_1306_length_1027_cov_1.838574,Metaviridae,Madagascar,Amparafaravola,Feb-21,2021,Rainy,Anopheles gambiae,33,5456392,2801730,11.78,Amparafaravola meta-like virus 8,Amparafaravola meta-like virus 8  isolate MAD1606
HVM35BGXH_Madagascar-Amparafaravola-Feb-2021-Rainy-Anopheles-gambiae-5_S38,NODE_1019_length_1097_cov_1.384766,Metaviridae,Madagascar,Amparafaravola,Feb-21,2021,Rainy,Anopheles gambiae,32,5456392,2801730,11.42,Amparafaravola meta-like virus 10,Amparafaravola meta-like virus 10  isolate MAD1601
HVM35BGXH_Madagascar-Amparafaravola-Feb-2021-Rainy-Culex-antennatus-1_S39,NODE_2_length_9831_cov_7993.862574,picorna,Madagascar,Amparafaravola,Feb-21,2021,Rainy,Culex antennatus,1096064,3196383,2144723,511051.54,Mosquito picorna-like virus XZ3,Mosquito picorna-like virus XZ3  isolate MAD1610
HVM35BGXH_Madagascar-Amparafaravola-Feb-2021-Rainy-Culex-antennatus-1_S39,NODE_1_length_10987_cov_24.792377,Kitaviridae,Madagascar,Amparafaravola,Feb-21,2021,Rainy,Culex antennatus,3857,3196383,2144723,1798.37,Culex pipiens-associated Tunisia virus,Culex pipiens-associated Tunisia virus  isolate MAD1609
HVM35BGXH_Madagascar-Amparafaravola-Feb-2021-Rainy-Culex-antennatus-2_S40,NODE_1_length_11805_cov_52.576287,Rhabdoviridae,Madagascar,Amparafaravola,Feb-21,2021,Rainy,Culex antennatus,8758,3298328,876288,9994.43,Merida virus,Merida virus  isolate MAD1622
HVM35BGXH_Madagascar-Amparafaravola-Feb-2021-Rainy-Culex-antennatus-2_S40,NODE_5_length_3469_cov_5.559187,Qinviridae,Madagascar,Amparafaravola,Feb-21,2021,Rainy,Culex antennatus,555,3298328,876288,633.35,Amparafaravola qin-like virus 1,Amparafaravola qin-like virus 1  isolate MAD1620
HVM35BGXH_Madagascar-Amparafaravola-Feb-2021-Rainy-Culex-antennatus-2_S40,NODE_10_length_2884_cov_2.976165,Aspiviridae,Madagascar,Amparafaravola,Feb-21,2021,Rainy,Culex antennatus,134,3298328,876288,152.92,Amparafaravola aspi-like virus 1,Amparafaravola aspi-like virus 1  isolate MAD1611
HVM35BGXH_Madagascar-Amparafaravola-Feb-2021-Rainy-Culex-antennatus-2_S40,NODE_13_length_2544_cov_41.308782,Narnaviridae,Madagascar,Amparafaravola,Feb-21,2021,Rainy,Culex antennatus,2126,3298328,876288,2426.15,Amparafaravola narna-like virus 2,Amparafaravola narna-like virus 2  isolate MAD1614
HVM35BGXH_Madagascar-Amparafaravola-Feb-2021-Rainy-Culex-antennatus-2_S40,NODE_16_length_2345_cov_152.741197,Partitiviridae,Madagascar,Amparafaravola,Feb-21,2021,Rainy,Culex antennatus,4926,3298328,876288,5621.44,Amparafaravola partiti-like virus 4,Amparafaravola partiti-like virus 4  isolate MAD1616
HVM35BGXH_Madagascar-Amparafaravola-Feb-2021-Rainy-Culex-antennatus-2_S40,NODE_18_length_2168_cov_11.006683,Partitiviridae,Madagascar,Amparafaravola,Feb-21,2021,Rainy,Culex antennatus,337,3298328,876288,384.58,Amparafaravola partiti-like virus 5,Amparafaravola partiti-like virus 5  isolate MAD1617
HVM35BGXH_Madagascar-Amparafaravola-Feb-2021-Rainy-Culex-antennatus-2_S40,NODE_31_length_1750_cov_2.022063,Yueviridae,Madagascar,Amparafaravola,Feb-21,2021,Rainy,Culex antennatus,49,3298328,876288,55.92,Amparafaravola yue-like virus 1,Amparafaravola yue-like virus 1  isolate MAD1621
HVM35BGXH_Madagascar-Amparafaravola-Feb-2021-Rainy-Culex-antennatus-2_S40,NODE_26_length_1861_cov_4.289709,Partitiviridae,Madagascar,Amparafaravola,Feb-21,2021,Rainy,Culex antennatus,112,3298328,876288,127.81,Amparafaravola partiti-like virus 3,Amparafaravola partiti-like virus 3  isolate MAD1615
HVM35BGXH_Madagascar-Amparafaravola-Feb-2021-Rainy-Culex-antennatus-2_S40,NODE_52_length_1519_cov_3.356155,Benyviridae,Madagascar,Amparafaravola,Feb-21,2021,Rainy,Culex antennatus,93,3298328,876288,106.13,Amparafaravola beny-like virus 1,Amparafaravola beny-like virus 1  isolate MAD1612
HVM35BGXH_Madagascar-Amparafaravola-Feb-2021-Rainy-Culex-antennatus-2_S40,NODE_54_length_1509_cov_2.871170,Partitiviridae,Madagascar,Amparafaravola,Feb-21,2021,Rainy,Culex antennatus,61,3298328,876288,69.61,Amparafaravola partiti-like virus 6,Amparafaravola partiti-like virus 6  isolate MAD1618
HVM35BGXH_Madagascar-Amparafaravola-Feb-2021-Rainy-Culex-antennatus-2_S40,NODE_62_length_1341_cov_2.787855,Partitiviridae,Madagascar,Amparafaravola,Feb-21,2021,Rainy,Culex antennatus,69,3298328,876288,78.74,Amparafaravola partiti-like virus 7,Amparafaravola partiti-like virus 7  isolate MAD1619
HVM35BGXH_Madagascar-Amparafaravola-Feb-2021-Rainy-Culex-antennatus-2_S40,NODE_2_length_6232_cov_4.736808,Flaviviridae,Madagascar,Amparafaravola,Feb-21,2021,Rainy,Culex antennatus,441,3298328,876288,503.26,Amparafaravola flavi-like virus 1,Amparafaravola flavi-like virus 1  isolate MAD1613
HVM35BGXH_Madagascar-Amparafaravola-Feb-2021-Rainy-Culex-antennatus-3_S41,NODE_2_length_9783_cov_2755.913285,picorna,Madagascar,Amparafaravola,Feb-21,2021,Rainy,Culex antennatus,371480,3224119,1725140,215333.25,Mosquito picorna-like virus XZ3,Mosquito picorna-like virus XZ3  isolate MAD1624
HVM35BGXH_Madagascar-Amparafaravola-Feb-2021-Rainy-Culex-antennatus-3_S41,NODE_1_length_11821_cov_99.101038,Rhabdoviridae,Madagascar,Amparafaravola,Feb-21,2021,Rainy,Culex antennatus,16522,3224119,1725140,9577.19,Merida virus,Merida virus  isolate MAD1623
HVM35BGXH_Madagascar-Amparafaravola-Feb-2021-Rainy-Culex-quinquefasciatus-1_S42,NODE_1_length_12934_cov_3731.679652,Iflaviridae,Madagascar,Amparafaravola,Feb-21,2021,Rainy,Culex quinquefasciatus,661507,8302090,5713846,115772.63,Amparafaravola ifla-like virus 1,Amparafaravola ifla-like virus 1  isolate MAD1628
HVM35BGXH_Madagascar-Amparafaravola-Feb-2021-Rainy-Culex-quinquefasciatus-1_S42,NODE_3_length_10208_cov_87.802368,Dicistroviridae,Madagascar,Amparafaravola,Feb-21,2021,Rainy,Culex quinquefasciatus,12486,8302090,5713846,2185.22,Amparafaravola dicistro-like virus 1,Amparafaravola dicistro-like virus 1  isolate MAD1626
HVM35BGXH_Madagascar-Amparafaravola-Feb-2021-Rainy-Culex-quinquefasciatus-1_S42,NODE_135_length_3523_cov_2148.766377,Chrysoviridae,Madagascar,Amparafaravola,Feb-21,2021,Rainy,Culex quinquefasciatus,105817,8302090,5713846,18519.4,Shuangao chryso-like virus 1,Shuangao chryso-like virus 1  isolate MAD1633
HVM35BGXH_Madagascar-Amparafaravola-Feb-2021-Rainy-Culex-quinquefasciatus-1_S42,NODE_145_length_3391_cov_7.372514,Dicistroviridae,Madagascar,Amparafaravola,Feb-21,2021,Rainy,Culex quinquefasciatus,359,8302090,5713846,62.83,Mosquito picorna-like virus YN6,Mosquito picorna-like virus YN6  isolate MAD1632
HVM35BGXH_Madagascar-Amparafaravola-Feb-2021-Rainy-Culex-quinquefasciatus-1_S42,NODE_21_length_6193_cov_7.089706,Orthototiviridae,Madagascar,Amparafaravola,Feb-21,2021,Rainy,Culex quinquefasciatus,793,8302090,5713846,138.78,Ghabrivirales sp.,Ghabrivirales sp.  isolate MAD1631
HVM35BGXH_Madagascar-Amparafaravola-Feb-2021-Rainy-Culex-quinquefasciatus-1_S42,NODE_113_length_3887_cov_13.857105,Parvoviridae,Madagascar,Amparafaravola,Feb-21,2021,Rainy,Culex quinquefasciatus,775,8302090,5713846,135.64,Aedes aegypti densovirus 2,Aedes aegypti densovirus 2  isolate MAD1625
HVM35BGXH_Madagascar-Amparafaravola-Feb-2021-Rainy-Culex-quinquefasciatus-1_S42,NODE_67_length_4593_cov_3.105973,Orthototiviridae,Madagascar,Amparafaravola,Feb-21,2021,Rainy,Culex quinquefasciatus,196,8302090,5713846,34.3,Amparafaravola orthototi-like virus 2,Amparafaravola orthototi-like virus 2  isolate MAD1629
HVM35BGXH_Madagascar-Amparafaravola-Feb-2021-Rainy-Culex-quinquefasciatus-1_S42,NODE_8_length_7490_cov_13.434947,Endornaviridae,Madagascar,Amparafaravola,Feb-21,2021,Rainy,Culex quinquefasciatus,1809,8302090,5713846,316.6,Amparafaravola endorna-like virus 1,Amparafaravola endorna-like virus 1  isolate MAD1627
HVM35BGXH_Madagascar-Amparafaravola-Feb-2021-Rainy-Culex-quinquefasciatus-1_S42,NODE_886_length_1379_cov_1.915008,Nudiviridae,Madagascar,Amparafaravola,Feb-21,2021,Rainy,Culex quinquefasciatus,37,8302090,5713846,6.48,Arthas virus,Arthas virus  isolate MAD1630
HVM35BGXH_Madagascar-Amparafaravola-Feb-2021-Rainy-Culex-quinquefasciatus-2_S43,NODE_3_length_10070_cov_22924.603381,Iflaviridae,Madagascar,Amparafaravola,Feb-21,2021,Rainy,Culex quinquefasciatus,3210372,7906969,7279368,441023.45,Mosquito picorna-like virus XZ1,Mosquito picorna-like virus XZ1  isolate MAD1650
HVM35BGXH_Madagascar-Amparafaravola-Feb-2021-Rainy-Culex-quinquefasciatus-2_S43,NODE_4_length_9230_cov_2167.690619,Nodaviridae,Madagascar,Amparafaravola,Feb-21,2021,Rainy,Culex quinquefasciatus,281317,7906969,7279368,38645.8,Biggievirus Mos11,Biggievirus Mos11  isolate MAD1648
HVM35BGXH_Madagascar-Amparafaravola-Feb-2021-Rainy-Culex-quinquefasciatus-2_S43,NODE_36_length_5239_cov_5.633372,Endornaviridae,Madagascar,Amparafaravola,Feb-21,2021,Rainy,Culex quinquefasciatus,484,7906969,7279368,66.49,Amparafaravola endorna-like virus 2,Amparafaravola endorna-like virus 2  isolate MAD1635
HVM35BGXH_Madagascar-Amparafaravola-Feb-2021-Rainy-Culex-quinquefasciatus-2_S43,NODE_6_length_7793_cov_34.297021,Orthototiviridae,Madagascar,Amparafaravola,Feb-21,2021,Rainy,Culex quinquefasciatus,4020,7906969,7279368,552.25,Ghabrivirales sp.,Ghabrivirales sp.  isolate MAD1649
HVM35BGXH_Madagascar-Amparafaravola-Feb-2021-Rainy-Culex-quinquefasciatus-2_S43,NODE_117_length_3520_cov_2097.673049,Chrysoviridae,Madagascar,Amparafaravola,Feb-21,2021,Rainy,Culex quinquefasciatus,105181,7906969,7279368,14449.19,Shuangao chryso-like virus 1,Shuangao chryso-like virus 1  isolate MAD1651
HVM35BGXH_Madagascar-Amparafaravola-Feb-2021-Rainy-Culex-quinquefasciatus-2_S43,NODE_154_length_3134_cov_2404.477295,Iflaviridae,Madagascar,Amparafaravola,Feb-21,2021,Rainy,Culex quinquefasciatus,109416,7906969,7279368,15030.98,Amparafaravola ifla-like virus 1,Amparafaravola ifla-like virus 1  isolate MAD1636
HVM35BGXH_Madagascar-Amparafaravola-Feb-2021-Rainy-Culex-quinquefasciatus-2_S43,NODE_126_length_3400_cov_35.213706,Partitiviridae,Madagascar,Amparafaravola,Feb-21,2021,Rainy,Culex quinquefasciatus,1802,7906969,7279368,247.55,Amparafaravola partiti-like virus 8,Amparafaravola partiti-like virus 8  isolate MAD1647
HVM35BGXH_Madagascar-Amparafaravola-Feb-2021-Rainy-Culex-quinquefasciatus-2_S43,NODE_200_length_2695_cov_5.577803,Orthototiviridae,Madagascar,Amparafaravola,Feb-21,2021,Rainy,Culex quinquefasciatus,309,7906969,7279368,42.45,Amparafaravola orthototi-like virus 3,Amparafaravola orthototi-like virus 3  isolate MAD1642
HVM35BGXH_Madagascar-Amparafaravola-Feb-2021-Rainy-Culex-quinquefasciatus-2_S43,NODE_205_length_2617_cov_4.260613,Orthototiviridae,Madagascar,Amparafaravola,Feb-21,2021,Rainy,Culex quinquefasciatus,278,7906969,7279368,38.19,Amparafaravola orthototi-like virus 4,Amparafaravola orthototi-like virus 4  isolate MAD1643
HVM35BGXH_Madagascar-Amparafaravola-Feb-2021-Rainy-Culex-quinquefasciatus-2_S43,NODE_210_length_2585_cov_4.495223,Orthototiviridae,Madagascar,Amparafaravola,Feb-21,2021,Rainy,Culex quinquefasciatus,249,7906969,7279368,34.21,Amparafaravola orthototi-like virus 5,Amparafaravola orthototi-like virus 5  isolate MAD1644
HVM35BGXH_Madagascar-Amparafaravola-Feb-2021-Rainy-Culex-quinquefasciatus-2_S43,NODE_218_length_2533_cov_7.071138,Orthototiviridae,Madagascar,Amparafaravola,Feb-21,2021,Rainy,Culex quinquefasciatus,384,7906969,7279368,52.75,Amparafaravola orthototi-like virus 6,Amparafaravola orthototi-like virus 6  isolate MAD1645
HVM35BGXH_Madagascar-Amparafaravola-Feb-2021-Rainy-Culex-quinquefasciatus-2_S43,NODE_245_length_2377_cov_103.739149,Mitoviridae,Madagascar,Amparafaravola,Feb-21,2021,Rainy,Culex quinquefasciatus,3517,7906969,7279368,483.15,Amparafaravola mito-like virus 2,Amparafaravola mito-like virus 2  isolate MAD1639
HVM35BGXH_Madagascar-Amparafaravola-Feb-2021-Rainy-Culex-quinquefasciatus-2_S43,NODE_335_length_2043_cov_9.481726,Metaviridae,Madagascar,Amparafaravola,Feb-21,2021,Rainy,Culex quinquefasciatus,386,7906969,7279368,53.03,Amparafaravola meta-like virus 13,Amparafaravola meta-like virus 13  isolate MAD1637
HVM35BGXH_Madagascar-Amparafaravola-Feb-2021-Rainy-Culex-quinquefasciatus-2_S43,NODE_411_length_1834_cov_6.458262,Mitoviridae,Madagascar,Amparafaravola,Feb-21,2021,Rainy,Culex quinquefasciatus,167,7906969,7279368,22.94,Amparafaravola mito-like virus 1,Amparafaravola mito-like virus 1  isolate MAD1638
HVM35BGXH_Madagascar-Amparafaravola-Feb-2021-Rainy-Culex-quinquefasciatus-2_S43,NODE_521_length_1641_cov_1.734056,Orthototiviridae,Madagascar,Amparafaravola,Feb-21,2021,Rainy,Culex quinquefasciatus,40,7906969,7279368,5.49,Amparafaravola orthototi-like virus 2,Amparafaravola orthototi-like virus 2  isolate MAD1641
HVM35BGXH_Madagascar-Amparafaravola-Feb-2021-Rainy-Culex-quinquefasciatus-2_S43,NODE_548_length_1596_cov_5.426789,Narnaviridae,Madagascar,Amparafaravola,Feb-21,2021,Rainy,Culex quinquefasciatus,159,7906969,7279368,21.84,Amparafaravola narna-like virus 3,Amparafaravola narna-like virus 3  isolate MAD1640
HVM35BGXH_Madagascar-Amparafaravola-Feb-2021-Rainy-Culex-quinquefasciatus-2_S43,NODE_8_length_7506_cov_7.814745,Endornaviridae,Madagascar,Amparafaravola,Feb-21,2021,Rainy,Culex quinquefasciatus,1032,7906969,7279368,141.77,Amparafaravola endorna-like virus 1,Amparafaravola endorna-like virus 1  isolate MAD1634
HVM35BGXH_Madagascar-Amparafaravola-Feb-2021-Rainy-Culex-quinquefasciatus-2_S43,NODE_1048_length_1161_cov_5.173713,Orthototiviridae,Madagascar,Amparafaravola,Feb-21,2021,Rainy,Culex quinquefasciatus,178,7906969,7279368,24.45,Amparafaravola orthototi-like virus 7,Amparafaravola orthototi-like virus 7  isolate MAD1646
HVM35BGXH_Madagascar-Amparafaravola-Feb-2021-Rainy-Culex-quinquefasciatus-3_S44,NODE_1_length_10015_cov_5657.986220,Iflaviridae,Madagascar,Amparafaravola,Feb-21,2021,Rainy,Culex quinquefasciatus,771807,3090789,2716176,284152.06,Mosquito picorna-like virus XZ1,Mosquito picorna-like virus XZ1  isolate MAD1653
HVM35BGXH_Madagascar-Amparafaravola-Feb-2021-Rainy-Culex-quinquefasciatus-3_S44,NODE_52_length_3518_cov_319.863861,Chrysoviridae,Madagascar,Amparafaravola,Feb-21,2021,Rainy,Culex quinquefasciatus,16126,3090789,2716176,5937.02,Shuangao chryso-like virus 1,Shuangao chryso-like virus 1  isolate MAD1654
HVM35BGXH_Madagascar-Amparafaravola-Feb-2021-Rainy-Culex-quinquefasciatus-3_S44,NODE_82_length_3135_cov_384.448073,Iflaviridae,Madagascar,Amparafaravola,Feb-21,2021,Rainy,Culex quinquefasciatus,17589,3090789,2716176,6475.65,Amparafaravola ifla-like virus 1,Amparafaravola ifla-like virus 1  isolate MAD1652
HVM35BGXH_Madagascar-Amparafaravola-Feb-2021-Rainy-Mansonia-uniformis-2_S48,NODE_2_length_7079_cov_16.477733,Metaviridae,Madagascar,Amparafaravola,Feb-21,2021,Rainy,Mansonia uniformis,2433,3833228,3597099,676.38,Amparafaravola meta-like virus 15,Amparafaravola meta-like virus 15  isolate MAD1655
HVM35BGXH_Madagascar-Amparafaravola-Feb-2021-Rainy-Mansonia-uniformis-2_S48,NODE_75_length_2802_cov_3.319897,Metaviridae,Madagascar,Amparafaravola,Feb-21,2021,Rainy,Mansonia uniformis,265,3833228,3597099,73.67,Amparafaravola meta-like virus 16,Amparafaravola meta-like virus 16  isolate MAD1656
HVM35BGXH_Madagascar-Amparafaravola-Feb-2021-Rainy-Mansonia-uniformis-2_S48,NODE_79_length_2716_cov_1.193719,Metaviridae,Madagascar,Amparafaravola,Feb-21,2021,Rainy,Mansonia uniformis,156,3833228,3597099,43.37,Amparafaravola meta-like virus 22,Amparafaravola meta-like virus 22  isolate MAD1660
HVM35BGXH_Madagascar-Amparafaravola-Feb-2021-Rainy-Mansonia-uniformis-2_S48,NODE_12_length_4750_cov_3.976053,Rhabdoviridae,Madagascar,Amparafaravola,Feb-21,2021,Rainy,Mansonia uniformis,263,3833228,3597099,73.11,Amparafaravola rhabdo-like virus 1,Amparafaravola rhabdo-like virus 1  isolate MAD1664
HVM35BGXH_Madagascar-Amparafaravola-Feb-2021-Rainy-Mansonia-uniformis-2_S48,NODE_157_length_2035_cov_0.986748,Metaviridae,Madagascar,Amparafaravola,Feb-21,2021,Rainy,Mansonia uniformis,143,3833228,3597099,39.75,Amparafaravola meta-like virus 21,Amparafaravola meta-like virus 21  isolate MAD1659
HVM35BGXH_Madagascar-Amparafaravola-Feb-2021-Rainy-Mansonia-uniformis-2_S48,NODE_106_length_2359_cov_2.534558,Metaviridae,Madagascar,Amparafaravola,Feb-21,2021,Rainy,Mansonia uniformis,115,3833228,3597099,31.97,Amparafaravola meta-like virus 30,Amparafaravola meta-like virus 30  isolate MAD1662
HVM35BGXH_Madagascar-Amparafaravola-Feb-2021-Rainy-Mansonia-uniformis-2_S48,NODE_393_length_1406_cov_1.740435,Metaviridae,Madagascar,Amparafaravola,Feb-21,2021,Rainy,Mansonia uniformis,235,3833228,3597099,65.33,Amparafaravola meta-like virus 18,Amparafaravola meta-like virus 18  isolate MAD1657
HVM35BGXH_Madagascar-Amparafaravola-Feb-2021-Rainy-Mansonia-uniformis-2_S48,NODE_64_length_3014_cov_80.938796,Solemoviridae,Madagascar,Amparafaravola,Feb-21,2021,Rainy,Mansonia uniformis,3384,3833228,3597099,940.76,Amparafaravola solemo-like virus 2,Amparafaravola solemo-like virus 2  isolate MAD1665
HVM35BGXH_Madagascar-Amparafaravola-Feb-2021-Rainy-Mansonia-uniformis-2_S48,NODE_450_length_1324_cov_1.166267,Metaviridae,Madagascar,Amparafaravola,Feb-21,2021,Rainy,Mansonia uniformis,192,3833228,3597099,53.38,Amparafaravola meta-like virus 19,Amparafaravola meta-like virus 19  isolate MAD1658
HVM35BGXH_Madagascar-Amparafaravola-Feb-2021-Rainy-Mansonia-uniformis-2_S48,NODE_651_length_1101_cov_1.234436,Metaviridae,Madagascar,Amparafaravola,Feb-21,2021,Rainy,Mansonia uniformis,48,3833228,3597099,13.34,Amparafaravola meta-like virus 31,Amparafaravola meta-like virus 31  isolate MAD1663
HVM35BGXH_Madagascar-Amparafaravola-Feb-2021-Rainy-Mansonia-uniformis-2_S48,NODE_152_length_2063_cov_1.192965,Metaviridae,Madagascar,Amparafaravola,Feb-21,2021,Rainy,Mansonia uniformis,92,3833228,3597099,25.58,Amparafaravola meta-like virus 26,Amparafaravola meta-like virus 26  isolate MAD1661
HVM35BGXH_Madagascar-Amparafaravola-Feb-2021-Rainy-Mansonia-uniformis-3_S49,NODE_2_length_7545_cov_11.265257,Metaviridae,Madagascar,Amparafaravola,Feb-21,2021,Rainy,Mansonia uniformis,16658,14059476,12584123,1323.73,Amparafaravola meta-like virus 22,Amparafaravola meta-like virus 22  isolate MAD1673
HVM35BGXH_Madagascar-Amparafaravola-Feb-2021-Rainy-Mansonia-uniformis-3_S49,NODE_9_length_7081_cov_8.939070,Metaviridae,Madagascar,Amparafaravola,Feb-21,2021,Rainy,Mansonia uniformis,1983,14059476,12584123,157.58,Amparafaravola meta-like virus 19,Amparafaravola meta-like virus 19  isolate MAD1670
HVM35BGXH_Madagascar-Amparafaravola-Feb-2021-Rainy-Mansonia-uniformis-3_S49,NODE_8_length_7091_cov_21.651040,Metaviridae,Madagascar,Amparafaravola,Feb-21,2021,Rainy,Mansonia uniformis,6561,14059476,12584123,521.37,Amparafaravola meta-like virus 16,Amparafaravola meta-like virus 16  isolate MAD1667
HVM35BGXH_Madagascar-Amparafaravola-Feb-2021-Rainy-Mansonia-uniformis-3_S49,NODE_87_length_4523_cov_6.928090,Metaviridae,Madagascar,Amparafaravola,Feb-21,2021,Rainy,Mansonia uniformis,806,14059476,12584123,64.05,Amparafaravola meta-like virus 41,Amparafaravola meta-like virus 41  isolate MAD1688
HVM35BGXH_Madagascar-Amparafaravola-Feb-2021-Rainy-Mansonia-uniformis-3_S49,NODE_113_length_4313_cov_4.165094,Metaviridae,Madagascar,Amparafaravola,Feb-21,2021,Rainy,Mansonia uniformis,475,14059476,12584123,37.75,Amparafaravola meta-like virus 42,Amparafaravola meta-like virus 42  isolate MAD1689
HVM35BGXH_Madagascar-Amparafaravola-Feb-2021-Rainy-Mansonia-uniformis-3_S49,NODE_12_length_6918_cov_55.549452,Metaviridae,Madagascar,Amparafaravola,Feb-21,2021,Rainy,Mansonia uniformis,8758,14059476,12584123,695.96,Amparafaravola meta-like virus 15,Amparafaravola meta-like virus 15  isolate MAD1666
HVM35BGXH_Madagascar-Amparafaravola-Feb-2021-Rainy-Mansonia-uniformis-3_S49,NODE_222_length_3392_cov_7.552877,Metaviridae,Madagascar,Amparafaravola,Feb-21,2021,Rainy,Mansonia uniformis,1176,14059476,12584123,93.45,Amparafaravola meta-like virus 21,Amparafaravola meta-like virus 21  isolate MAD1672
HVM35BGXH_Madagascar-Amparafaravola-Feb-2021-Rainy-Mansonia-uniformis-3_S49,NODE_79_length_4747_cov_2.639495,Metaviridae,Madagascar,Amparafaravola,Feb-21,2021,Rainy,Mansonia uniformis,747,14059476,12584123,59.36,Amparafaravola meta-like virus 28,Amparafaravola meta-like virus 28  isolate MAD1676
HVM35BGXH_Madagascar-Amparafaravola-Feb-2021-Rainy-Mansonia-uniformis-3_S49,NODE_7_length_7117_cov_33.621238,Orthototiviridae,Madagascar,Amparafaravola,Feb-21,2021,Rainy,Mansonia uniformis,3424,14059476,12584123,272.09,Amparafaravola orthototi-like virus 10,Amparafaravola orthototi-like virus 10  isolate MAD1690
HVM35BGXH_Madagascar-Amparafaravola-Feb-2021-Rainy-Mansonia-uniformis-3_S49,NODE_4_length_7337_cov_12.274642,Metaviridae,Madagascar,Amparafaravola,Feb-21,2021,Rainy,Mansonia uniformis,2226,14059476,12584123,176.89,Amparafaravola meta-like virus 18,Amparafaravola meta-like virus 18  isolate MAD1669
HVM35BGXH_Madagascar-Amparafaravola-Feb-2021-Rainy-Mansonia-uniformis-3_S49,NODE_399_length_2582_cov_7.000399,Metaviridae,Madagascar,Amparafaravola,Feb-21,2021,Rainy,Mansonia uniformis,412,14059476,12584123,32.74,Amparafaravola meta-like virus 39,Amparafaravola meta-like virus 39  isolate MAD1686
HVM35BGXH_Madagascar-Amparafaravola-Feb-2021-Rainy-Mansonia-uniformis-3_S49,NODE_382_length_2648_cov_3.723495,Metaviridae,Madagascar,Amparafaravola,Feb-21,2021,Rainy,Mansonia uniformis,444,14059476,12584123,35.29,Amparafaravola meta-like virus 29,Amparafaravola meta-like virus 29  isolate MAD1677
HVM35BGXH_Madagascar-Amparafaravola-Feb-2021-Rainy-Mansonia-uniformis-3_S49,NODE_29_length_6158_cov_17.750698,Metaviridae,Madagascar,Amparafaravola,Feb-21,2021,Rainy,Mansonia uniformis,2790,14059476,12584123,221.71,Amparafaravola meta-like virus 17,Amparafaravola meta-like virus 17  isolate MAD1668
HVM35BGXH_Madagascar-Amparafaravola-Feb-2021-Rainy-Mansonia-uniformis-3_S49,NODE_187_length_3618_cov_2.792102,Metaviridae,Madagascar,Amparafaravola,Feb-21,2021,Rainy,Mansonia uniformis,395,14059476,12584123,31.39,Amparafaravola meta-like virus 31,Amparafaravola meta-like virus 31  isolate MAD1678
HVM35BGXH_Madagascar-Amparafaravola-Feb-2021-Rainy-Mansonia-uniformis-3_S49,NODE_330_length_2806_cov_3.189901,picorna,Madagascar,Amparafaravola,Feb-21,2021,Rainy,Mansonia uniformis,380,14059476,12584123,30.2,Amparafaravola picorna-like virus 1,Amparafaravola picorna-like virus 1  isolate MAD1691
HVM35BGXH_Madagascar-Amparafaravola-Feb-2021-Rainy-Mansonia-uniformis-3_S49,NODE_640_length_2047_cov_4.594732,Metaviridae,Madagascar,Amparafaravola,Feb-21,2021,Rainy,Mansonia uniformis,56003,14059476,12584123,4450.29,Amparafaravola meta-like virus 34,Amparafaravola meta-like virus 34  isolate MAD1681
HVM35BGXH_Madagascar-Amparafaravola-Feb-2021-Rainy-Mansonia-uniformis-3_S49,NODE_827_length_1805_cov_4.945150,Metaviridae,Madagascar,Amparafaravola,Feb-21,2021,Rainy,Mansonia uniformis,268,14059476,12584123,21.3,Amparafaravola meta-like virus 25,Amparafaravola meta-like virus 25  isolate MAD1674
HVM35BGXH_Madagascar-Amparafaravola-Feb-2021-Rainy-Mansonia-uniformis-3_S49,NODE_819_length_1821_cov_0.979977,Metaviridae,Madagascar,Amparafaravola,Feb-21,2021,Rainy,Mansonia uniformis,363,14059476,12584123,28.85,Amparafaravola meta-like virus 37,Amparafaravola meta-like virus 37  isolate MAD1684
HVM35BGXH_Madagascar-Amparafaravola-Feb-2021-Rainy-Mansonia-uniformis-3_S49,NODE_142_length_4078_cov_4.452185,Metaviridae,Madagascar,Amparafaravola,Feb-21,2021,Rainy,Mansonia uniformis,534,14059476,12584123,42.43,Amparafaravola meta-like virus 33,Amparafaravola meta-like virus 33  isolate MAD1680
HVM35BGXH_Madagascar-Amparafaravola-Feb-2021-Rainy-Mansonia-uniformis-3_S49,NODE_228_length_3350_cov_3.626182,Metaviridae,Madagascar,Amparafaravola,Feb-21,2021,Rainy,Mansonia uniformis,425,14059476,12584123,33.77,Amparafaravola meta-like virus 20,Amparafaravola meta-like virus 20  isolate MAD1671
HVM35BGXH_Madagascar-Amparafaravola-Feb-2021-Rainy-Mansonia-uniformis-3_S49,NODE_423_length_2527_cov_1.978403,Metaviridae,Madagascar,Amparafaravola,Feb-21,2021,Rainy,Mansonia uniformis,2309,14059476,12584123,183.49,Amparafaravola meta-like virus 35,Amparafaravola meta-like virus 35  isolate MAD1682
HVM35BGXH_Madagascar-Amparafaravola-Feb-2021-Rainy-Mansonia-uniformis-3_S49,NODE_427_length_2517_cov_2.565466,Metaviridae,Madagascar,Amparafaravola,Feb-21,2021,Rainy,Mansonia uniformis,282,14059476,12584123,22.41,Amparafaravola meta-like virus 36,Amparafaravola meta-like virus 36  isolate MAD1683
HVM35BGXH_Madagascar-Amparafaravola-Feb-2021-Rainy-Mansonia-uniformis-3_S49,NODE_1229_length_1519_cov_5.727524,Metaviridae,Madagascar,Amparafaravola,Feb-21,2021,Rainy,Mansonia uniformis,166,14059476,12584123,13.19,Amparafaravola meta-like virus 38,Amparafaravola meta-like virus 38  isolate MAD1685
HVM35BGXH_Madagascar-Amparafaravola-Feb-2021-Rainy-Mansonia-uniformis-3_S49,NODE_2293_length_1128_cov_2.920379,Metaviridae,Madagascar,Amparafaravola,Feb-21,2021,Rainy,Mansonia uniformis,98,14059476,12584123,7.79,Amparafaravola meta-like virus 26,Amparafaravola meta-like virus 26  isolate MAD1675
HVM35BGXH_Madagascar-Amparafaravola-Feb-2021-Rainy-Mansonia-uniformis-3_S49,NODE_2457_length_1094_cov_1.909892,Metaviridae,Madagascar,Amparafaravola,Feb-21,2021,Rainy,Mansonia uniformis,52,14059476,12584123,4.13,Amparafaravola meta-like virus 40,Amparafaravola meta-like virus 40  isolate MAD1687
HVM35BGXH_Madagascar-Amparafaravola-Feb-2021-Rainy-Mansonia-uniformis-3_S49,NODE_2540_length_1078_cov_1.490547,Metaviridae,Madagascar,Amparafaravola,Feb-21,2021,Rainy,Mansonia uniformis,84,14059476,12584123,6.68,Amparafaravola meta-like virus 32,Amparafaravola meta-like virus 32  isolate MAD1679
HVM35BGXH_Madagascar-Mampikony-Feb-2021-Rainy-Anopheles-coustani-1_S50,NODE_60_length_4398_cov_2.323699,Metaviridae,Madagascar,Mampikony,Feb-21,2021,Rainy,Anopheles coustani,300,6157105,4219398,71.1,Mampikony meta-like virus 7,Mampikony meta-like virus 7  isolate MAD1694
HVM35BGXH_Madagascar-Mampikony-Feb-2021-Rainy-Anopheles-coustani-1_S50,NODE_214_length_2864_cov_1292.433895,Solemoviridae,Madagascar,Mampikony,Feb-21,2021,Rainy,Anopheles coustani,50550,6157105,4219398,11980.38,Mampikony solemo-like virus 1,Mampikony solemo-like virus 1  isolate MAD1696
HVM35BGXH_Madagascar-Mampikony-Feb-2021-Rainy-Anopheles-coustani-1_S50,NODE_3825_length_1068_cov_1.859296,Metaviridae,Madagascar,Mampikony,Feb-21,2021,Rainy,Anopheles coustani,29,6157105,4219398,6.87,Mampikony meta-like virus 9,Mampikony meta-like virus 9  isolate MAD1695
HVM35BGXH_Madagascar-Mampikony-Feb-2021-Rainy-Anopheles-coustani-1_S50,NODE_3789_length_1072_cov_1.339339,Metaviridae,Madagascar,Mampikony,Feb-21,2021,Rainy,Anopheles coustani,43,6157105,4219398,10.19,Mampikony meta-like virus 17,Mampikony meta-like virus 17  isolate MAD1693
HVM35BGXH_Madagascar-Mampikony-Feb-2021-Rainy-Anopheles-coustani-1_S50,NODE_2378_length_1270_cov_0.999165,Metaviridae,Madagascar,Mampikony,Feb-21,2021,Rainy,Anopheles coustani,25,6157105,4219398,5.93,Mampikony meta-like virus 1,Mampikony meta-like virus 1  isolate MAD1692
HVM35BGXH_Madagascar-Mampikony-Feb-2021-Rainy-Anopheles-coustani-3_S52,NODE_4_length_7490_cov_5.600243,Metaviridae,Madagascar,Mampikony,Feb-21,2021,Rainy,Anopheles coustani,853,3279915,3133839,272.19,Mampikony meta-like virus 7,Mampikony meta-like virus 7  isolate MAD1704
HVM35BGXH_Madagascar-Mampikony-Feb-2021-Rainy-Anopheles-coustani-3_S52,NODE_10_length_6302_cov_2.606197,Metaviridae,Madagascar,Mampikony,Feb-21,2021,Rainy,Anopheles coustani,328,3279915,3133839,104.66,Mampikony meta-like virus 1,Mampikony meta-like virus 1  isolate MAD1697
HVM35BGXH_Madagascar-Mampikony-Feb-2021-Rainy-Anopheles-coustani-3_S52,NODE_30_length_4973_cov_2.523878,Metaviridae,Madagascar,Mampikony,Feb-21,2021,Rainy,Anopheles coustani,232,3279915,3133839,74.03,Mampikony meta-like virus 2,Mampikony meta-like virus 2  isolate MAD1699
HVM35BGXH_Madagascar-Mampikony-Feb-2021-Rainy-Anopheles-coustani-3_S52,NODE_32_length_4889_cov_3.192691,Metaviridae,Madagascar,Mampikony,Feb-21,2021,Rainy,Anopheles coustani,440,3279915,3133839,140.4,Mampikony meta-like virus 9,Mampikony meta-like virus 9  isolate MAD1705
HVM35BGXH_Madagascar-Mampikony-Feb-2021-Rainy-Anopheles-coustani-3_S52,NODE_77_length_3572_cov_3.029151,Metaviridae,Madagascar,Mampikony,Feb-21,2021,Rainy,Anopheles coustani,313,3279915,3133839,99.88,Mampikony meta-like virus 4,Mampikony meta-like virus 4  isolate MAD1701
HVM35BGXH_Madagascar-Mampikony-Feb-2021-Rainy-Anopheles-coustani-3_S52,NODE_247_length_1901_cov_1.332604,Metaviridae,Madagascar,Mampikony,Feb-21,2021,Rainy,Anopheles coustani,60,3279915,3133839,19.15,Mampikony meta-like virus 3,Mampikony meta-like virus 3  isolate MAD1700
HVM35BGXH_Madagascar-Mampikony-Feb-2021-Rainy-Anopheles-coustani-3_S52,NODE_112_length_2825_cov_259.952762,Solemoviridae,Madagascar,Mampikony,Feb-21,2021,Rainy,Anopheles coustani,10148,3279915,3133839,3238.2,Mampikony solemo-like virus 1,Mampikony solemo-like virus 1  isolate MAD1706
HVM35BGXH_Madagascar-Mampikony-Feb-2021-Rainy-Anopheles-coustani-3_S52,NODE_416_length_1563_cov_1.269128,Metaviridae,Madagascar,Mampikony,Feb-21,2021,Rainy,Anopheles coustani,54,3279915,3133839,17.23,Mampikony meta-like virus 5,Mampikony meta-like virus 5  isolate MAD1702
HVM35BGXH_Madagascar-Mampikony-Feb-2021-Rainy-Anopheles-coustani-3_S52,NODE_1127_length_1181_cov_1.714801,Metaviridae,Madagascar,Mampikony,Feb-21,2021,Rainy,Anopheles coustani,44,3279915,3133839,14.04,Mampikony meta-like virus 6,Mampikony meta-like virus 6  isolate MAD1703
HVM35BGXH_Madagascar-Mampikony-Feb-2021-Rainy-Anopheles-coustani-3_S52,NODE_1355_length_1128_cov_1.763981,Metaviridae,Madagascar,Mampikony,Feb-21,2021,Rainy,Anopheles coustani,49,3279915,3133839,15.64,Mampikony meta-like virus 13,Mampikony meta-like virus 13  isolate MAD1698
HVM35BGXH_Madagascar-Mampikony-Feb-2021-Rainy-Anopheles-gambiae-1_S53,NODE_2_length_12458_cov_1388.849011,Xinmoviridae,Madagascar,Mampikony,Feb-21,2021,Rainy,Anopheles gambiae,242304,3514015,2993339,80947.73,Mampikony xinmo-like virus 1,Mampikony xinmo-like virus 1  isolate MAD1713
HVM35BGXH_Madagascar-Mampikony-Feb-2021-Rainy-Anopheles-gambiae-1_S53,NODE_3_length_7141_cov_10.430673,Metaviridae,Madagascar,Mampikony,Feb-21,2021,Rainy,Anopheles gambiae,7342,3514015,2993339,2452.78,Mampikony meta-like virus 19,Mampikony meta-like virus 19  isolate MAD1708
HVM35BGXH_Madagascar-Mampikony-Feb-2021-Rainy-Anopheles-gambiae-1_S53,NODE_21_length_5039_cov_1.838502,Metaviridae,Madagascar,Mampikony,Feb-21,2021,Rainy,Anopheles gambiae,182,3514015,2993339,60.8,Mampikony meta-like virus 21,Mampikony meta-like virus 21  isolate MAD1710
HVM35BGXH_Madagascar-Mampikony-Feb-2021-Rainy-Anopheles-gambiae-1_S53,NODE_89_length_2686_cov_1.622273,Metaviridae,Madagascar,Mampikony,Feb-21,2021,Rainy,Anopheles gambiae,117,3514015,2993339,39.09,Mampikony meta-like virus 29,Mampikony meta-like virus 29  isolate MAD1712
HVM35BGXH_Madagascar-Mampikony-Feb-2021-Rainy-Anopheles-gambiae-1_S53,NODE_107_length_2425_cov_1.641156,Metaviridae,Madagascar,Mampikony,Feb-21,2021,Rainy,Anopheles gambiae,114,3514015,2993339,38.08,Mampikony meta-like virus 24,Mampikony meta-like virus 24  isolate MAD1711
HVM35BGXH_Madagascar-Mampikony-Feb-2021-Rainy-Anopheles-gambiae-1_S53,NODE_418_length_1222_cov_2.204526,Metaviridae,Madagascar,Mampikony,Feb-21,2021,Rainy,Anopheles gambiae,76,3514015,2993339,25.39,Mampikony meta-like virus 20,Mampikony meta-like virus 20  isolate MAD1709
HVM35BGXH_Madagascar-Mampikony-Feb-2021-Rainy-Anopheles-gambiae-1_S53,NODE_457_length_1180_cov_1.788618,Metaviridae,Madagascar,Mampikony,Feb-21,2021,Rainy,Anopheles gambiae,47,3514015,2993339,15.7,Mampikony meta-like virus 18,Mampikony meta-like virus 18  isolate MAD1707
HVM35BGXH_Madagascar-Mampikony-Feb-2021-Rainy-Anopheles-gambiae-2_S54,NODE_2_length_10695_cov_588.943513,Flaviviridae,Madagascar,Mampikony,Feb-21,2021,Rainy,Anopheles gambiae,90411,4090573,3743236,24153.17,Anopheles flavivirus variant 1,Anopheles flavivirus variant 1  isolate MAD1714
HVM35BGXH_Madagascar-Mampikony-Feb-2021-Rainy-Anopheles-gambiae-2_S54,NODE_1_length_11930_cov_2593.104917,Xinmoviridae,Madagascar,Mampikony,Feb-21,2021,Rainy,Anopheles gambiae,431813,4090573,3743236,115358.21,Mampikony xinmo-like virus 1,Mampikony xinmo-like virus 1  isolate MAD1717
HVM35BGXH_Madagascar-Mampikony-Feb-2021-Rainy-Anopheles-gambiae-2_S54,NODE_18_length_5185_cov_9.848983,Metaviridae,Madagascar,Mampikony,Feb-21,2021,Rainy,Anopheles gambiae,1108,4090573,3743236,296,Mampikony meta-like virus 19,Mampikony meta-like virus 19  isolate MAD1716
HVM35BGXH_Madagascar-Mampikony-Feb-2021-Rainy-Anopheles-gambiae-2_S54,NODE_588_length_1458_cov_13.558123,Partitiviridae,Madagascar,Mampikony,Feb-21,2021,Rainy,Anopheles gambiae,277,4090573,3743236,74,Atrato Partiti-like virus 4,Atrato Partiti-like virus 4  isolate MAD1715
HVM35BGXH_Madagascar-Mampikony-Feb-2021-Rainy-Anopheles-gambiae-3_S55,NODE_2_length_10690_cov_266.694076,Flaviviridae,Madagascar,Mampikony,Feb-21,2021,Rainy,Anopheles gambiae,40989,4332104,3126301,13111.02,Anopheles flavivirus variant 1,Anopheles flavivirus variant 1  isolate MAD1718
HVM35BGXH_Madagascar-Mampikony-Feb-2021-Rainy-Anopheles-gambiae-3_S55,NODE_1_length_11994_cov_2743.881470,Xinmoviridae,Madagascar,Mampikony,Feb-21,2021,Rainy,Anopheles gambiae,461787,4332104,3126301,147710.35,Mampikony xinmo-like virus 1,Mampikony xinmo-like virus 1  isolate MAD1722
HVM35BGXH_Madagascar-Mampikony-Feb-2021-Rainy-Anopheles-gambiae-3_S55,NODE_44_length_2598_cov_2.182970,Metaviridae,Madagascar,Mampikony,Feb-21,2021,Rainy,Anopheles gambiae,1260,4332104,3126301,403.03,Mampikony meta-like virus 33,Mampikony meta-like virus 33  isolate MAD1721
HVM35BGXH_Madagascar-Mampikony-Feb-2021-Rainy-Anopheles-gambiae-3_S55,NODE_81_length_1867_cov_2.004459,Metaviridae,Madagascar,Mampikony,Feb-21,2021,Rainy,Anopheles gambiae,59,4332104,3126301,18.87,Mampikony meta-like virus 20,Mampikony meta-like virus 20  isolate MAD1719
HVM35BGXH_Madagascar-Mampikony-Feb-2021-Rainy-Anopheles-gambiae-3_S55,NODE_321_length_1060_cov_1.163121,Metaviridae,Madagascar,Mampikony,Feb-21,2021,Rainy,Anopheles gambiae,43,4332104,3126301,13.76,Mampikony meta-like virus 24,Mampikony meta-like virus 24  isolate MAD1720
HVM35BGXH_Madagascar-Mampikony-Feb-2021-Rainy-Anopheles-gambiae-4_S56,NODE_15_length_4834_cov_496.982357,Xinmoviridae,Madagascar,Mampikony,Feb-21,2021,Rainy,Anopheles gambiae,34603,3961843,1961062,17645.03,Mosquito mono-like virus YN13,Mosquito mono-like virus YN13  isolate MAD1728
HVM35BGXH_Madagascar-Mampikony-Feb-2021-Rainy-Anopheles-gambiae-4_S56,NODE_38_length_3371_cov_3.797756,Bromoviridae,Madagascar,Mampikony,Feb-21,2021,Rainy,Anopheles gambiae,176,3961843,1961062,89.75,Mampikony bromo-like virus 1,Mampikony bromo-like virus 1  isolate MAD1724
HVM35BGXH_Madagascar-Mampikony-Feb-2021-Rainy-Anopheles-gambiae-4_S56,NODE_3_length_6703_cov_435.278130,Xinmoviridae,Madagascar,Mampikony,Feb-21,2021,Rainy,Anopheles gambiae,42804,3961843,1961062,21826.95,Mampikony xinmo-like virus 1,Mampikony xinmo-like virus 1  isolate MAD1727
HVM35BGXH_Madagascar-Mampikony-Feb-2021-Rainy-Anopheles-gambiae-4_S56,NODE_7_length_5823_cov_5.684174,Metaviridae,Madagascar,Mampikony,Feb-21,2021,Rainy,Anopheles gambiae,690,3961843,1961062,351.85,Mampikony meta-like virus 19,Mampikony meta-like virus 19  isolate MAD1725
HVM35BGXH_Madagascar-Mampikony-Feb-2021-Rainy-Anopheles-gambiae-4_S56,NODE_160_length_1429_cov_1.771386,Chrysoviridae,Madagascar,Mampikony,Feb-21,2021,Rainy,Anopheles gambiae,33,3961843,1961062,16.83,Mosquito toti-like virus XZ8,Mosquito toti-like virus XZ8  isolate MAD1729
HVM35BGXH_Madagascar-Mampikony-Feb-2021-Rainy-Anopheles-gambiae-4_S56,NODE_182_length_1343_cov_1.374803,Flaviviridae,Madagascar,Mampikony,Feb-21,2021,Rainy,Anopheles gambiae,49,3961843,1961062,24.99,Anopheles flavivirus variant 1,Anopheles flavivirus variant 1  isolate MAD1723
HVM35BGXH_Madagascar-Mampikony-Feb-2021-Rainy-Anopheles-gambiae-4_S56,NODE_230_length_1217_cov_2.752622,Partitiviridae,Madagascar,Mampikony,Feb-21,2021,Rainy,Anopheles gambiae,263,3961843,1961062,134.11,Mampikony partiti-like virus 3,Mampikony partiti-like virus 3  isolate MAD1726
HVM35BGXH_Madagascar-Mampikony-Feb-2021-Rainy-Anopheles-gambiae-5_S57,NODE_3_length_10693_cov_37.760923,Flaviviridae,Madagascar,Mampikony,Feb-21,2021,Rainy,Anopheles gambiae,5770,3861233,2024676,2849.84,Anopheles flavivirus variant 1,Anopheles flavivirus variant 1  isolate MAD1730
HVM35BGXH_Madagascar-Mampikony-Feb-2021-Rainy-Anopheles-gambiae-5_S57,NODE_2_length_11944_cov_1013.536349,Xinmoviridae,Madagascar,Mampikony,Feb-21,2021,Rainy,Anopheles gambiae,171377,3861233,2024676,84644.16,Mampikony xinmo-like virus 1,Mampikony xinmo-like virus 1  isolate MAD1737
HVM35BGXH_Madagascar-Mampikony-Feb-2021-Rainy-Anopheles-gambiae-5_S57,NODE_6_length_6256_cov_157.076824,Orthototiviridae,Madagascar,Mampikony,Feb-21,2021,Rainy,Anopheles gambiae,14067,3861233,2024676,6947.78,Mampikony orthototi-like virus 1,Mampikony orthototi-like virus 1  isolate MAD1735
HVM35BGXH_Madagascar-Mampikony-Feb-2021-Rainy-Anopheles-gambiae-5_S57,NODE_5_length_6619_cov_8.059578,Metaviridae,Madagascar,Mampikony,Feb-21,2021,Rainy,Anopheles gambiae,1095,3861233,2024676,540.83,Mampikony meta-like virus 19,Mampikony meta-like virus 19  isolate MAD1731
HVM35BGXH_Madagascar-Mampikony-Feb-2021-Rainy-Anopheles-gambiae-5_S57,NODE_48_length_2878_cov_41.028877,Nodaviridae,Madagascar,Mampikony,Feb-21,2021,Rainy,Anopheles gambiae,1639,3861233,2024676,809.51,Mampikony noda-like virus 1,Mampikony noda-like virus 1  isolate MAD1734
HVM35BGXH_Madagascar-Mampikony-Feb-2021-Rainy-Anopheles-gambiae-5_S57,NODE_75_length_2303_cov_61.391480,Tombusviridae,Madagascar,Mampikony,Feb-21,2021,Rainy,Anopheles gambiae,1926,3861233,2024676,951.26,Mampikony tombus-like virus 1,Mampikony tombus-like virus 1  isolate MAD1736
HVM35BGXH_Madagascar-Mampikony-Feb-2021-Rainy-Anopheles-gambiae-5_S57,NODE_90_length_2086_cov_1.543467,Metaviridae,Madagascar,Mampikony,Feb-21,2021,Rainy,Anopheles gambiae,53,3861233,2024676,26.18,Mampikony meta-like virus 24,Mampikony meta-like virus 24  isolate MAD1733
HVM35BGXH_Madagascar-Mampikony-Feb-2021-Rainy-Anopheles-gambiae-5_S57,NODE_133_length_1743_cov_1.361677,Metaviridae,Madagascar,Mampikony,Feb-21,2021,Rainy,Anopheles gambiae,45,3861233,2024676,22.23,Mampikony meta-like virus 21,Mampikony meta-like virus 21  isolate MAD1732
HVM35BGXH_Madagascar-Mampikony-Feb-2021-Rainy-Culex-antennatus-1_S58,NODE_1_length_10969_cov_26.214482,Kitaviridae,Madagascar,Mampikony,Feb-21,2021,Rainy,Culex antennatus,4099,4312682,1784095,2297.52,Culex pipiens-associated Tunisia virus,Culex pipiens-associated Tunisia virus  isolate MAD1740
HVM35BGXH_Madagascar-Mampikony-Feb-2021-Rainy-Culex-antennatus-1_S58,NODE_6_length_3533_cov_3611.722832,Chrysoviridae,Madagascar,Mampikony,Feb-21,2021,Rainy,Culex antennatus,174613,4312682,1784095,97872.03,Chrysoviridae sp.,Chrysoviridae sp.  isolate MAD1738
HVM35BGXH_Madagascar-Mampikony-Feb-2021-Rainy-Culex-antennatus-1_S58,NODE_16_length_2801_cov_374.753666,Tombusviridae,Madagascar,Mampikony,Feb-21,2021,Rainy,Culex antennatus,14580,4312682,1784095,8172.21,Culex associated luteo like virus,Culex associated luteo like virus  isolate MAD1739
HVM35BGXH_Madagascar-Mampikony-Feb-2021-Rainy-Culex-antennatus-2_S59,NODE_12_length_3554_cov_840.801207,Chrysoviridae,Madagascar,Mampikony,Feb-21,2021,Rainy,Culex antennatus,41957,4067307,1718426,24415.95,Chrysoviridae sp.,Chrysoviridae sp.  isolate MAD1741
HVM35BGXH_Madagascar-Mampikony-Feb-2021-Rainy-Culex-antennatus-2_S59,NODE_21_length_3057_cov_3.646783,picorna,Madagascar,Mampikony,Feb-21,2021,Rainy,Culex antennatus,415,4067307,1718426,241.5,Mosquito picorna-like virus XZ3,Mosquito picorna-like virus XZ3  isolate MAD1744
HVM35BGXH_Madagascar-Mampikony-Feb-2021-Rainy-Culex-antennatus-2_S59,NODE_218_length_1208_cov_1.658150,Metaviridae,Madagascar,Mampikony,Feb-21,2021,Rainy,Culex antennatus,36,4067307,1718426,20.95,Mampikony meta-like virus 35,Mampikony meta-like virus 35  isolate MAD1742
HVM35BGXH_Madagascar-Mampikony-Feb-2021-Rainy-Culex-antennatus-2_S59,NODE_221_length_1205_cov_3.331272,picorna,Madagascar,Mampikony,Feb-21,2021,Rainy,Culex antennatus,54,4067307,1718426,31.42,Mampikony picorna-like virus 1,Mampikony picorna-like virus 1  isolate MAD1743
HVM35BGXH_Madagascar-Mampikony-Feb-2021-Rainy-Culex-antennatus-3_S60,NODE_7_length_3531_cov_7826.274147,Chrysoviridae,Madagascar,Mampikony,Feb-21,2021,Rainy,Culex antennatus,374438,5105059,2958695,126555.12,Chrysoviridae sp.,Chrysoviridae sp.  isolate MAD1745
HVM35BGXH_Madagascar-Mampikony-Feb-2021-Rainy-Culex-antennatus-3_S60,NODE_180_length_1192_cov_3.409294,Partitiviridae,Madagascar,Mampikony,Feb-21,2021,Rainy,Culex antennatus,54,5105059,2958695,18.25,Mampikony partiti-like virus 3,Mampikony partiti-like virus 3  isolate MAD1746
HVM35BGXH_Madagascar-Mampikony-Feb-2021-Rainy-Culex-bitaeniorhynchus-1_S61,NODE_24_length_4238_cov_6929.519088,Reovirales,Madagascar,Mampikony,Feb-21,2021,Rainy,Culex bitaeniorhynchus,396013,6276851,5742190,68965.5,Sanxia reo-like virus 1 len4705,Sanxia reo-like virus 1 len4705  isolate MAD1747
HVM35BGXH_Madagascar-Mampikony-Feb-2021-Rainy-Culex-bitaeniorhynchus-1_S61,NODE_816_length_1276_cov_5.582710,Partitiviridae,Madagascar,Mampikony,Feb-21,2021,Rainy,Culex bitaeniorhynchus,103,6276851,5742190,17.94,Wuhan spider virus 10,Wuhan spider virus 10  isolate MAD1748
HVM35BGXH_Madagascar-Mampikony-Feb-2021-Rainy-Culex-bitaeniorhynchus-2_S62,NODE_27_length_4200_cov_49.417979,Reovirales,Madagascar,Mampikony,Feb-21,2021,Rainy,Culex bitaeniorhynchus,2836,3686486,3271900,866.77,Sanxia reo-like virus 1 len4705,Sanxia reo-like virus 1 len4705  isolate MAD1749
HVM35BGXH_Madagascar-Mampikony-Feb-2021-Rainy-Culex-quinquefasciatus-3_S65,NODE_92_length_3485_cov_3.189039,Nudiviridae,Madagascar,Mampikony,Feb-21,2021,Rainy,Culex quinquefasciatus,168,5742055,3446694,48.74,Arthas virus,Arthas virus  isolate MAD1750
HVM35BGXH_Madagascar-Mampikony-Feb-2021-Rainy-Culex-quinquefasciatus-3_S65,NODE_475_length_1684_cov_3.790813,Dicistroviridae,Madagascar,Mampikony,Feb-21,2021,Rainy,Culex quinquefasciatus,382,5742055,3446694,110.83,Mosquito picorna-like virus HLJ1,Mosquito picorna-like virus HLJ1  isolate MAD1751
HVM35BGXH_Madagascar-Mampikony-Feb-2021-Rainy-Culex-tritaeniorhynchus-1_S66,NODE_65_length_4424_cov_7.907607,Metaviridae,Madagascar,Mampikony,Feb-21,2021,Rainy,Culex tritaeniorhynchus,759,8051317,6232713,121.78,Mampikony meta-like virus 41,Mampikony meta-like virus 41  isolate MAD1754
HVM35BGXH_Madagascar-Mampikony-Feb-2021-Rainy-Culex-tritaeniorhynchus-1_S66,NODE_5_length_7064_cov_153.271349,Orthototiviridae,Madagascar,Mampikony,Feb-21,2021,Rainy,Culex tritaeniorhynchus,15745,8051317,6232713,2526.19,XiangYun toti-like virus 5,XiangYun toti-like virus 5  isolate MAD1758
HVM35BGXH_Madagascar-Mampikony-Feb-2021-Rainy-Culex-tritaeniorhynchus-1_S66,NODE_475_length_2060_cov_2.744841,Chrysoviridae,Madagascar,Mampikony,Feb-21,2021,Rainy,Culex tritaeniorhynchus,88,8051317,6232713,14.12,Chrysoviridae sp.,Chrysoviridae sp.  isolate MAD1752
HVM35BGXH_Madagascar-Mampikony-Feb-2021-Rainy-Culex-tritaeniorhynchus-1_S66,NODE_509_length_2011_cov_8.198658,Nodaviridae,Madagascar,Mampikony,Feb-21,2021,Rainy,Culex tritaeniorhynchus,354,8051317,6232713,56.79,Mampikony noda-like virus 2,Mampikony noda-like virus 2  isolate MAD1756
HVM35BGXH_Madagascar-Mampikony-Feb-2021-Rainy-Culex-tritaeniorhynchus-1_S66,NODE_232_length_2827_cov_3436.573348,Tombusviridae,Madagascar,Mampikony,Feb-21,2021,Rainy,Culex tritaeniorhynchus,133588,8051317,6232713,21433.36,Culex associated luteo like virus,Culex associated luteo like virus  isolate MAD1753
HVM35BGXH_Madagascar-Mampikony-Feb-2021-Rainy-Culex-tritaeniorhynchus-1_S66,NODE_1201_length_1415_cov_3.119970,Metaviridae,Madagascar,Mampikony,Feb-21,2021,Rainy,Culex tritaeniorhynchus,80,8051317,6232713,12.84,Mampikony meta-like virus 42,Mampikony meta-like virus 42  isolate MAD1755
HVM35BGXH_Madagascar-Mampikony-Feb-2021-Rainy-Culex-tritaeniorhynchus-1_S66,NODE_1849_length_1204_cov_7.052166,Partitiviridae,Madagascar,Mampikony,Feb-21,2021,Rainy,Culex tritaeniorhynchus,129,8051317,6232713,20.7,Mampikony partiti-like virus 3,Mampikony partiti-like virus 3  isolate MAD1757
HVM35BGXH_Madagascar-Mampikony-Feb-2021-Rainy-Culex-tritaeniorhynchus-2_S67,NODE_1_length_7205_cov_539.617358,Orthototiviridae,Madagascar,Mampikony,Feb-21,2021,Rainy,Culex tritaeniorhynchus,57493,4363357,2669678,21535.56,XiangYun toti-like virus 5,XiangYun toti-like virus 5  isolate MAD1764
HVM35BGXH_Madagascar-Mampikony-Feb-2021-Rainy-Culex-tritaeniorhynchus-2_S67,NODE_183_length_1992_cov_2.259510,Chrysoviridae,Madagascar,Mampikony,Feb-21,2021,Rainy,Culex tritaeniorhynchus,62,4363357,2669678,23.22,Chrysoviridae sp.,Chrysoviridae sp.  isolate MAD1759
HVM35BGXH_Madagascar-Mampikony-Feb-2021-Rainy-Culex-tritaeniorhynchus-2_S67,NODE_224_length_1830_cov_1.547524,Metaviridae,Madagascar,Mampikony,Feb-21,2021,Rainy,Culex tritaeniorhynchus,55,4363357,2669678,20.6,Mampikony meta-like virus 42,Mampikony meta-like virus 42  isolate MAD1761
HVM35BGXH_Madagascar-Mampikony-Feb-2021-Rainy-Culex-tritaeniorhynchus-2_S67,NODE_89_length_2796_cov_642.204921,Tombusviridae,Madagascar,Mampikony,Feb-21,2021,Rainy,Culex tritaeniorhynchus,25145,4363357,2669678,9418.74,Culex associated luteo like virus,Culex associated luteo like virus  isolate MAD1760
HVM35BGXH_Madagascar-Mampikony-Feb-2021-Rainy-Culex-tritaeniorhynchus-2_S67,NODE_370_length_1423_cov_2.114074,Partitiviridae,Madagascar,Mampikony,Feb-21,2021,Rainy,Culex tritaeniorhynchus,53,4363357,2669678,19.85,Mampikony partiti-like virus 3,Mampikony partiti-like virus 3  isolate MAD1763
HVM35BGXH_Madagascar-Mampikony-Feb-2021-Rainy-Culex-tritaeniorhynchus-2_S67,NODE_342_length_1468_cov_2.448029,Nodaviridae,Madagascar,Mampikony,Feb-21,2021,Rainy,Culex tritaeniorhynchus,48,4363357,2669678,17.98,Mampikony noda-like virus 2,Mampikony noda-like virus 2  isolate MAD1762
HVM35BGXH_Madagascar-Mampikony-Feb-2021-Rainy-Culex-tritaeniorhynchus-3_S68,NODE_3_length_6984_cov_49.820865,Orthototiviridae,Madagascar,Mampikony,Feb-21,2021,Rainy,Culex tritaeniorhynchus,4985,5492535,4955803,1005.89,XiangYun toti-like virus 5,XiangYun toti-like virus 5  isolate MAD1767
HVM35BGXH_Madagascar-Mampikony-Feb-2021-Rainy-Culex-tritaeniorhynchus-3_S68,NODE_110_length_3425_cov_14.821301,Nodaviridae,Madagascar,Mampikony,Feb-21,2021,Rainy,Culex tritaeniorhynchus,726,5492535,4955803,146.49,Mampikony noda-like virus 2,Mampikony noda-like virus 2  isolate MAD1765
HVM35BGXH_Madagascar-Mampikony-Feb-2021-Rainy-Culex-tritaeniorhynchus-3_S68,NODE_2188_length_1071_cov_1.612224,Chrysoviridae,Madagascar,Mampikony,Feb-21,2021,Rainy,Culex tritaeniorhynchus,24,5492535,4955803,4.84,Mosquito toti-like virus XZ8,Mosquito toti-like virus XZ8  isolate MAD1766
HVM35BGXH_Madagascar-Mampikony-Feb-2021-Rainy-Mansonia-uniformis-1_S69,NODE_3_length_6984_cov_6.828679,Metaviridae,Madagascar,Mampikony,Feb-21,2021,Rainy,Mansonia uniformis,1154,4013473,2932065,393.58,Mampikony meta-like virus 46,Mampikony meta-like virus 46  isolate MAD1768
HVM35BGXH_Madagascar-Mampikony-Feb-2021-Rainy-Mansonia-uniformis-1_S69,NODE_37_length_3788_cov_1.757201,Metaviridae,Madagascar,Mampikony,Feb-21,2021,Rainy,Mansonia uniformis,183,4013473,2932065,62.41,Mampikony meta-like virus 62,Mampikony meta-like virus 62  isolate MAD1773
HVM35BGXH_Madagascar-Mampikony-Feb-2021-Rainy-Mansonia-uniformis-1_S69,NODE_218_length_1788_cov_2.411662,Metaviridae,Madagascar,Mampikony,Feb-21,2021,Rainy,Mansonia uniformis,137,4013473,2932065,46.72,Mampikony meta-like virus 54,Mampikony meta-like virus 54  isolate MAD1771
HVM35BGXH_Madagascar-Mampikony-Feb-2021-Rainy-Mansonia-uniformis-1_S69,NODE_201_length_1848_cov_5.640000,Narnaviridae,Madagascar,Mampikony,Feb-21,2021,Rainy,Mansonia uniformis,142,4013473,2932065,48.43,Mampikony narna-like virus 2,Mampikony narna-like virus 2  isolate MAD1776
HVM35BGXH_Madagascar-Mampikony-Feb-2021-Rainy-Mansonia-uniformis-1_S69,NODE_242_length_1724_cov_1.234403,Metaviridae,Madagascar,Mampikony,Feb-21,2021,Rainy,Mansonia uniformis,546,4013473,2932065,186.22,Mampikony meta-like virus 70,Mampikony meta-like virus 70  isolate MAD1775
HVM35BGXH_Madagascar-Mampikony-Feb-2021-Rainy-Mansonia-uniformis-1_S69,NODE_459_length_1337_cov_0.723892,Metaviridae,Madagascar,Mampikony,Feb-21,2021,Rainy,Mansonia uniformis,32,4013473,2932065,10.91,Mampikony meta-like virus 69,Mampikony meta-like virus 69  isolate MAD1774
HVM35BGXH_Madagascar-Mampikony-Feb-2021-Rainy-Mansonia-uniformis-1_S69,NODE_630_length_1165_cov_0.846154,Metaviridae,Madagascar,Mampikony,Feb-21,2021,Rainy,Mansonia uniformis,41,4013473,2932065,13.98,Mampikony meta-like virus 52,Mampikony meta-like virus 52  isolate MAD1770
HVM35BGXH_Madagascar-Mampikony-Feb-2021-Rainy-Mansonia-uniformis-1_S69,NODE_261_length_1661_cov_1.821159,Metaviridae,Madagascar,Mampikony,Feb-21,2021,Rainy,Mansonia uniformis,129,4013473,2932065,44,Mampikony meta-like virus 61,Mampikony meta-like virus 61  isolate MAD1772
HVM35BGXH_Madagascar-Mampikony-Feb-2021-Rainy-Mansonia-uniformis-1_S69,NODE_685_length_1129_cov_0.823864,Metaviridae,Madagascar,Mampikony,Feb-21,2021,Rainy,Mansonia uniformis,36,4013473,2932065,12.28,Mampikony meta-like virus 49,Mampikony meta-like virus 49  isolate MAD1769
HVM35BGXH_Madagascar-Mampikony-Feb-2021-Rainy-Mansonia-uniformis-2_S70,NODE_8_length_7338_cov_10.493599,Metaviridae,Madagascar,Mampikony,Feb-21,2021,Rainy,Mansonia africana,2221,12517701,12095710,183.62,Mampikony meta-like virus 52,Mampikony meta-like virus 52  isolate MAD1784
HVM35BGXH_Madagascar-Mampikony-Feb-2021-Rainy-Mansonia-uniformis-2_S70,NODE_76_length_5085_cov_2.568835,Metaviridae,Madagascar,Mampikony,Feb-21,2021,Rainy,Mansonia africana,563,12517701,12095710,46.55,Mampikony meta-like virus 57,Mampikony meta-like virus 57  isolate MAD1789
HVM35BGXH_Madagascar-Mampikony-Feb-2021-Rainy-Mansonia-uniformis-2_S70,NODE_11_length_7155_cov_6.906382,Metaviridae,Madagascar,Mampikony,Feb-21,2021,Rainy,Mansonia africana,1447,12517701,12095710,119.63,Mampikony meta-like virus 53,Mampikony meta-like virus 53  isolate MAD1785
HVM35BGXH_Madagascar-Mampikony-Feb-2021-Rainy-Mansonia-uniformis-2_S70,NODE_16_length_6893_cov_18.644428,Metaviridae,Madagascar,Mampikony,Feb-21,2021,Rainy,Mansonia africana,3712,12517701,12095710,306.89,Mampikony meta-like virus 54,Mampikony meta-like virus 54  isolate MAD1786
HVM35BGXH_Madagascar-Mampikony-Feb-2021-Rainy-Mansonia-uniformis-2_S70,NODE_15_length_6915_cov_64.310582,Metaviridae,Madagascar,Mampikony,Feb-21,2021,Rainy,Mansonia africana,8697,12517701,12095710,719.02,Mampikony meta-like virus 46,Mampikony meta-like virus 46  isolate MAD1778
HVM35BGXH_Madagascar-Mampikony-Feb-2021-Rainy-Mansonia-uniformis-2_S70,NODE_285_length_3697_cov_2.458885,Metaviridae,Madagascar,Mampikony,Feb-21,2021,Rainy,Mansonia africana,373,12517701,12095710,30.84,Mampikony meta-like virus 47,Mampikony meta-like virus 47  isolate MAD1779
HVM35BGXH_Madagascar-Mampikony-Feb-2021-Rainy-Mansonia-uniformis-2_S70,NODE_22_length_6709_cov_14.070976,Metaviridae,Madagascar,Mampikony,Feb-21,2021,Rainy,Mansonia africana,2429,12517701,12095710,200.81,Mampikony meta-like virus 56,Mampikony meta-like virus 56  isolate MAD1788
HVM35BGXH_Madagascar-Mampikony-Feb-2021-Rainy-Mansonia-uniformis-2_S70,NODE_286_length_3691_cov_1.395522,Metaviridae,Madagascar,Mampikony,Feb-21,2021,Rainy,Mansonia africana,280,12517701,12095710,23.15,Mampikony meta-like virus 45,Mampikony meta-like virus 45  isolate MAD1777
HVM35BGXH_Madagascar-Mampikony-Feb-2021-Rainy-Mansonia-uniformis-2_S70,NODE_44_length_6038_cov_4.885666,Metaviridae,Madagascar,Mampikony,Feb-21,2021,Rainy,Mansonia africana,1185,12517701,12095710,97.97,Mampikony meta-like virus 49,Mampikony meta-like virus 49  isolate MAD1781
HVM35BGXH_Madagascar-Mampikony-Feb-2021-Rainy-Mansonia-uniformis-2_S70,NODE_10_length_7263_cov_38.562865,Orthototiviridae,Madagascar,Mampikony,Feb-21,2021,Rainy,Mansonia africana,24731,12517701,12095710,2044.61,Mampikony orthototi-like virus 7,Mampikony orthototi-like virus 7  isolate MAD1801
HVM35BGXH_Madagascar-Mampikony-Feb-2021-Rainy-Mansonia-uniformis-2_S70,NODE_465_length_3029_cov_1.955683,Metaviridae,Madagascar,Mampikony,Feb-21,2021,Rainy,Mansonia africana,306,12517701,12095710,25.3,Mampikony meta-like virus 59,Mampikony meta-like virus 59  isolate MAD1791
HVM35BGXH_Madagascar-Mampikony-Feb-2021-Rainy-Mansonia-uniformis-2_S70,NODE_416_length_3137_cov_4.018930,Metaviridae,Madagascar,Mampikony,Feb-21,2021,Rainy,Mansonia africana,468,12517701,12095710,38.69,Mampikony meta-like virus 58,Mampikony meta-like virus 58  isolate MAD1790
HVM35BGXH_Madagascar-Mampikony-Feb-2021-Rainy-Mansonia-uniformis-2_S70,NODE_365_length_3336_cov_3.555317,Metaviridae,Madagascar,Mampikony,Feb-21,2021,Rainy,Mansonia africana,247,12517701,12095710,20.42,Mampikony meta-like virus 50,Mampikony meta-like virus 50  isolate MAD1782
HVM35BGXH_Madagascar-Mampikony-Feb-2021-Rainy-Mansonia-uniformis-2_S70,NODE_658_length_2582_cov_4.098844,Metaviridae,Madagascar,Mampikony,Feb-21,2021,Rainy,Mansonia africana,291,12517701,12095710,24.06,Mampikony meta-like virus 60,Mampikony meta-like virus 60  isolate MAD1792
HVM35BGXH_Madagascar-Mampikony-Feb-2021-Rainy-Mansonia-uniformis-2_S70,NODE_18_length_6838_cov_8.233703,Metaviridae,Madagascar,Mampikony,Feb-21,2021,Rainy,Mansonia africana,1328,12517701,12095710,109.79,Mampikony meta-like virus 55,Mampikony meta-like virus 55  isolate MAD1787
HVM35BGXH_Madagascar-Mampikony-Feb-2021-Rainy-Mansonia-uniformis-2_S70,NODE_427_length_3108_cov_4.704119,Metaviridae,Madagascar,Mampikony,Feb-21,2021,Rainy,Mansonia africana,463,12517701,12095710,38.28,Mampikony meta-like virus 64,Mampikony meta-like virus 64  isolate MAD1796
HVM35BGXH_Madagascar-Mampikony-Feb-2021-Rainy-Mansonia-uniformis-2_S70,NODE_789_length_2363_cov_1.978166,Metaviridae,Madagascar,Mampikony,Feb-21,2021,Rainy,Mansonia africana,24766,12517701,12095710,2047.5,Mampikony meta-like virus 67,Mampikony meta-like virus 67  isolate MAD1799
HVM35BGXH_Madagascar-Mampikony-Feb-2021-Rainy-Mansonia-uniformis-2_S70,NODE_21_length_6721_cov_3.209236,Metaviridae,Madagascar,Mampikony,Feb-21,2021,Rainy,Mansonia africana,1171,12517701,12095710,96.81,Mampikony meta-like virus 68,Mampikony meta-like virus 68  isolate MAD1800
HVM35BGXH_Madagascar-Mampikony-Feb-2021-Rainy-Mansonia-uniformis-2_S70,NODE_2110_length_1433_cov_8.236029,Metaviridae,Madagascar,Mampikony,Feb-21,2021,Rainy,Mansonia africana,912,12517701,12095710,75.4,Mampikony meta-like virus 61,Mampikony meta-like virus 61  isolate MAD1793
HVM35BGXH_Madagascar-Mampikony-Feb-2021-Rainy-Mansonia-uniformis-2_S70,NODE_211_length_4149_cov_2.446762,Metaviridae,Madagascar,Mampikony,Feb-21,2021,Rainy,Mansonia africana,377,12517701,12095710,31.17,Mampikony meta-like virus 63,Mampikony meta-like virus 63  isolate MAD1795
HVM35BGXH_Madagascar-Mampikony-Feb-2021-Rainy-Mansonia-uniformis-2_S70,NODE_775_length_2407_cov_2.793916,Metaviridae,Madagascar,Mampikony,Feb-21,2021,Rainy,Mansonia africana,253,12517701,12095710,20.92,Mampikony meta-like virus 51,Mampikony meta-like virus 51  isolate MAD1783
HVM35BGXH_Madagascar-Mampikony-Feb-2021-Rainy-Mansonia-uniformis-2_S70,NODE_2638_length_1272_cov_1.727273,Metaviridae,Madagascar,Mampikony,Feb-21,2021,Rainy,Mansonia africana,41,12517701,12095710,3.39,Mampikony meta-like virus 65,Mampikony meta-like virus 65  isolate MAD1797
HVM35BGXH_Madagascar-Mampikony-Feb-2021-Rainy-Mansonia-uniformis-2_S70,NODE_3188_length_1150_cov_1.969359,Metaviridae,Madagascar,Mampikony,Feb-21,2021,Rainy,Mansonia africana,100,12517701,12095710,8.27,Mampikony meta-like virus 48,Mampikony meta-like virus 48  isolate MAD1780
HVM35BGXH_Madagascar-Mampikony-Feb-2021-Rainy-Mansonia-uniformis-2_S70,NODE_3329_length_1124_cov_1.395814,Metaviridae,Madagascar,Mampikony,Feb-21,2021,Rainy,Mansonia africana,77,12517701,12095710,6.37,Mampikony meta-like virus 66,Mampikony meta-like virus 66  isolate MAD1798
HVM35BGXH_Madagascar-Mampikony-Feb-2021-Rainy-Mansonia-uniformis-2_S70,NODE_2498_length_1311_cov_4.069467,Metaviridae,Madagascar,Mampikony,Feb-21,2021,Rainy,Mansonia africana,210,12517701,12095710,17.36,Mampikony meta-like virus 62,Mampikony meta-like virus 62  isolate MAD1794
HVM35BGXH_Madagascar-Mampikony-Feb-2021-Rainy-Mansonia-uniformis-3_S71,NODE_1_length_7534_cov_3.594424,Metaviridae,Madagascar,Mampikony,Feb-21,2021,Rainy,Mansonia uniformis,837,6150808,5565111,150.4,Mampikony meta-like virus 52,Mampikony meta-like virus 52  isolate MAD1806
HVM35BGXH_Madagascar-Mampikony-Feb-2021-Rainy-Mansonia-uniformis-3_S71,NODE_7_length_7045_cov_21.057516,Metaviridae,Madagascar,Mampikony,Feb-21,2021,Rainy,Mansonia uniformis,3206,6150808,5565111,576.09,Mampikony meta-like virus 46,Mampikony meta-like virus 46  isolate MAD1802
HVM35BGXH_Madagascar-Mampikony-Feb-2021-Rainy-Mansonia-uniformis-3_S71,NODE_4_length_7237_cov_292.650335,Orthototiviridae,Madagascar,Mampikony,Feb-21,2021,Rainy,Mansonia uniformis,30333,6150808,5565111,5450.57,Mampikony orthototi-like virus 7,Mampikony orthototi-like virus 7  isolate MAD1816
HVM35BGXH_Madagascar-Mampikony-Feb-2021-Rainy-Mansonia-uniformis-3_S71,NODE_26_length_5070_cov_2.733240,Metaviridae,Madagascar,Mampikony,Feb-21,2021,Rainy,Mansonia uniformis,4998,6150808,5565111,898.1,Mampikony meta-like virus 61,Mampikony meta-like virus 61  isolate MAD1812
HVM35BGXH_Madagascar-Mampikony-Feb-2021-Rainy-Mansonia-uniformis-3_S71,NODE_200_length_2488_cov_4.672050,Metaviridae,Madagascar,Mampikony,Feb-21,2021,Rainy,Mansonia uniformis,428,6150808,5565111,76.9,Mampikony meta-like virus 56,Mampikony meta-like virus 56  isolate MAD1810
HVM35BGXH_Madagascar-Mampikony-Feb-2021-Rainy-Mansonia-uniformis-3_S71,NODE_67_length_4045_cov_1.496979,Metaviridae,Madagascar,Mampikony,Feb-21,2021,Rainy,Mansonia uniformis,247,6150808,5565111,44.38,Mampikony meta-like virus 49,Mampikony meta-like virus 49  isolate MAD1804
HVM35BGXH_Madagascar-Mampikony-Feb-2021-Rainy-Mansonia-uniformis-3_S71,NODE_116_length_3158_cov_1.630470,Metaviridae,Madagascar,Mampikony,Feb-21,2021,Rainy,Mansonia uniformis,158,6150808,5565111,28.39,Mampikony meta-like virus 62,Mampikony meta-like virus 62  isolate MAD1813
HVM35BGXH_Madagascar-Mampikony-Feb-2021-Rainy-Mansonia-uniformis-3_S71,NODE_97_length_3438_cov_5.378009,Metaviridae,Madagascar,Mampikony,Feb-21,2021,Rainy,Mansonia uniformis,585,6150808,5565111,105.12,Mampikony meta-like virus 54,Mampikony meta-like virus 54  isolate MAD1808
HVM35BGXH_Madagascar-Mampikony-Feb-2021-Rainy-Mansonia-uniformis-3_S71,NODE_485_length_1686_cov_912.499690,Partitiviridae,Madagascar,Mampikony,Feb-21,2021,Rainy,Mansonia uniformis,20863,6150808,5565111,3748.89,Mampikony partiti-like virus 6,Mampikony partiti-like virus 6  isolate MAD1817
HVM35BGXH_Madagascar-Mampikony-Feb-2021-Rainy-Mansonia-uniformis-3_S71,NODE_802_length_1379_cov_2.370597,Metaviridae,Madagascar,Mampikony,Feb-21,2021,Rainy,Mansonia uniformis,89,6150808,5565111,15.99,Mampikony meta-like virus 55,Mampikony meta-like virus 55  isolate MAD1809
HVM35BGXH_Madagascar-Mampikony-Feb-2021-Rainy-Mansonia-uniformis-3_S71,NODE_865_length_1324_cov_1.860911,Metaviridae,Madagascar,Mampikony,Feb-21,2021,Rainy,Mansonia uniformis,189,6150808,5565111,33.97,Mampikony meta-like virus 53,Mampikony meta-like virus 53  isolate MAD1807
HVM35BGXH_Madagascar-Mampikony-Feb-2021-Rainy-Mansonia-uniformis-3_S71,NODE_1417_length_1084_cov_1.285856,Metaviridae,Madagascar,Mampikony,Feb-21,2021,Rainy,Mansonia uniformis,42,6150808,5565111,7.55,Mampikony meta-like virus 71,Mampikony meta-like virus 71  isolate MAD1814
HVM35BGXH_Madagascar-Mampikony-Feb-2021-Rainy-Mansonia-uniformis-3_S71,NODE_1386_length_1093_cov_2.350000,Metaviridae,Madagascar,Mampikony,Feb-21,2021,Rainy,Mansonia uniformis,56,6150808,5565111,10.06,Mampikony meta-like virus 60,Mampikony meta-like virus 60  isolate MAD1811
HVM35BGXH_Madagascar-Mampikony-Feb-2021-Rainy-Mansonia-uniformis-3_S71,NODE_1455_length_1072_cov_1.245245,Metaviridae,Madagascar,Mampikony,Feb-21,2021,Rainy,Mansonia uniformis,57,6150808,5565111,10.24,Mampikony meta-like virus 48,Mampikony meta-like virus 48  isolate MAD1803
HVM35BGXH_Madagascar-Mampikony-Feb-2021-Rainy-Mansonia-uniformis-3_S71,NODE_752_length_1413_cov_1.056716,Metaviridae,Madagascar,Mampikony,Feb-21,2021,Rainy,Mansonia uniformis,3472,6150808,5565111,623.89,Mampikony meta-like virus 72,Mampikony meta-like virus 72  isolate MAD1815
HVM35BGXH_Madagascar-Mampikony-Feb-2021-Rainy-Mansonia-uniformis-3_S71,NODE_743_length_1418_cov_1.227509,Metaviridae,Madagascar,Mampikony,Feb-21,2021,Rainy,Mansonia uniformis,65,6150808,5565111,11.68,Mampikony meta-like virus 51,Mampikony meta-like virus 51  isolate MAD1805
HVT7HBGXH_Guyane-Macouria-Jan-2020-Rainy-Coquillettidia-venezuelensis-2_S1,NODE_2_length_9152_cov_5.835995,Metaviridae,Guyane,Macouria,Jan-20,2020,Rainy,Coquillettidia venezuelensis,1195,5555611,4835662,247.12,Macouria meta-like virus 18,Macouria meta-like virus 18  isolate GUY1819
HVT7HBGXH_Guyane-Macouria-Jan-2020-Rainy-Coquillettidia-venezuelensis-2_S1,NODE_2213_length_1672_cov_13.710444,Metaviridae,Guyane,Macouria,Jan-20,2020,Rainy,Coquillettidia venezuelensis,458,5555611,4835662,94.71,Macouria meta-like virus 9,Macouria meta-like virus 9  isolate GUY1823
HVT7HBGXH_Guyane-Macouria-Jan-2020-Rainy-Coquillettidia-venezuelensis-2_S1,NODE_4721_length_1157_cov_5.698339,Metaviridae,Guyane,Macouria,Jan-20,2020,Rainy,Coquillettidia venezuelensis,148,5555611,4835662,30.61,Macouria meta-like virus 4,Macouria meta-like virus 4  isolate GUY1820
HVT7HBGXH_Guyane-Macouria-Jan-2020-Rainy-Coquillettidia-venezuelensis-2_S1,NODE_3226_length_1408_cov_5.372285,Metaviridae,Guyane,Macouria,Jan-20,2020,Rainy,Coquillettidia venezuelensis,293,5555611,4835662,60.59,Macouria meta-like virus 11,Macouria meta-like virus 11  isolate GUY1818
HVT7HBGXH_Guyane-Macouria-Jan-2020-Rainy-Coquillettidia-venezuelensis-2_S1,NODE_5726_length_1039_cov_2.404762,Metaviridae,Guyane,Macouria,Jan-20,2020,Rainy,Coquillettidia venezuelensis,83,5555611,4835662,17.16,Macouria meta-like virus 6,Macouria meta-like virus 6  isolate GUY1821
HVT7HBGXH_Guyane-Macouria-Jan-2020-Rainy-Coquillettidia-venezuelensis-2_S1,NODE_5908_length_1021_cov_2.072785,Metaviridae,Guyane,Macouria,Jan-20,2020,Rainy,Coquillettidia venezuelensis,36,5555611,4835662,7.44,Macouria meta-like virus 8,Macouria meta-like virus 8  isolate GUY1822
HVT7HBGXH_Guyane-Macouria-Jan-2020-Rainy-Coquillettidia-venezuelensis-3_S2,NODE_69_length_3591_cov_61.654065,Chrysoviridae,Guyane,Macouria,Jan-20,2020,Rainy,Coquillettidia venezuelensis,3425,3556212,2554123,1340.97,Macouria chryso-like virus 1,Macouria chryso-like virus 1  isolate GUY1824
HVT7HBGXH_Guyane-Macouria-Jan-2020-Rainy-Coquillettidia-venezuelensis-3_S2,NODE_7_length_6207_cov_182.926801,Orthototiviridae,Guyane,Macouria,Jan-20,2020,Rainy,Coquillettidia venezuelensis,17804,3556212,2554123,6970.69,Macouria orthototi-like virus 2,Macouria orthototi-like virus 2  isolate GUY1830
HVT7HBGXH_Guyane-Macouria-Jan-2020-Rainy-Coquillettidia-venezuelensis-3_S2,NODE_460_length_2122_cov_1.948755,Metaviridae,Guyane,Macouria,Jan-20,2020,Rainy,Coquillettidia venezuelensis,188,3556212,2554123,73.61,Macouria meta-like virus 5,Macouria meta-like virus 5  isolate GUY1827
HVT7HBGXH_Guyane-Macouria-Jan-2020-Rainy-Coquillettidia-venezuelensis-3_S2,NODE_850_length_1695_cov_2.698520,Metaviridae,Guyane,Macouria,Jan-20,2020,Rainy,Coquillettidia venezuelensis,101,3556212,2554123,39.54,Macouria meta-like virus 3,Macouria meta-like virus 3  isolate GUY1825
HVT7HBGXH_Guyane-Macouria-Jan-2020-Rainy-Coquillettidia-venezuelensis-3_S2,NODE_702_length_1834_cov_2.172061,Partitiviridae,Guyane,Macouria,Jan-20,2020,Rainy,Coquillettidia venezuelensis,67,3556212,2554123,26.23,Macouria partiti-like virus 2,Macouria partiti-like virus 2  isolate GUY1831
HVT7HBGXH_Guyane-Macouria-Jan-2020-Rainy-Coquillettidia-venezuelensis-3_S2,NODE_2679_length_1057_cov_1.614837,Metaviridae,Guyane,Macouria,Jan-20,2020,Rainy,Coquillettidia venezuelensis,91,3556212,2554123,35.63,Macouria meta-like virus 7,Macouria meta-like virus 7  isolate GUY1828
HVT7HBGXH_Guyane-Macouria-Jan-2020-Rainy-Coquillettidia-venezuelensis-3_S2,NODE_961_length_1608_cov_5.041694,Metaviridae,Guyane,Macouria,Jan-20,2020,Rainy,Coquillettidia venezuelensis,251,3556212,2554123,98.27,Macouria meta-like virus 9,Macouria meta-like virus 9  isolate GUY1829
HVT7HBGXH_Guyane-Macouria-Jan-2020-Rainy-Coquillettidia-venezuelensis-3_S2,NODE_2845_length_1027_cov_2.438155,Metaviridae,Guyane,Macouria,Jan-20,2020,Rainy,Coquillettidia venezuelensis,122,3556212,2554123,47.76,Macouria meta-like virus 4,Macouria meta-like virus 4  isolate GUY1826
HVT7HBGXH_Guyane-Macouria-Jan-2020-Rainy-Coquillettidia-venezuelensis-4_S3,NODE_3_length_8226_cov_5.946032,Metaviridae,Guyane,Macouria,Jan-20,2020,Rainy,Coquillettidia venezuelensis,1000,7677163,5771537,173.26,Macouria meta-like virus 5,Macouria meta-like virus 5  isolate GUY1837
HVT7HBGXH_Guyane-Macouria-Jan-2020-Rainy-Coquillettidia-venezuelensis-4_S3,NODE_307_length_3150_cov_3.660708,Rhabdoviridae,Guyane,Macouria,Jan-20,2020,Rainy,Coquillettidia venezuelensis,189,7677163,5771537,32.75,Macouria rhabdo-like virus 1,Macouria rhabdo-like virus 1  isolate GUY1841
HVT7HBGXH_Guyane-Macouria-Jan-2020-Rainy-Coquillettidia-venezuelensis-4_S3,NODE_1517_length_1872_cov_1.938855,Metaviridae,Guyane,Macouria,Jan-20,2020,Rainy,Coquillettidia venezuelensis,136,7677163,5771537,23.56,Macouria meta-like virus 4,Macouria meta-like virus 4  isolate GUY1836
HVT7HBGXH_Guyane-Macouria-Jan-2020-Rainy-Coquillettidia-venezuelensis-4_S3,NODE_2463_length_1545_cov_4.876359,Metaviridae,Guyane,Macouria,Jan-20,2020,Rainy,Coquillettidia venezuelensis,650,7677163,5771537,112.63,Macouria meta-like virus 9,Macouria meta-like virus 9  isolate GUY1840
HVT7HBGXH_Guyane-Macouria-Jan-2020-Rainy-Coquillettidia-venezuelensis-4_S3,NODE_3405_length_1319_cov_3.484751,Metaviridae,Guyane,Macouria,Jan-20,2020,Rainy,Coquillettidia venezuelensis,242,7677163,5771537,41.93,Macouria meta-like virus 7,Macouria meta-like virus 7  isolate GUY1839
HVT7HBGXH_Guyane-Macouria-Jan-2020-Rainy-Coquillettidia-venezuelensis-4_S3,NODE_3794_length_1251_cov_2.165535,Metaviridae,Guyane,Macouria,Jan-20,2020,Rainy,Coquillettidia venezuelensis,60,7677163,5771537,10.4,Macouria meta-like virus 17,Macouria meta-like virus 17  isolate GUY1834
HVT7HBGXH_Guyane-Macouria-Jan-2020-Rainy-Coquillettidia-venezuelensis-4_S3,NODE_5102_length_1070_cov_3.311936,Metaviridae,Guyane,Macouria,Jan-20,2020,Rainy,Coquillettidia venezuelensis,78,7677163,5771537,13.51,Macouria meta-like virus 19,Macouria meta-like virus 19  isolate GUY1835
HVT7HBGXH_Guyane-Macouria-Jan-2020-Rainy-Coquillettidia-venezuelensis-4_S3,NODE_5485_length_1027_cov_1.481132,Metaviridae,Guyane,Macouria,Jan-20,2020,Rainy,Coquillettidia venezuelensis,61,7677163,5771537,10.57,Macouria meta-like virus 13,Macouria meta-like virus 13  isolate GUY1833
HVT7HBGXH_Guyane-Macouria-Jan-2020-Rainy-Coquillettidia-venezuelensis-4_S3,NODE_3767_length_1256_cov_1.976331,Metaviridae,Guyane,Macouria,Jan-20,2020,Rainy,Coquillettidia venezuelensis,79,7677163,5771537,13.69,Macouria meta-like virus 6,Macouria meta-like virus 6  isolate GUY1838
HVT7HBGXH_Guyane-Macouria-Jan-2020-Rainy-Coquillettidia-venezuelensis-4_S3,NODE_325_length_3092_cov_3.396489,Aliusviridae,Guyane,Macouria,Jan-20,2020,Rainy,Coquillettidia venezuelensis,306,7677163,5771537,53.02,Macouria alius-like virus 1,Macouria alius-like virus 1  isolate GUY1832
HVT7HBGXH_Guyane-Macouria-Jan-2020-Rainy-Coquillettidia-venezuelensis-5_S4,NODE_139_length_4345_cov_5.763109,Iflaviridae,Guyane,Macouria,Jan-20,2020,Rainy,Coquillettidia venezuelensis,640,8518920,6933416,92.31,Macouria ifla-like virus 1,Macouria ifla-like virus 1  isolate GUY1844
HVT7HBGXH_Guyane-Macouria-Jan-2020-Rainy-Coquillettidia-venezuelensis-5_S4,NODE_454_length_3137_cov_789.914164,Chrysoviridae,Guyane,Macouria,Jan-20,2020,Rainy,Coquillettidia venezuelensis,39743,8518920,6933416,5732.1,Macouria chryso-like virus 1,Macouria chryso-like virus 1  isolate GUY1843
HVT7HBGXH_Guyane-Macouria-Jan-2020-Rainy-Coquillettidia-venezuelensis-5_S4,NODE_550_length_2963_cov_9.942907,Metaviridae,Guyane,Macouria,Jan-20,2020,Rainy,Coquillettidia venezuelensis,595,8518920,6933416,85.82,Macouria meta-like virus 19,Macouria meta-like virus 19  isolate GUY1848
HVT7HBGXH_Guyane-Macouria-Jan-2020-Rainy-Coquillettidia-venezuelensis-5_S4,NODE_605_length_2875_cov_6.727338,Metaviridae,Guyane,Macouria,Jan-20,2020,Rainy,Coquillettidia venezuelensis,440,8518920,6933416,63.46,Macouria meta-like virus 3,Macouria meta-like virus 3  isolate GUY1849
HVT7HBGXH_Guyane-Macouria-Jan-2020-Rainy-Coquillettidia-venezuelensis-5_S4,NODE_1577_length_2053_cov_6.542424,Metaviridae,Guyane,Macouria,Jan-20,2020,Rainy,Coquillettidia venezuelensis,470,8518920,6933416,67.79,Macouria meta-like virus 5,Macouria meta-like virus 5  isolate GUY1851
HVT7HBGXH_Guyane-Macouria-Jan-2020-Rainy-Coquillettidia-venezuelensis-5_S4,NODE_1623_length_2032_cov_18.800408,Metaviridae,Guyane,Macouria,Jan-20,2020,Rainy,Coquillettidia venezuelensis,1176,8518920,6933416,169.62,Macouria meta-like virus 9,Macouria meta-like virus 9  isolate GUY1854
HVT7HBGXH_Guyane-Macouria-Jan-2020-Rainy-Coquillettidia-venezuelensis-5_S4,NODE_2549_length_1664_cov_2621.439346,Orthototiviridae,Guyane,Macouria,Jan-20,2020,Rainy,Coquillettidia venezuelensis,70229,8518920,6933416,10129.06,Macouria orthototi-like virus 10,Macouria orthototi-like virus 10  isolate GUY1855
HVT7HBGXH_Guyane-Macouria-Jan-2020-Rainy-Coquillettidia-venezuelensis-5_S4,NODE_3469_length_1441_cov_3.124269,Metaviridae,Guyane,Macouria,Jan-20,2020,Rainy,Coquillettidia venezuelensis,156,8518920,6933416,22.5,Macouria meta-like virus 17,Macouria meta-like virus 17  isolate GUY1847
HVT7HBGXH_Guyane-Macouria-Jan-2020-Rainy-Coquillettidia-venezuelensis-5_S4,NODE_3673_length_1400_cov_5.238131,Metaviridae,Guyane,Macouria,Jan-20,2020,Rainy,Coquillettidia venezuelensis,812,8518920,6933416,117.11,Macouria meta-like virus 4,Macouria meta-like virus 4  isolate GUY1850
HVT7HBGXH_Guyane-Macouria-Jan-2020-Rainy-Coquillettidia-venezuelensis-5_S4,NODE_2947_length_1561_cov_1.633737,Metaviridae,Guyane,Macouria,Jan-20,2020,Rainy,Coquillettidia venezuelensis,78,8518920,6933416,11.25,Macouria meta-like virus 12,Macouria meta-like virus 12  isolate GUY1845
HVT7HBGXH_Guyane-Macouria-Jan-2020-Rainy-Coquillettidia-venezuelensis-5_S4,NODE_4548_length_1251_cov_6.924448,Metaviridae,Guyane,Macouria,Jan-20,2020,Rainy,Coquillettidia venezuelensis,209,8518920,6933416,30.14,Macouria meta-like virus 14,Macouria meta-like virus 14  isolate GUY1846
HVT7HBGXH_Guyane-Macouria-Jan-2020-Rainy-Coquillettidia-venezuelensis-5_S4,NODE_3432_length_1449_cov_4.864826,Metaviridae,Guyane,Macouria,Jan-20,2020,Rainy,Coquillettidia venezuelensis,194,8518920,6933416,27.98,Macouria meta-like virus 7,Macouria meta-like virus 7  isolate GUY1852
HVT7HBGXH_Guyane-Macouria-Jan-2020-Rainy-Coquillettidia-venezuelensis-5_S4,NODE_6345_length_1049_cov_3.480533,Aliusviridae,Guyane,Macouria,Jan-20,2020,Rainy,Coquillettidia venezuelensis,268,8518920,6933416,38.65,Macouria alius-like virus 1,Macouria alius-like virus 1  isolate GUY1842
HVT7HBGXH_Guyane-Macouria-Jan-2020-Rainy-Coquillettidia-venezuelensis-5_S4,NODE_5776_length_1102_cov_6.160350,Metaviridae,Guyane,Macouria,Jan-20,2020,Rainy,Coquillettidia venezuelensis,107,8518920,6933416,15.43,Macouria meta-like virus 8,Macouria meta-like virus 8  isolate GUY1853
HVT7HBGXH_Guyane-Macouria-Mar-2021-Rainy-Coquillettidia-venezuelensis-1_S22,NODE_591_length_3991_cov_5.346861,Aliusviridae,Guyane,Macouria,Mar-21,2021,Rainy,Coquillettidia venezuelensis,588,7283741,6905183,85.15,Macouria alius-like virus 1,Macouria alius-like virus 1  isolate GUY1856
HVT7HBGXH_Guyane-Macouria-Mar-2021-Rainy-Coquillettidia-venezuelensis-1_S22,NODE_307_length_4860_cov_16.004805,Metaviridae,Guyane,Macouria,Mar-21,2021,Rainy,Coquillettidia venezuelensis,1584,7283741,6905183,229.39,Macouria meta-like virus 9,Macouria meta-like virus 9  isolate GUY1871
HVT7HBGXH_Guyane-Macouria-Mar-2021-Rainy-Coquillettidia-venezuelensis-1_S22,NODE_440_length_4409_cov_4.466790,Metaviridae,Guyane,Macouria,Mar-21,2021,Rainy,Coquillettidia venezuelensis,602,7283741,6905183,87.18,Macouria meta-like virus 4,Macouria meta-like virus 4  isolate GUY1867
HVT7HBGXH_Guyane-Macouria-Mar-2021-Rainy-Coquillettidia-venezuelensis-1_S22,NODE_391_length_4562_cov_10.083092,Metaviridae,Guyane,Macouria,Mar-21,2021,Rainy,Coquillettidia venezuelensis,844,7283741,6905183,122.23,Macouria meta-like virus 5,Macouria meta-like virus 5  isolate GUY1868
HVT7HBGXH_Guyane-Macouria-Mar-2021-Rainy-Coquillettidia-venezuelensis-1_S22,NODE_826_length_3574_cov_7.688660,Metaviridae,Guyane,Macouria,Mar-21,2021,Rainy,Coquillettidia venezuelensis,597,7283741,6905183,86.46,Macouria meta-like virus 3,Macouria meta-like virus 3  isolate GUY1866
HVT7HBGXH_Guyane-Macouria-Mar-2021-Rainy-Coquillettidia-venezuelensis-1_S22,NODE_2036_length_2521_cov_1.875817,Metaviridae,Guyane,Macouria,Mar-21,2021,Rainy,Coquillettidia venezuelensis,98,7283741,6905183,14.19,Macouria meta-like virus 10,Macouria meta-like virus 10  isolate GUY1859
HVT7HBGXH_Guyane-Macouria-Mar-2021-Rainy-Coquillettidia-venezuelensis-1_S22,NODE_2110_length_2479_cov_1.576060,Metaviridae,Guyane,Macouria,Mar-21,2021,Rainy,Coquillettidia venezuelensis,113,7283741,6905183,16.36,Macouria meta-like virus 12,Macouria meta-like virus 12  isolate GUY1861
HVT7HBGXH_Guyane-Macouria-Mar-2021-Rainy-Coquillettidia-venezuelensis-1_S22,NODE_5239_length_1515_cov_5.655340,Metaviridae,Guyane,Macouria,Mar-21,2021,Rainy,Coquillettidia venezuelensis,199,7283741,6905183,28.82,Macouria meta-like virus 7,Macouria meta-like virus 7  isolate GUY1869
HVT7HBGXH_Guyane-Macouria-Mar-2021-Rainy-Coquillettidia-venezuelensis-1_S22,NODE_5861_length_1407_cov_1.195652,Metaviridae,Guyane,Macouria,Mar-21,2021,Rainy,Coquillettidia venezuelensis,79,7283741,6905183,11.44,Macouria meta-like virus 22,Macouria meta-like virus 22  isolate GUY1865
HVT7HBGXH_Guyane-Macouria-Mar-2021-Rainy-Coquillettidia-venezuelensis-1_S22,NODE_1563_length_2840_cov_7.093242,Metaviridae,Guyane,Macouria,Mar-21,2021,Rainy,Coquillettidia venezuelensis,558,7283741,6905183,80.81,Macouria meta-like virus 11,Macouria meta-like virus 11  isolate GUY1860
HVT7HBGXH_Guyane-Macouria-Mar-2021-Rainy-Coquillettidia-venezuelensis-1_S22,NODE_7018_length_1247_cov_0.977002,Metaviridae,Guyane,Macouria,Mar-21,2021,Rainy,Coquillettidia venezuelensis,41,7283741,6905183,5.94,Macouria meta-like virus 21,Macouria meta-like virus 21  isolate GUY1864
HVT7HBGXH_Guyane-Macouria-Mar-2021-Rainy-Coquillettidia-venezuelensis-1_S22,NODE_4573_length_1640_cov_3.622846,Metaviridae,Guyane,Macouria,Mar-21,2021,Rainy,Coquillettidia venezuelensis,104,7283741,6905183,15.06,Macouria meta-like virus 8,Macouria meta-like virus 8  isolate GUY1870
HVT7HBGXH_Guyane-Macouria-Mar-2021-Rainy-Coquillettidia-venezuelensis-1_S22,NODE_7799_length_1160_cov_0.970561,Chrysoviridae,Guyane,Macouria,Mar-21,2021,Rainy,Coquillettidia venezuelensis,22,7283741,6905183,3.19,Macouria chryso-like virus 1,Macouria chryso-like virus 1  isolate GUY1858
HVT7HBGXH_Guyane-Macouria-Mar-2021-Rainy-Coquillettidia-venezuelensis-1_S22,NODE_8601_length_1081_cov_2.300595,Aliusviridae,Guyane,Macouria,Mar-21,2021,Rainy,Coquillettidia venezuelensis,39,7283741,6905183,5.65,Macouria alius-like virus 2,Macouria alius-like virus 2  isolate GUY1857
HVT7HBGXH_Guyane-Macouria-Mar-2021-Rainy-Coquillettidia-venezuelensis-1_S22,NODE_8906_length_1056_cov_1.541200,Metaviridae,Guyane,Macouria,Mar-21,2021,Rainy,Coquillettidia venezuelensis,28,7283741,6905183,04.05,Macouria meta-like virus 17,Macouria meta-like virus 17  isolate GUY1862
HVT7HBGXH_Guyane-Macouria-Mar-2021-Rainy-Coquillettidia-venezuelensis-1_S22,NODE_3468_length_1930_cov_2.404954,Metaviridae,Guyane,Macouria,Mar-21,2021,Rainy,Coquillettidia venezuelensis,249,7283741,6905183,36.06,Macouria meta-like virus 20,Macouria meta-like virus 20  isolate GUY1863
HVT7HBGXH_Guyane-Macouria-Mar-2021-Rainy-Coquillettidia-venezuelensis-2_S23,NODE_6_length_9009_cov_76.144024,Virgaviridae,Guyane,Macouria,Mar-21,2021,Rainy,Coquillettidia venezuelensis,10113,5895396,4058735,2491.66,Mosquito hepe-like virus HLJ1,Mosquito hepe-like virus HLJ1  isolate GUY1880
HVT7HBGXH_Guyane-Macouria-Mar-2021-Rainy-Coquillettidia-venezuelensis-2_S23,NODE_60_length_6271_cov_3.649080,Metaviridae,Guyane,Macouria,Mar-21,2021,Rainy,Coquillettidia venezuelensis,430,5895396,4058735,105.94,Macouria meta-like virus 5,Macouria meta-like virus 5  isolate GUY1876
HVT7HBGXH_Guyane-Macouria-Mar-2021-Rainy-Coquillettidia-venezuelensis-2_S23,NODE_2248_length_1971_cov_2.961538,Metaviridae,Guyane,Macouria,Mar-21,2021,Rainy,Coquillettidia venezuelensis,413,5895396,4058735,101.75,Macouria meta-like virus 4,Macouria meta-like virus 4  isolate GUY1875
HVT7HBGXH_Guyane-Macouria-Mar-2021-Rainy-Coquillettidia-venezuelensis-2_S23,NODE_1964_length_2105_cov_3.464075,Metaviridae,Guyane,Macouria,Mar-21,2021,Rainy,Coquillettidia venezuelensis,888,5895396,4058735,218.78,Macouria meta-like virus 9,Macouria meta-like virus 9  isolate GUY1879
HVT7HBGXH_Guyane-Macouria-Mar-2021-Rainy-Coquillettidia-venezuelensis-2_S23,NODE_4509_length_1353_cov_2.928906,Metaviridae,Guyane,Macouria,Mar-21,2021,Rainy,Coquillettidia venezuelensis,172,5895396,4058735,42.38,Macouria meta-like virus 7,Macouria meta-like virus 7  isolate GUY1877
HVT7HBGXH_Guyane-Macouria-Mar-2021-Rainy-Coquillettidia-venezuelensis-2_S23,NODE_378_length_3883_cov_3.947769,Metaviridae,Guyane,Macouria,Mar-21,2021,Rainy,Coquillettidia venezuelensis,825,5895396,4058735,203.27,Macouria meta-like virus 11,Macouria meta-like virus 11  isolate GUY1872
HVT7HBGXH_Guyane-Macouria-Mar-2021-Rainy-Coquillettidia-venezuelensis-2_S23,NODE_4668_length_1326_cov_2.674381,Metaviridae,Guyane,Macouria,Mar-21,2021,Rainy,Coquillettidia venezuelensis,63,5895396,4058735,15.52,Macouria meta-like virus 8,Macouria meta-like virus 8  isolate GUY1878
HVT7HBGXH_Guyane-Macouria-Mar-2021-Rainy-Coquillettidia-venezuelensis-2_S23,NODE_2903_length_1742_cov_1.478730,Metaviridae,Guyane,Macouria,Mar-21,2021,Rainy,Coquillettidia venezuelensis,101,5895396,4058735,24.88,Macouria meta-like virus 14,Macouria meta-like virus 14  isolate GUY1873
HVT7HBGXH_Guyane-Macouria-Mar-2021-Rainy-Coquillettidia-venezuelensis-2_S23,NODE_5877_length_1135_cov_2.720339,Metaviridae,Guyane,Macouria,Mar-21,2021,Rainy,Coquillettidia venezuelensis,98,5895396,4058735,24.15,Macouria meta-like virus 17,Macouria meta-like virus 17  isolate GUY1874
HVT7HBGXH_Guyane-Macouria-Mar-2021-Rainy-Coquillettidia-venezuelensis-3_S24,NODE_108_length_6183_cov_3.999182,Metaviridae,Guyane,Macouria,Mar-21,2021,Rainy,Coquillettidia venezuelensis,462,6043150,5791022,79.78,Macouria meta-like virus 5,Macouria meta-like virus 5  isolate GUY1888
HVT7HBGXH_Guyane-Macouria-Mar-2021-Rainy-Coquillettidia-venezuelensis-3_S24,NODE_478_length_4022_cov_3.476070,Metaviridae,Guyane,Macouria,Mar-21,2021,Rainy,Coquillettidia venezuelensis,424,6043150,5791022,73.22,Macouria meta-like virus 4,Macouria meta-like virus 4  isolate GUY1887
HVT7HBGXH_Guyane-Macouria-Mar-2021-Rainy-Coquillettidia-venezuelensis-3_S24,NODE_3013_length_1930_cov_2.450727,Metaviridae,Guyane,Macouria,Mar-21,2021,Rainy,Coquillettidia venezuelensis,75,6043150,5791022,12.95,Macouria meta-like virus 23,Macouria meta-like virus 23  isolate GUY1884
HVT7HBGXH_Guyane-Macouria-Mar-2021-Rainy-Coquillettidia-venezuelensis-3_S24,NODE_1894_length_2439_cov_1352.966188,Tombusviridae,Guyane,Macouria,Mar-21,2021,Rainy,Coquillettidia venezuelensis,48105,6043150,5791022,8306.82,Macouria tombus-like virus 1,Macouria tombus-like virus 1  isolate GUY1893
HVT7HBGXH_Guyane-Macouria-Mar-2021-Rainy-Coquillettidia-venezuelensis-3_S24,NODE_1513_length_2687_cov_4.271614,Metaviridae,Guyane,Macouria,Mar-21,2021,Rainy,Coquillettidia venezuelensis,189,6043150,5791022,32.64,Macouria meta-like virus 8,Macouria meta-like virus 8  isolate GUY1891
HVT7HBGXH_Guyane-Macouria-Mar-2021-Rainy-Coquillettidia-venezuelensis-3_S24,NODE_4544_length_1521_cov_6.497238,Metaviridae,Guyane,Macouria,Mar-21,2021,Rainy,Coquillettidia venezuelensis,598,6043150,5791022,103.26,Macouria meta-like virus 9,Macouria meta-like virus 9  isolate GUY1892
HVT7HBGXH_Guyane-Macouria-Mar-2021-Rainy-Coquillettidia-venezuelensis-3_S24,NODE_693_length_3582_cov_5.964377,Metaviridae,Guyane,Macouria,Mar-21,2021,Rainy,Coquillettidia venezuelensis,550,6043150,5791022,94.97,Macouria meta-like virus 3,Macouria meta-like virus 3  isolate GUY1886
HVT7HBGXH_Guyane-Macouria-Mar-2021-Rainy-Coquillettidia-venezuelensis-3_S24,NODE_2788_length_2017_cov_1.556070,Metaviridae,Guyane,Macouria,Mar-21,2021,Rainy,Coquillettidia venezuelensis,112,6043150,5791022,19.34,Macouria meta-like virus 14,Macouria meta-like virus 14  isolate GUY1882
HVT7HBGXH_Guyane-Macouria-Mar-2021-Rainy-Coquillettidia-venezuelensis-3_S24,NODE_2270_length_2246_cov_3087.282559,Tombusviridae,Guyane,Macouria,Mar-21,2021,Rainy,Coquillettidia venezuelensis,107159,6043150,5791022,18504.33,Macouria tombus-like virus 2,Macouria tombus-like virus 2  isolate GUY1894
HVT7HBGXH_Guyane-Macouria-Mar-2021-Rainy-Coquillettidia-venezuelensis-3_S24,NODE_7062_length_1119_cov_1.414914,Metaviridae,Guyane,Macouria,Mar-21,2021,Rainy,Coquillettidia venezuelensis,46,6043150,5791022,7.94,Macouria meta-like virus 24,Macouria meta-like virus 24  isolate GUY1885
HVT7HBGXH_Guyane-Macouria-Mar-2021-Rainy-Coquillettidia-venezuelensis-3_S24,NODE_7228_length_1100_cov_3.087634,Metaviridae,Guyane,Macouria,Mar-21,2021,Rainy,Coquillettidia venezuelensis,174,6043150,5791022,30.05,Macouria meta-like virus 7,Macouria meta-like virus 7  isolate GUY1890
HVT7HBGXH_Guyane-Macouria-Mar-2021-Rainy-Coquillettidia-venezuelensis-3_S24,NODE_3617_length_1734_cov_3.175798,Metaviridae,Guyane,Macouria,Mar-21,2021,Rainy,Coquillettidia venezuelensis,157,6043150,5791022,27.11,Macouria meta-like virus 17,Macouria meta-like virus 17  isolate GUY1883
HVT7HBGXH_Guyane-Macouria-Mar-2021-Rainy-Coquillettidia-venezuelensis-3_S24,NODE_2665_length_2063_cov_4.137688,Aliusviridae,Guyane,Macouria,Mar-21,2021,Rainy,Coquillettidia venezuelensis,251,6043150,5791022,43.34,Macouria alius-like virus 1,Macouria alius-like virus 1  isolate GUY1881
HVT7HBGXH_Guyane-Macouria-Mar-2021-Rainy-Coquillettidia-venezuelensis-3_S24,NODE_7643_length_1056_cov_2.956256,Metaviridae,Guyane,Macouria,Mar-21,2021,Rainy,Coquillettidia venezuelensis,69,6043150,5791022,11.91,Macouria meta-like virus 6,Macouria meta-like virus 6  isolate GUY1889
HVT7HBGXH_Guyane-Macouria-Mar-2021-Rainy-Coquillettidia-venezuelensis-4_S25,NODE_14_length_8980_cov_97.899742,Virgaviridae,Guyane,Macouria,Mar-21,2021,Rainy,Coquillettidia venezuelensis,13358,6055727,5676077,2353.39,Mosquito hepe-like virus HLJ1,Mosquito hepe-like virus HLJ1  isolate GUY1908
HVT7HBGXH_Guyane-Macouria-Mar-2021-Rainy-Coquillettidia-venezuelensis-4_S25,NODE_180_length_5117_cov_5.057494,Metaviridae,Guyane,Macouria,Mar-21,2021,Rainy,Coquillettidia venezuelensis,500,6055727,5676077,88.09,Macouria meta-like virus 5,Macouria meta-like virus 5  isolate GUY1902
HVT7HBGXH_Guyane-Macouria-Mar-2021-Rainy-Coquillettidia-venezuelensis-4_S25,NODE_792_length_3283_cov_3.255140,Metaviridae,Guyane,Macouria,Mar-21,2021,Rainy,Coquillettidia venezuelensis,280,6055727,5676077,49.33,Macouria meta-like virus 26,Macouria meta-like virus 26  isolate GUY1899
HVT7HBGXH_Guyane-Macouria-Mar-2021-Rainy-Coquillettidia-venezuelensis-4_S25,NODE_1773_length_2407_cov_2.637961,Metaviridae,Guyane,Macouria,Mar-21,2021,Rainy,Coquillettidia venezuelensis,158,6055727,5676077,27.84,Macouria meta-like virus 22,Macouria meta-like virus 22  isolate GUY1897
HVT7HBGXH_Guyane-Macouria-Mar-2021-Rainy-Coquillettidia-venezuelensis-4_S25,NODE_600_length_3614_cov_6.572720,Metaviridae,Guyane,Macouria,Mar-21,2021,Rainy,Coquillettidia venezuelensis,918,6055727,5676077,161.73,Macouria meta-like virus 4,Macouria meta-like virus 4  isolate GUY1901
HVT7HBGXH_Guyane-Macouria-Mar-2021-Rainy-Coquillettidia-venezuelensis-4_S25,NODE_1938_length_2319_cov_7.293856,Metaviridae,Guyane,Macouria,Mar-21,2021,Rainy,Coquillettidia venezuelensis,836,6055727,5676077,147.29,Macouria meta-like virus 9,Macouria meta-like virus 9  isolate GUY1905
HVT7HBGXH_Guyane-Macouria-Mar-2021-Rainy-Coquillettidia-venezuelensis-4_S25,NODE_1257_length_2776_cov_5.453570,Metaviridae,Guyane,Macouria,Mar-21,2021,Rainy,Coquillettidia venezuelensis,779,6055727,5676077,137.24,Macouria meta-like virus 3,Macouria meta-like virus 3  isolate GUY1900
HVT7HBGXH_Guyane-Macouria-Mar-2021-Rainy-Coquillettidia-venezuelensis-4_S25,NODE_1724_length_2433_cov_1091.000847,Tombusviridae,Guyane,Macouria,Mar-21,2021,Rainy,Coquillettidia venezuelensis,40115,6055727,5676077,7067.38,Macouria tombus-like virus 1,Macouria tombus-like virus 1  isolate GUY1906
HVT7HBGXH_Guyane-Macouria-Mar-2021-Rainy-Coquillettidia-venezuelensis-4_S25,NODE_4784_length_1427_cov_3.344904,Metaviridae,Guyane,Macouria,Mar-21,2021,Rainy,Coquillettidia venezuelensis,123,6055727,5676077,21.67,Macouria meta-like virus 7,Macouria meta-like virus 7  isolate GUY1903
HVT7HBGXH_Guyane-Macouria-Mar-2021-Rainy-Coquillettidia-venezuelensis-4_S25,NODE_2227_length_2183_cov_3774.719905,Tombusviridae,Guyane,Macouria,Mar-21,2021,Rainy,Coquillettidia venezuelensis,129671,6055727,5676077,22845.18,Macouria tombus-like virus 2,Macouria tombus-like virus 2  isolate GUY1907
HVT7HBGXH_Guyane-Macouria-Mar-2021-Rainy-Coquillettidia-venezuelensis-4_S25,NODE_2025_length_2274_cov_3.578373,Metaviridae,Guyane,Macouria,Mar-21,2021,Rainy,Coquillettidia venezuelensis,147,6055727,5676077,25.9,Macouria meta-like virus 8,Macouria meta-like virus 8  isolate GUY1904
HVT7HBGXH_Guyane-Macouria-Mar-2021-Rainy-Coquillettidia-venezuelensis-4_S25,NODE_7263_length_1079_cov_1.438370,Metaviridae,Guyane,Macouria,Mar-21,2021,Rainy,Coquillettidia venezuelensis,35,6055727,5676077,6.17,Macouria meta-like virus 25,Macouria meta-like virus 25  isolate GUY1898
HVT7HBGXH_Guyane-Macouria-Mar-2021-Rainy-Coquillettidia-venezuelensis-4_S25,NODE_2943_length_1896_cov_3.544707,Metaviridae,Guyane,Macouria,Mar-21,2021,Rainy,Coquillettidia venezuelensis,206,6055727,5676077,36.29,Macouria meta-like virus 17,Macouria meta-like virus 17  isolate GUY1896
HVT7HBGXH_Guyane-Macouria-Mar-2021-Rainy-Coquillettidia-venezuelensis-4_S25,NODE_4079_length_1580_cov_3.716656,Aliusviridae,Guyane,Macouria,Mar-21,2021,Rainy,Coquillettidia venezuelensis,310,6055727,5676077,54.62,Macouria alius-like virus 1,Macouria alius-like virus 1  isolate GUY1895
HVT7HBGXH_Guyane-Macouria-Mar-2021-Rainy-Coquillettidia-venezuelensis-5_S26,NODE_8_length_8960_cov_67.498931,Virgaviridae,Guyane,Macouria,Mar-21,2021,Rainy,Coquillettidia venezuelensis,8933,5415969,3794622,2354.12,Mosquito hepe-like virus HLJ1,Mosquito hepe-like virus HLJ1  isolate GUY1918
HVT7HBGXH_Guyane-Macouria-Mar-2021-Rainy-Coquillettidia-venezuelensis-5_S26,NODE_110_length_5152_cov_4.847608,Metaviridae,Guyane,Macouria,Mar-21,2021,Rainy,Coquillettidia venezuelensis,471,5415969,3794622,124.12,Macouria meta-like virus 5,Macouria meta-like virus 5  isolate GUY1914
HVT7HBGXH_Guyane-Macouria-Mar-2021-Rainy-Coquillettidia-venezuelensis-5_S26,NODE_280_length_3899_cov_2.777574,Aliusviridae,Guyane,Macouria,Mar-21,2021,Rainy,Coquillettidia venezuelensis,291,5415969,3794622,76.69,Macouria alius-like virus 1,Macouria alius-like virus 1  isolate GUY1909
HVT7HBGXH_Guyane-Macouria-Mar-2021-Rainy-Coquillettidia-venezuelensis-5_S26,NODE_152_length_4656_cov_4.984508,Metaviridae,Guyane,Macouria,Mar-21,2021,Rainy,Coquillettidia venezuelensis,534,5415969,3794622,140.73,Macouria meta-like virus 3,Macouria meta-like virus 3  isolate GUY1912
HVT7HBGXH_Guyane-Macouria-Mar-2021-Rainy-Coquillettidia-venezuelensis-5_S26,NODE_182_length_4401_cov_6.973429,Metaviridae,Guyane,Macouria,Mar-21,2021,Rainy,Coquillettidia venezuelensis,936,5415969,3794622,246.66,Macouria meta-like virus 9,Macouria meta-like virus 9  isolate GUY1917
HVT7HBGXH_Guyane-Macouria-Mar-2021-Rainy-Coquillettidia-venezuelensis-5_S26,NODE_5358_length_1164_cov_3.953254,Metaviridae,Guyane,Macouria,Mar-21,2021,Rainy,Coquillettidia venezuelensis,316,5415969,3794622,83.27,Macouria meta-like virus 4,Macouria meta-like virus 4  isolate GUY1913
HVT7HBGXH_Guyane-Macouria-Mar-2021-Rainy-Coquillettidia-venezuelensis-5_S26,NODE_6889_length_1003_cov_2.592473,Metaviridae,Guyane,Macouria,Mar-21,2021,Rainy,Coquillettidia venezuelensis,74,5415969,3794622,19.5,Macouria meta-like virus 17,Macouria meta-like virus 17  isolate GUY1911
HVT7HBGXH_Guyane-Macouria-Mar-2021-Rainy-Coquillettidia-venezuelensis-5_S26,NODE_4849_length_1235_cov_1.394148,Metaviridae,Guyane,Macouria,Mar-21,2021,Rainy,Coquillettidia venezuelensis,63,5415969,3794622,16.6,Macouria meta-like virus 12,Macouria meta-like virus 12  isolate GUY1910
HVT7HBGXH_Guyane-Macouria-Mar-2021-Rainy-Coquillettidia-venezuelensis-5_S26,NODE_2568_length_1738_cov_3.266066,Metaviridae,Guyane,Macouria,Mar-21,2021,Rainy,Coquillettidia venezuelensis,107,5415969,3794622,28.2,Macouria meta-like virus 8,Macouria meta-like virus 8  isolate GUY1916
HVT7HBGXH_Guyane-Macouria-Mar-2021-Rainy-Coquillettidia-venezuelensis-5_S26,NODE_5706_length_1120_cov_2.974212,Metaviridae,Guyane,Macouria,Mar-21,2021,Rainy,Coquillettidia venezuelensis,96,5415969,3794622,25.3,Macouria meta-like virus 6,Macouria meta-like virus 6  isolate GUY1915
HVT7HBGXH_Guyane-Macouria-Nov-2020-Dry-Coquillettidia-venezuelensis-1_S14,NODE_180_length_5448_cov_9.468093,Metaviridae,Guyane,Macouria,Nov-20,2020,Dry,Coquillettidia venezuelensis,933,7721289,7380151,126.42,Macouria meta-like virus 5,Macouria meta-like virus 5  isolate GUY1926
HVT7HBGXH_Guyane-Macouria-Nov-2020-Dry-Coquillettidia-venezuelensis-1_S14,NODE_778_length_3589_cov_433.702503,Chrysoviridae,Guyane,Macouria,Nov-20,2020,Dry,Coquillettidia venezuelensis,23622,7721289,7380151,3200.75,Macouria chryso-like virus 1,Macouria chryso-like virus 1  isolate GUY1919
HVT7HBGXH_Guyane-Macouria-Nov-2020-Dry-Coquillettidia-venezuelensis-1_S14,NODE_103_length_6237_cov_386.938838,Orthototiviridae,Guyane,Macouria,Nov-20,2020,Dry,Coquillettidia venezuelensis,62933,7721289,7380151,8527.33,Macouria orthototi-like virus 10,Macouria orthototi-like virus 10  isolate GUY1931
HVT7HBGXH_Guyane-Macouria-Nov-2020-Dry-Coquillettidia-venezuelensis-1_S14,NODE_537_length_4017_cov_3.576572,Metaviridae,Guyane,Macouria,Nov-20,2020,Dry,Coquillettidia venezuelensis,435,7721289,7380151,58.94,Macouria meta-like virus 4,Macouria meta-like virus 4  isolate GUY1925
HVT7HBGXH_Guyane-Macouria-Nov-2020-Dry-Coquillettidia-venezuelensis-1_S14,NODE_695_length_3716_cov_7.802361,Metaviridae,Guyane,Macouria,Nov-20,2020,Dry,Coquillettidia venezuelensis,1338,7721289,7380151,181.3,Macouria meta-like virus 9,Macouria meta-like virus 9  isolate GUY1929
HVT7HBGXH_Guyane-Macouria-Nov-2020-Dry-Coquillettidia-venezuelensis-1_S14,NODE_879_length_3412_cov_231.433064,Orthototiviridae,Guyane,Macouria,Nov-20,2020,Dry,Coquillettidia venezuelensis,11881,7721289,7380151,1609.86,Macouria orthototi-like virus 2,Macouria orthototi-like virus 2  isolate GUY1933
HVT7HBGXH_Guyane-Macouria-Nov-2020-Dry-Coquillettidia-venezuelensis-1_S14,NODE_878_length_3412_cov_321.924828,Orthototiviridae,Guyane,Macouria,Nov-20,2020,Dry,Coquillettidia venezuelensis,16575,7721289,7380151,2245.89,Macouria orthototi-like virus 11,Macouria orthototi-like virus 11  isolate GUY1932
HVT7HBGXH_Guyane-Macouria-Nov-2020-Dry-Coquillettidia-venezuelensis-1_S14,NODE_354_length_4613_cov_6.539207,Metaviridae,Guyane,Macouria,Nov-20,2020,Dry,Coquillettidia venezuelensis,708,7721289,7380151,95.93,Macouria meta-like virus 3,Macouria meta-like virus 3  isolate GUY1924
HVT7HBGXH_Guyane-Macouria-Nov-2020-Dry-Coquillettidia-venezuelensis-1_S14,NODE_4447_length_1678_cov_4.133333,Metaviridae,Guyane,Macouria,Nov-20,2020,Dry,Coquillettidia venezuelensis,191,7721289,7380151,25.88,Macouria meta-like virus 7,Macouria meta-like virus 7  isolate GUY1927
HVT7HBGXH_Guyane-Macouria-Nov-2020-Dry-Coquillettidia-venezuelensis-1_S14,NODE_6690_length_1316_cov_2.617860,Metaviridae,Guyane,Macouria,Nov-20,2020,Dry,Coquillettidia venezuelensis,107,7721289,7380151,14.5,Macouria meta-like virus 25,Macouria meta-like virus 25  isolate GUY1923
HVT7HBGXH_Guyane-Macouria-Nov-2020-Dry-Coquillettidia-venezuelensis-1_S14,NODE_3525_length_1911_cov_1.786725,Metaviridae,Guyane,Macouria,Nov-20,2020,Dry,Coquillettidia venezuelensis,65,7721289,7380151,8.81,Macouria meta-like virus 17,Macouria meta-like virus 17  isolate GUY1920
HVT7HBGXH_Guyane-Macouria-Nov-2020-Dry-Coquillettidia-venezuelensis-1_S14,NODE_316_length_4746_cov_9.775091,Nudiviridae,Guyane,Macouria,Nov-20,2020,Dry,Coquillettidia venezuelensis,1274,7721289,7380151,172.63,Macouria nudi-like virus 1,Macouria nudi-like virus 1  isolate GUY1930
HVT7HBGXH_Guyane-Macouria-Nov-2020-Dry-Coquillettidia-venezuelensis-1_S14,NODE_8252_length_1138_cov_2.375587,Metaviridae,Guyane,Macouria,Nov-20,2020,Dry,Coquillettidia venezuelensis,52,7721289,7380151,07.05,Macouria meta-like virus 8,Macouria meta-like virus 8  isolate GUY1928
HVT7HBGXH_Guyane-Macouria-Nov-2020-Dry-Coquillettidia-venezuelensis-1_S14,NODE_8953_length_1076_cov_1.222333,Metaviridae,Guyane,Macouria,Nov-20,2020,Dry,Coquillettidia venezuelensis,38,7721289,7380151,5.15,Macouria meta-like virus 23,Macouria meta-like virus 23  isolate GUY1922
HVT7HBGXH_Guyane-Macouria-Nov-2020-Dry-Coquillettidia-venezuelensis-1_S14,NODE_8004_length_1161_cov_2.615809,Metaviridae,Guyane,Macouria,Nov-20,2020,Dry,Coquillettidia venezuelensis,78,7721289,7380151,10.57,Macouria meta-like virus 22,Macouria meta-like virus 22  isolate GUY1921
HVT7HBGXH_Guyane-Macouria-Nov-2020-Dry-Coquillettidia-venezuelensis-1_S14,NODE_8182_length_1146_cov_1.850885,Tombusviridae,Guyane,Macouria,Nov-20,2020,Dry,Coquillettidia venezuelensis,29,7721289,7380151,3.93,Macouria tombus-like virus 1,Macouria tombus-like virus 1  isolate GUY1934
HVT7HBGXH_Guyane-Macouria-Nov-2020-Dry-Coquillettidia-venezuelensis-2_S15,NODE_52_length_7043_cov_220.183070,Chuviridae,Guyane,Macouria,Nov-20,2020,Dry,Coquillettidia venezuelensis,22687,8015495,6799814,3336.41,Mosquito mono-like virus NX2,Mosquito mono-like virus NX2  isolate GUY1948
HVT7HBGXH_Guyane-Macouria-Nov-2020-Dry-Coquillettidia-venezuelensis-2_S15,NODE_1302_length_2782_cov_7.866371,Metaviridae,Guyane,Macouria,Nov-20,2020,Dry,Coquillettidia venezuelensis,1308,8015495,6799814,192.36,Macouria meta-like virus 5,Macouria meta-like virus 5  isolate GUY1943
HVT7HBGXH_Guyane-Macouria-Nov-2020-Dry-Coquillettidia-venezuelensis-2_S15,NODE_626_length_3558_cov_4.349498,Metaviridae,Guyane,Macouria,Nov-20,2020,Dry,Coquillettidia venezuelensis,394,8015495,6799814,57.94,Macouria meta-like virus 7,Macouria meta-like virus 7  isolate GUY1945
HVT7HBGXH_Guyane-Macouria-Nov-2020-Dry-Coquillettidia-venezuelensis-2_S15,NODE_404_length_4043_cov_6.870025,Metaviridae,Guyane,Macouria,Nov-20,2020,Dry,Coquillettidia venezuelensis,605,8015495,6799814,88.97,Macouria meta-like virus 3,Macouria meta-like virus 3  isolate GUY1941
HVT7HBGXH_Guyane-Macouria-Nov-2020-Dry-Coquillettidia-venezuelensis-2_S15,NODE_2154_length_2260_cov_13.067215,Metaviridae,Guyane,Macouria,Nov-20,2020,Dry,Coquillettidia venezuelensis,1021,8015495,6799814,150.15,Macouria meta-like virus 9,Macouria meta-like virus 9  isolate GUY1947
HVT7HBGXH_Guyane-Macouria-Nov-2020-Dry-Coquillettidia-venezuelensis-2_S15,NODE_1313_length_2772_cov_3.031864,Metaviridae,Guyane,Macouria,Nov-20,2020,Dry,Coquillettidia venezuelensis,233,8015495,6799814,34.27,Macouria meta-like virus 28,Macouria meta-like virus 28  isolate GUY1940
HVT7HBGXH_Guyane-Macouria-Nov-2020-Dry-Coquillettidia-venezuelensis-2_S15,NODE_5090_length_1457_cov_3.643786,Metaviridae,Guyane,Macouria,Nov-20,2020,Dry,Coquillettidia venezuelensis,369,8015495,6799814,54.27,Macouria meta-like virus 4,Macouria meta-like virus 4  isolate GUY1942
HVT7HBGXH_Guyane-Macouria-Nov-2020-Dry-Coquillettidia-venezuelensis-2_S15,NODE_7232_length_1170_cov_6.092981,Metaviridae,Guyane,Macouria,Nov-20,2020,Dry,Coquillettidia venezuelensis,222,8015495,6799814,32.65,Macouria meta-like virus 11,Macouria meta-like virus 11  isolate GUY1936
HVT7HBGXH_Guyane-Macouria-Nov-2020-Dry-Coquillettidia-venezuelensis-2_S15,NODE_6480_length_1254_cov_2.331922,Metaviridae,Guyane,Macouria,Nov-20,2020,Dry,Coquillettidia venezuelensis,85,8015495,6799814,12.5,Macouria meta-like virus 27,Macouria meta-like virus 27  isolate GUY1939
HVT7HBGXH_Guyane-Macouria-Nov-2020-Dry-Coquillettidia-venezuelensis-2_S15,NODE_5384_length_1405_cov_5.629129,Metaviridae,Guyane,Macouria,Nov-20,2020,Dry,Coquillettidia venezuelensis,297,8015495,6799814,43.68,Macouria meta-like virus 17,Macouria meta-like virus 17  isolate GUY1938
HVT7HBGXH_Guyane-Macouria-Nov-2020-Dry-Coquillettidia-venezuelensis-2_S15,NODE_5009_length_1471_cov_3.838340,Metaviridae,Guyane,Macouria,Nov-20,2020,Dry,Coquillettidia venezuelensis,98,8015495,6799814,14.41,Macouria meta-like virus 8,Macouria meta-like virus 8  isolate GUY1946
HVT7HBGXH_Guyane-Macouria-Nov-2020-Dry-Coquillettidia-venezuelensis-2_S15,NODE_7730_length_1120_cov_1.537727,Metaviridae,Guyane,Macouria,Nov-20,2020,Dry,Coquillettidia venezuelensis,51,8015495,6799814,7.5,Macouria meta-like virus 12,Macouria meta-like virus 12  isolate GUY1937
HVT7HBGXH_Guyane-Macouria-Nov-2020-Dry-Coquillettidia-venezuelensis-2_S15,NODE_3657_length_1736_cov_3.850271,Aliusviridae,Guyane,Macouria,Nov-20,2020,Dry,Coquillettidia venezuelensis,418,8015495,6799814,61.47,Macouria alius-like virus 1,Macouria alius-like virus 1  isolate GUY1935
HVT7HBGXH_Guyane-Macouria-Nov-2020-Dry-Coquillettidia-venezuelensis-2_S15,NODE_4659_length_1531_cov_3.313443,Metaviridae,Guyane,Macouria,Nov-20,2020,Dry,Coquillettidia venezuelensis,664,8015495,6799814,97.65,Macouria meta-like virus 6,Macouria meta-like virus 6  isolate GUY1944
HVT7HBGXH_Guyane-Macouria-Nov-2020-Dry-Coquillettidia-venezuelensis-3_S16,NODE_10_length_9109_cov_125.340084,Virgaviridae,Guyane,Macouria,Nov-20,2020,Dry,Coquillettidia venezuelensis,16866,5817416,4252466,3966.17,Macouria virga-like virus 1,Macouria virga-like virus 1  isolate GUY1957
HVT7HBGXH_Guyane-Macouria-Nov-2020-Dry-Coquillettidia-venezuelensis-3_S16,NODE_1857_length_2111_cov_2.810108,Metaviridae,Guyane,Macouria,Nov-20,2020,Dry,Coquillettidia venezuelensis,211,5817416,4252466,49.61,Macouria meta-like virus 5,Macouria meta-like virus 5  isolate GUY1954
HVT7HBGXH_Guyane-Macouria-Nov-2020-Dry-Coquillettidia-venezuelensis-3_S16,NODE_2115_length_1987_cov_1.446186,Metaviridae,Guyane,Macouria,Nov-20,2020,Dry,Coquillettidia venezuelensis,67,5817416,4252466,15.76,Macouria meta-like virus 29,Macouria meta-like virus 29  isolate GUY1951
HVT7HBGXH_Guyane-Macouria-Nov-2020-Dry-Coquillettidia-venezuelensis-3_S16,NODE_1620_length_2229_cov_5.583024,Metaviridae,Guyane,Macouria,Nov-20,2020,Dry,Coquillettidia venezuelensis,812,5817416,4252466,190.95,Macouria meta-like virus 9,Macouria meta-like virus 9  isolate GUY1956
HVT7HBGXH_Guyane-Macouria-Nov-2020-Dry-Coquillettidia-venezuelensis-3_S16,NODE_1113_length_2621_cov_3.576923,Metaviridae,Guyane,Macouria,Nov-20,2020,Dry,Coquillettidia venezuelensis,461,5817416,4252466,108.41,Macouria meta-like virus 3,Macouria meta-like virus 3  isolate GUY1952
HVT7HBGXH_Guyane-Macouria-Nov-2020-Dry-Coquillettidia-venezuelensis-3_S16,NODE_3178_length_1619_cov_2.263907,Metaviridae,Guyane,Macouria,Nov-20,2020,Dry,Coquillettidia venezuelensis,204,5817416,4252466,47.97,Macouria meta-like virus 7,Macouria meta-like virus 7  isolate GUY1955
HVT7HBGXH_Guyane-Macouria-Nov-2020-Dry-Coquillettidia-venezuelensis-3_S16,NODE_2568_length_1817_cov_2.316514,Metaviridae,Guyane,Macouria,Nov-20,2020,Dry,Coquillettidia venezuelensis,134,5817416,4252466,31.51,Macouria meta-like virus 4,Macouria meta-like virus 4  isolate GUY1953
HVT7HBGXH_Guyane-Macouria-Nov-2020-Dry-Coquillettidia-venezuelensis-3_S16,NODE_4373_length_1356_cov_2.539361,Metaviridae,Guyane,Macouria,Nov-20,2020,Dry,Coquillettidia venezuelensis,89,5817416,4252466,20.93,Macouria meta-like virus 13,Macouria meta-like virus 13  isolate GUY1950
HVT7HBGXH_Guyane-Macouria-Nov-2020-Dry-Coquillettidia-venezuelensis-3_S16,NODE_6117_length_1104_cov_2.329777,Aliusviridae,Guyane,Macouria,Nov-20,2020,Dry,Coquillettidia venezuelensis,61,5817416,4252466,14.34,Macouria alius-like virus 1,Macouria alius-like virus 1  isolate GUY1949
HVT7HBGXH_Guyane-Macouria-Nov-2020-Dry-Coquillettidia-venezuelensis-4_S17,NODE_27_length_7044_cov_4.333955,Metaviridae,Guyane,Macouria,Nov-20,2020,Dry,Coquillettidia venezuelensis,617,6777570,6434682,95.89,Macouria meta-like virus 5,Macouria meta-like virus 5  isolate GUY1967
HVT7HBGXH_Guyane-Macouria-Nov-2020-Dry-Coquillettidia-venezuelensis-4_S17,NODE_58_length_5934_cov_212.473298,Orthototiviridae,Guyane,Macouria,Nov-20,2020,Dry,Coquillettidia venezuelensis,19803,6777570,6434682,3077.54,Macouria orthototi-like virus 13,Macouria orthototi-like virus 13  isolate GUY1972
HVT7HBGXH_Guyane-Macouria-Nov-2020-Dry-Coquillettidia-venezuelensis-4_S17,NODE_57_length_5937_cov_213.688438,Orthototiviridae,Guyane,Macouria,Nov-20,2020,Dry,Coquillettidia venezuelensis,19631,6777570,6434682,3050.81,Macouria orthototi-like virus 12,Macouria orthototi-like virus 12  isolate GUY1971
HVT7HBGXH_Guyane-Macouria-Nov-2020-Dry-Coquillettidia-venezuelensis-4_S17,NODE_760_length_2965_cov_3.615145,Metaviridae,Guyane,Macouria,Nov-20,2020,Dry,Coquillettidia venezuelensis,241,6777570,6434682,37.45,Macouria meta-like virus 4,Macouria meta-like virus 4  isolate GUY1966
HVT7HBGXH_Guyane-Macouria-Nov-2020-Dry-Coquillettidia-venezuelensis-4_S17,NODE_1306_length_2432_cov_4562.403561,Tombusviridae,Guyane,Macouria,Nov-20,2020,Dry,Coquillettidia venezuelensis,164010,6777570,6434682,25488.44,Macouria tombus-like virus 1,Macouria tombus-like virus 1  isolate GUY1973
HVT7HBGXH_Guyane-Macouria-Nov-2020-Dry-Coquillettidia-venezuelensis-4_S17,NODE_1910_length_2088_cov_1.344913,Metaviridae,Guyane,Macouria,Nov-20,2020,Dry,Coquillettidia venezuelensis,88,6777570,6434682,13.68,Macouria meta-like virus 12,Macouria meta-like virus 12  isolate GUY1960
HVT7HBGXH_Guyane-Macouria-Nov-2020-Dry-Coquillettidia-venezuelensis-4_S17,NODE_5621_length_1207_cov_7.586420,Metaviridae,Guyane,Macouria,Nov-20,2020,Dry,Coquillettidia venezuelensis,204,6777570,6434682,31.7,Macouria meta-like virus 9,Macouria meta-like virus 9  isolate GUY1970
HVT7HBGXH_Guyane-Macouria-Nov-2020-Dry-Coquillettidia-venezuelensis-4_S17,NODE_6567_length_1099_cov_1.350877,Metaviridae,Guyane,Macouria,Nov-20,2020,Dry,Coquillettidia venezuelensis,30,6777570,6434682,4.66,Macouria meta-like virus 23,Macouria meta-like virus 23  isolate GUY1962
HVT7HBGXH_Guyane-Macouria-Nov-2020-Dry-Coquillettidia-venezuelensis-4_S17,NODE_2224_length_1960_cov_1.928988,Metaviridae,Guyane,Macouria,Nov-20,2020,Dry,Coquillettidia venezuelensis,229,6777570,6434682,35.59,Macouria meta-like virus 30,Macouria meta-like virus 30  isolate GUY1963
HVT7HBGXH_Guyane-Macouria-Nov-2020-Dry-Coquillettidia-venezuelensis-4_S17,NODE_2304_length_1933_cov_3.901075,Metaviridae,Guyane,Macouria,Nov-20,2020,Dry,Coquillettidia venezuelensis,227,6777570,6434682,35.28,Macouria meta-like virus 31,Macouria meta-like virus 31  isolate GUY1964
HVT7HBGXH_Guyane-Macouria-Nov-2020-Dry-Coquillettidia-venezuelensis-4_S17,NODE_1889_length_2097_cov_2.405138,Metaviridae,Guyane,Macouria,Nov-20,2020,Dry,Coquillettidia venezuelensis,186,6777570,6434682,28.91,Macouria meta-like virus 6,Macouria meta-like virus 6  isolate GUY1968
HVT7HBGXH_Guyane-Macouria-Nov-2020-Dry-Coquillettidia-venezuelensis-4_S17,NODE_2375_length_1901_cov_3.102298,Metaviridae,Guyane,Macouria,Nov-20,2020,Dry,Coquillettidia venezuelensis,168,6777570,6434682,26.11,Macouria meta-like virus 17,Macouria meta-like virus 17  isolate GUY1961
HVT7HBGXH_Guyane-Macouria-Nov-2020-Dry-Coquillettidia-venezuelensis-4_S17,NODE_5058_length_1285_cov_1.520627,Metaviridae,Guyane,Macouria,Nov-20,2020,Dry,Coquillettidia venezuelensis,69,6777570,6434682,10.72,Macouria meta-like virus 32,Macouria meta-like virus 32  isolate GUY1965
HVT7HBGXH_Guyane-Macouria-Nov-2020-Dry-Coquillettidia-venezuelensis-4_S17,NODE_2726_length_1792_cov_3.261198,Aliusviridae,Guyane,Macouria,Nov-20,2020,Dry,Coquillettidia venezuelensis,169,6777570,6434682,26.26,Macouria alius-like virus 1,Macouria alius-like virus 1  isolate GUY1958
HVT7HBGXH_Guyane-Macouria-Nov-2020-Dry-Coquillettidia-venezuelensis-4_S17,NODE_1595_length_2253_cov_5.095872,Aliusviridae,Guyane,Macouria,Nov-20,2020,Dry,Coquillettidia venezuelensis,406,6777570,6434682,63.1,Macouria alius-like virus 3,Macouria alius-like virus 3  isolate GUY1959
HVT7HBGXH_Guyane-Macouria-Nov-2020-Dry-Coquillettidia-venezuelensis-4_S17,NODE_7353_length_1023_cov_2.948421,Metaviridae,Guyane,Macouria,Nov-20,2020,Dry,Coquillettidia venezuelensis,48,6777570,6434682,7.46,Macouria meta-like virus 8,Macouria meta-like virus 8  isolate GUY1969
HVT7HBGXH_Guyane-Macouria-Nov-2020-Dry-Coquillettidia-venezuelensis-5_S18,NODE_489_length_3534_cov_5.645767,Metaviridae,Guyane,Macouria,Nov-20,2020,Dry,Coquillettidia venezuelensis,363,6828585,6514778,55.72,Macouria meta-like virus 5,Macouria meta-like virus 5  isolate GUY1981
HVT7HBGXH_Guyane-Macouria-Nov-2020-Dry-Coquillettidia-venezuelensis-5_S18,NODE_39_length_6830_cov_5.779340,Metaviridae,Guyane,Macouria,Nov-20,2020,Dry,Coquillettidia venezuelensis,949,6828585,6514778,145.67,Macouria meta-like virus 4,Macouria meta-like virus 4  isolate GUY1980
HVT7HBGXH_Guyane-Macouria-Nov-2020-Dry-Coquillettidia-venezuelensis-5_S18,NODE_1111_length_2645_cov_5.967341,Metaviridae,Guyane,Macouria,Nov-20,2020,Dry,Coquillettidia venezuelensis,332,6828585,6514778,50.96,Macouria meta-like virus 34,Macouria meta-like virus 34  isolate GUY1979
HVT7HBGXH_Guyane-Macouria-Nov-2020-Dry-Coquillettidia-venezuelensis-5_S18,NODE_207_length_4590_cov_6.984724,Metaviridae,Guyane,Macouria,Nov-20,2020,Dry,Coquillettidia venezuelensis,679,6828585,6514778,104.22,Macouria meta-like virus 3,Macouria meta-like virus 3  isolate GUY1977
HVT7HBGXH_Guyane-Macouria-Nov-2020-Dry-Coquillettidia-venezuelensis-5_S18,NODE_3297_length_1647_cov_9.558450,Metaviridae,Guyane,Macouria,Nov-20,2020,Dry,Coquillettidia venezuelensis,924,6828585,6514778,141.83,Macouria meta-like virus 9,Macouria meta-like virus 9  isolate GUY1984
HVT7HBGXH_Guyane-Macouria-Nov-2020-Dry-Coquillettidia-venezuelensis-5_S18,NODE_1380_length_2437_cov_6784.340948,Tombusviridae,Guyane,Macouria,Nov-20,2020,Dry,Coquillettidia venezuelensis,243710,6828585,6514778,37408.8,Macouria tombus-like virus 1,Macouria tombus-like virus 1  isolate GUY1985
HVT7HBGXH_Guyane-Macouria-Nov-2020-Dry-Coquillettidia-venezuelensis-5_S18,NODE_3982_length_1503_cov_2.532867,Metaviridae,Guyane,Macouria,Nov-20,2020,Dry,Coquillettidia venezuelensis,95,6828585,6514778,14.58,Macouria meta-like virus 17,Macouria meta-like virus 17  isolate GUY1976
HVT7HBGXH_Guyane-Macouria-Nov-2020-Dry-Coquillettidia-venezuelensis-5_S18,NODE_4150_length_1468_cov_4.903943,Metaviridae,Guyane,Macouria,Nov-20,2020,Dry,Coquillettidia venezuelensis,351,6828585,6514778,53.88,Macouria meta-like virus 7,Macouria meta-like virus 7  isolate GUY1983
HVT7HBGXH_Guyane-Macouria-Nov-2020-Dry-Coquillettidia-venezuelensis-5_S18,NODE_962_length_2792_cov_3.382861,Metaviridae,Guyane,Macouria,Nov-20,2020,Dry,Coquillettidia venezuelensis,251,6828585,6514778,38.53,Macouria meta-like virus 13,Macouria meta-like virus 13  isolate GUY1975
HVT7HBGXH_Guyane-Macouria-Nov-2020-Dry-Coquillettidia-venezuelensis-5_S18,NODE_1697_length_2238_cov_2528.026328,Tombusviridae,Guyane,Macouria,Nov-20,2020,Dry,Coquillettidia venezuelensis,89613,6828585,6514778,13755.34,Macouria tombus-like virus 2,Macouria tombus-like virus 2  isolate GUY1986
HVT7HBGXH_Guyane-Macouria-Nov-2020-Dry-Coquillettidia-venezuelensis-5_S18,NODE_6126_length_1176_cov_2.512239,Metaviridae,Guyane,Macouria,Nov-20,2020,Dry,Coquillettidia venezuelensis,60,6828585,6514778,9.21,Macouria meta-like virus 33,Macouria meta-like virus 33  isolate GUY1978
HVT7HBGXH_Guyane-Macouria-Nov-2020-Dry-Coquillettidia-venezuelensis-5_S18,NODE_1911_length_2126_cov_2.658061,Aliusviridae,Guyane,Macouria,Nov-20,2020,Dry,Coquillettidia venezuelensis,385,6828585,6514778,59.09,Macouria alius-like virus 1,Macouria alius-like virus 1  isolate GUY1974
HVT7HBGXH_Guyane-Macouria-Nov-2020-Dry-Coquillettidia-venezuelensis-5_S18,NODE_5692_length_1231_cov_2.930052,Metaviridae,Guyane,Macouria,Nov-20,2020,Dry,Coquillettidia venezuelensis,95,6828585,6514778,14.58,Macouria meta-like virus 6,Macouria meta-like virus 6  isolate GUY1982
HVT7HBGXH_Guyane-Macouria-Nov-2020-Dry-Mansonia-titillans-1_S19,NODE_2_length_10975_cov_24.063475,Virgaviridae,Guyane,Macouria,Nov-20,2020,Dry,Mansonia titillans,3861,7010598,6596046,585.35,Macouria virga-like virus 4,Macouria virga-like virus 4  isolate GUY2018
HVT7HBGXH_Guyane-Macouria-Nov-2020-Dry-Mansonia-titillans-1_S19,NODE_1_length_13383_cov_19.365740,Xinmoviridae,Guyane,Macouria,Nov-20,2020,Dry,Mansonia titillans,3915,7010598,6596046,593.54,Macouria xinmo-like virus 4,Macouria xinmo-like virus 4  isolate GUY2019
HVT7HBGXH_Guyane-Macouria-Nov-2020-Dry-Mansonia-titillans-1_S19,NODE_32_length_6628_cov_6.877498,Metaviridae,Guyane,Macouria,Nov-20,2020,Dry,Mansonia titillans,1587,7010598,6596046,240.6,Macouria meta-like virus 81,Macouria meta-like virus 81  isolate GUY2007
HVT7HBGXH_Guyane-Macouria-Nov-2020-Dry-Mansonia-titillans-1_S19,NODE_18_length_7473_cov_12.927162,Metaviridae,Guyane,Macouria,Nov-20,2020,Dry,Mansonia titillans,2177,7010598,6596046,330.05,Macouria meta-like virus 50,Macouria meta-like virus 50  isolate GUY1993
HVT7HBGXH_Guyane-Macouria-Nov-2020-Dry-Mansonia-titillans-1_S19,NODE_49_length_6112_cov_23.439311,Metaviridae,Guyane,Macouria,Nov-20,2020,Dry,Mansonia titillans,3324,7010598,6596046,503.94,Macouria meta-like virus 47,Macouria meta-like virus 47  isolate GUY1991
HVT7HBGXH_Guyane-Macouria-Nov-2020-Dry-Mansonia-titillans-1_S19,NODE_22_length_7128_cov_26.704040,Metaviridae,Guyane,Macouria,Nov-20,2020,Dry,Mansonia titillans,3031,7010598,6596046,459.52,Macouria meta-like virus 64,Macouria meta-like virus 64  isolate GUY1994
HVT7HBGXH_Guyane-Macouria-Nov-2020-Dry-Mansonia-titillans-1_S19,NODE_11_length_8340_cov_14.477199,Metaviridae,Guyane,Macouria,Nov-20,2020,Dry,Mansonia titillans,3792,7010598,6596046,574.89,Macouria meta-like virus 65,Macouria meta-like virus 65  isolate GUY1995
HVT7HBGXH_Guyane-Macouria-Nov-2020-Dry-Mansonia-titillans-1_S19,NODE_41_length_6336_cov_4.373623,Metaviridae,Guyane,Macouria,Nov-20,2020,Dry,Mansonia titillans,778,7010598,6596046,117.95,Macouria meta-like virus 85,Macouria meta-like virus 85  isolate GUY2011
HVT7HBGXH_Guyane-Macouria-Nov-2020-Dry-Mansonia-titillans-1_S19,NODE_20_length_7228_cov_202.711670,Orthototiviridae,Guyane,Macouria,Nov-20,2020,Dry,Mansonia titillans,23452,7010598,6596046,3555.46,Macouria orthototi-like virus 15,Macouria orthototi-like virus 15  isolate GUY2014
HVT7HBGXH_Guyane-Macouria-Nov-2020-Dry-Mansonia-titillans-1_S19,NODE_102_length_4923_cov_5.787835,Metaviridae,Guyane,Macouria,Nov-20,2020,Dry,Mansonia titillans,1722,7010598,6596046,261.06,Macouria meta-like virus 42,Macouria meta-like virus 42  isolate GUY1987
HVT7HBGXH_Guyane-Macouria-Nov-2020-Dry-Mansonia-titillans-1_S19,NODE_23_length_7113_cov_6.219460,Metaviridae,Guyane,Macouria,Nov-20,2020,Dry,Mansonia titillans,1102,7010598,6596046,167.07,Macouria meta-like virus 77,Macouria meta-like virus 77  isolate GUY2003
HVT7HBGXH_Guyane-Macouria-Nov-2020-Dry-Mansonia-titillans-1_S19,NODE_277_length_3640_cov_3.388281,Metaviridae,Guyane,Macouria,Nov-20,2020,Dry,Mansonia titillans,348,7010598,6596046,52.76,Macouria meta-like virus 82,Macouria meta-like virus 82  isolate GUY2008
HVT7HBGXH_Guyane-Macouria-Nov-2020-Dry-Mansonia-titillans-1_S19,NODE_147_length_4354_cov_26.097407,Metaviridae,Guyane,Macouria,Nov-20,2020,Dry,Mansonia titillans,2509,7010598,6596046,380.38,Macouria meta-like virus 48,Macouria meta-like virus 48  isolate GUY1992
HVT7HBGXH_Guyane-Macouria-Nov-2020-Dry-Mansonia-titillans-1_S19,NODE_88_length_5143_cov_14.339053,Metaviridae,Guyane,Macouria,Nov-20,2020,Dry,Mansonia titillans,2450,7010598,6596046,371.43,Macouria meta-like virus 45,Macouria meta-like virus 45  isolate GUY1989
HVT7HBGXH_Guyane-Macouria-Nov-2020-Dry-Mansonia-titillans-1_S19,NODE_167_length_4216_cov_8.638909,Metaviridae,Guyane,Macouria,Nov-20,2020,Dry,Mansonia titillans,818,7010598,6596046,124.01,Macouria meta-like virus 75,Macouria meta-like virus 75  isolate GUY2001
HVT7HBGXH_Guyane-Macouria-Nov-2020-Dry-Mansonia-titillans-1_S19,NODE_169_length_4207_cov_13.627479,Metaviridae,Guyane,Macouria,Nov-20,2020,Dry,Mansonia titillans,1013,7010598,6596046,153.58,Macouria meta-like virus 78,Macouria meta-like virus 78  isolate GUY2004
HVT7HBGXH_Guyane-Macouria-Nov-2020-Dry-Mansonia-titillans-1_S19,NODE_987_length_2451_cov_43.445753,Orthomyxoviridae,Guyane,Macouria,Nov-20,2020,Dry,Mansonia titillans,1583,7010598,6596046,239.99,Macouria orthomyxo-like virus 3,Macouria orthomyxo-like virus 3  isolate GUY2013
HVT7HBGXH_Guyane-Macouria-Nov-2020-Dry-Mansonia-titillans-1_S19,NODE_945_length_2482_cov_29.837277,Orthomyxoviridae,Guyane,Macouria,Nov-20,2020,Dry,Mansonia titillans,1092,7010598,6596046,165.55,Macouria orthomyxo-like virus 2,Macouria orthomyxo-like virus 2  isolate GUY2012
HVT7HBGXH_Guyane-Macouria-Nov-2020-Dry-Mansonia-titillans-1_S19,NODE_1493_length_2131_cov_6.771137,Metaviridae,Guyane,Macouria,Nov-20,2020,Dry,Mansonia titillans,446,7010598,6596046,67.62,Macouria meta-like virus 76,Macouria meta-like virus 76  isolate GUY2002
HVT7HBGXH_Guyane-Macouria-Nov-2020-Dry-Mansonia-titillans-1_S19,NODE_77_length_5332_cov_22.592318,Parvoviridae,Guyane,Macouria,Nov-20,2020,Dry,Mansonia titillans,2380,7010598,6596046,360.82,Macouria parvo-like virus 1,Macouria parvo-like virus 1  isolate GUY2016
HVT7HBGXH_Guyane-Macouria-Nov-2020-Dry-Mansonia-titillans-1_S19,NODE_1765_length_2021_cov_4.363450,Metaviridae,Guyane,Macouria,Nov-20,2020,Dry,Mansonia titillans,267,7010598,6596046,40.48,Macouria meta-like virus 74,Macouria meta-like virus 74  isolate GUY2000
HVT7HBGXH_Guyane-Macouria-Nov-2020-Dry-Mansonia-titillans-1_S19,NODE_2018_length_1934_cov_2.141322,Metaviridae,Guyane,Macouria,Nov-20,2020,Dry,Mansonia titillans,133,7010598,6596046,20.16,Macouria meta-like virus 68,Macouria meta-like virus 68  isolate GUY1997
HVT7HBGXH_Guyane-Macouria-Nov-2020-Dry-Mansonia-titillans-1_S19,NODE_694_length_2740_cov_4.532058,Metaviridae,Guyane,Macouria,Nov-20,2020,Dry,Mansonia titillans,353,7010598,6596046,53.52,Macouria meta-like virus 83,Macouria meta-like virus 83  isolate GUY2009
HVT7HBGXH_Guyane-Macouria-Nov-2020-Dry-Mansonia-titillans-1_S19,NODE_1106_length_2349_cov_1.391037,Metaviridae,Guyane,Macouria,Nov-20,2020,Dry,Mansonia titillans,212,7010598,6596046,32.14,Macouria meta-like virus 70,Macouria meta-like virus 70  isolate GUY1998
HVT7HBGXH_Guyane-Macouria-Nov-2020-Dry-Mansonia-titillans-1_S19,NODE_2519_length_1769_cov_29.331958,Partitiviridae,Guyane,Macouria,Nov-20,2020,Dry,Mansonia titillans,736,7010598,6596046,111.58,Macouria partiti-like virus 9,Macouria partiti-like virus 9  isolate GUY2015
HVT7HBGXH_Guyane-Macouria-Nov-2020-Dry-Mansonia-titillans-1_S19,NODE_904_length_2525_cov_4.132953,Metaviridae,Guyane,Macouria,Nov-20,2020,Dry,Mansonia titillans,362,7010598,6596046,54.88,Macouria meta-like virus 67,Macouria meta-like virus 67  isolate GUY1996
HVT7HBGXH_Guyane-Macouria-Nov-2020-Dry-Mansonia-titillans-1_S19,NODE_864_length_2565_cov_4.022071,Metaviridae,Guyane,Macouria,Nov-20,2020,Dry,Mansonia titillans,268,7010598,6596046,40.63,Macouria meta-like virus 44,Macouria meta-like virus 44  isolate GUY1988
HVT7HBGXH_Guyane-Macouria-Nov-2020-Dry-Mansonia-titillans-1_S19,NODE_90_length_5112_cov_11.333003,Metaviridae,Guyane,Macouria,Nov-20,2020,Dry,Mansonia titillans,2013,7010598,6596046,305.18,Macouria meta-like virus 46,Macouria meta-like virus 46  isolate GUY1990
HVT7HBGXH_Guyane-Macouria-Nov-2020-Dry-Mansonia-titillans-1_S19,NODE_4030_length_1474_cov_3.209136,Metaviridae,Guyane,Macouria,Nov-20,2020,Dry,Mansonia titillans,247,7010598,6596046,37.45,Macouria meta-like virus 84,Macouria meta-like virus 84  isolate GUY2010
HVT7HBGXH_Guyane-Macouria-Nov-2020-Dry-Mansonia-titillans-1_S19,NODE_354_length_3377_cov_2.433414,Metaviridae,Guyane,Macouria,Nov-20,2020,Dry,Mansonia titillans,292,7010598,6596046,44.27,Macouria meta-like virus 73,Macouria meta-like virus 73  isolate GUY1999
HVT7HBGXH_Guyane-Macouria-Nov-2020-Dry-Mansonia-titillans-1_S19,NODE_461_length_3094_cov_5.292949,Metaviridae,Guyane,Macouria,Nov-20,2020,Dry,Mansonia titillans,646,7010598,6596046,97.94,Macouria meta-like virus 79,Macouria meta-like virus 79  isolate GUY2005
HVT7HBGXH_Guyane-Macouria-Nov-2020-Dry-Mansonia-titillans-1_S19,NODE_382_length_3289_cov_18.241294,Solemoviridae,Guyane,Macouria,Nov-20,2020,Dry,Mansonia titillans,963,7010598,6596046,146,Macouria solemo-like virus 5,Macouria solemo-like virus 5  isolate GUY2017
HVT7HBGXH_Guyane-Macouria-Nov-2020-Dry-Mansonia-titillans-1_S19,NODE_1005_length_2435_cov_1.343353,Metaviridae,Guyane,Macouria,Nov-20,2020,Dry,Mansonia titillans,116,7010598,6596046,17.59,Macouria meta-like virus 80,Macouria meta-like virus 80  isolate GUY2006
HVT7HBGXH_Guyane-Macouria-Nov-2020-Dry-Mansonia-titillans-2_S20,NODE_9_length_11058_cov_19.049704,Virgaviridae,Guyane,Macouria,Nov-20,2020,Dry,Mansonia titillans,3124,9863722,8747930,357.11,Macouria virga-like virus 4,Macouria virga-like virus 4  isolate GUY2055
HVT7HBGXH_Guyane-Macouria-Nov-2020-Dry-Mansonia-titillans-2_S20,NODE_20_length_9331_cov_10.580363,Metaviridae,Guyane,Macouria,Nov-20,2020,Dry,Mansonia titillans,2520,9863722,8747930,288.07,Macouria meta-like virus 71,Macouria meta-like virus 71  isolate GUY2036
HVT7HBGXH_Guyane-Macouria-Nov-2020-Dry-Mansonia-titillans-2_S20,NODE_163_length_5891_cov_46.290822,Metaviridae,Guyane,Macouria,Nov-20,2020,Dry,Mansonia titillans,5748,9863722,8747930,657.07,Macouria meta-like virus 48,Macouria meta-like virus 48  isolate GUY2026
HVT7HBGXH_Guyane-Macouria-Nov-2020-Dry-Mansonia-titillans-2_S20,NODE_102_length_6683_cov_27.827685,Metaviridae,Guyane,Macouria,Nov-20,2020,Dry,Mansonia titillans,3869,9863722,8747930,442.28,Macouria meta-like virus 45,Macouria meta-like virus 45  isolate GUY2023
HVT7HBGXH_Guyane-Macouria-Nov-2020-Dry-Mansonia-titillans-2_S20,NODE_43_length_7849_cov_27.070216,Metaviridae,Guyane,Macouria,Nov-20,2020,Dry,Mansonia titillans,4897,9863722,8747930,559.79,Macouria meta-like virus 47,Macouria meta-like virus 47  isolate GUY2025
HVT7HBGXH_Guyane-Macouria-Nov-2020-Dry-Mansonia-titillans-2_S20,NODE_78_length_7223_cov_19.106993,Metaviridae,Guyane,Macouria,Nov-20,2020,Dry,Mansonia titillans,3568,9863722,8747930,407.87,Macouria meta-like virus 65,Macouria meta-like virus 65  isolate GUY2030
HVT7HBGXH_Guyane-Macouria-Nov-2020-Dry-Mansonia-titillans-2_S20,NODE_72_length_7291_cov_7.867138,Metaviridae,Guyane,Macouria,Nov-20,2020,Dry,Mansonia titillans,1340,9863722,8747930,153.18,Macouria meta-like virus 85,Macouria meta-like virus 85  isolate GUY2042
HVT7HBGXH_Guyane-Macouria-Nov-2020-Dry-Mansonia-titillans-2_S20,NODE_80_length_7199_cov_11.590514,Orthototiviridae,Guyane,Macouria,Nov-20,2020,Dry,Mansonia titillans,1320,9863722,8747930,150.89,Macouria orthototi-like virus 15,Macouria orthototi-like virus 15  isolate GUY2048
HVT7HBGXH_Guyane-Macouria-Nov-2020-Dry-Mansonia-titillans-2_S20,NODE_160_length_5926_cov_11.267043,Metaviridae,Guyane,Macouria,Nov-20,2020,Dry,Mansonia titillans,1963,9863722,8747930,224.4,Macouria meta-like virus 42,Macouria meta-like virus 42  isolate GUY2020
HVT7HBGXH_Guyane-Macouria-Nov-2020-Dry-Mansonia-titillans-2_S20,NODE_132_length_6324_cov_6.952168,Metaviridae,Guyane,Macouria,Nov-20,2020,Dry,Mansonia titillans,1033,9863722,8747930,118.09,Macouria meta-like virus 44,Macouria meta-like virus 44  isolate GUY2022
HVT7HBGXH_Guyane-Macouria-Nov-2020-Dry-Mansonia-titillans-2_S20,NODE_134_length_6294_cov_6.576274,Metaviridae,Guyane,Macouria,Nov-20,2020,Dry,Mansonia titillans,1093,9863722,8747930,124.94,Macouria meta-like virus 84,Macouria meta-like virus 84  isolate GUY2041
HVT7HBGXH_Guyane-Macouria-Nov-2020-Dry-Mansonia-titillans-2_S20,NODE_712_length_3862_cov_4.237002,Metaviridae,Guyane,Macouria,Nov-20,2020,Dry,Mansonia titillans,680,9863722,8747930,77.73,Macouria meta-like virus 69,Macouria meta-like virus 69  isolate GUY2034
HVT7HBGXH_Guyane-Macouria-Nov-2020-Dry-Mansonia-titillans-2_S20,NODE_1392_length_2961_cov_4.284972,Metaviridae,Guyane,Macouria,Nov-20,2020,Dry,Mansonia titillans,248,9863722,8747930,28.35,Macouria meta-like virus 68,Macouria meta-like virus 68  isolate GUY2033
HVT7HBGXH_Guyane-Macouria-Nov-2020-Dry-Mansonia-titillans-2_S20,NODE_2169_length_2474_cov_79.431070,Orthomyxoviridae,Guyane,Macouria,Nov-20,2020,Dry,Mansonia titillans,2941,9863722,8747930,336.19,Macouria orthomyxo-like virus 3,Macouria orthomyxo-like virus 3  isolate GUY2047
HVT7HBGXH_Guyane-Macouria-Nov-2020-Dry-Mansonia-titillans-2_S20,NODE_2195_length_2464_cov_89.178586,Orthomyxoviridae,Guyane,Macouria,Nov-20,2020,Dry,Mansonia titillans,3233,9863722,8747930,369.57,Macouria orthomyxo-like virus 2,Macouria orthomyxo-like virus 2  isolate GUY2046
HVT7HBGXH_Guyane-Macouria-Nov-2020-Dry-Mansonia-titillans-2_S20,NODE_2927_length_2138_cov_4.211622,Metaviridae,Guyane,Macouria,Nov-20,2020,Dry,Mansonia titillans,359,9863722,8747930,41.03,Macouria meta-like virus 43,Macouria meta-like virus 43  isolate GUY2021
HVT7HBGXH_Guyane-Macouria-Nov-2020-Dry-Mansonia-titillans-2_S20,NODE_74_length_7238_cov_12.623308,Metaviridae,Guyane,Macouria,Nov-20,2020,Dry,Mansonia titillans,1973,9863722,8747930,225.54,Macouria meta-like virus 50,Macouria meta-like virus 50  isolate GUY2027
HVT7HBGXH_Guyane-Macouria-Nov-2020-Dry-Mansonia-titillans-2_S20,NODE_3413_length_1966_cov_2.213418,Metaviridae,Guyane,Macouria,Nov-20,2020,Dry,Mansonia titillans,162,9863722,8747930,18.52,Macouria meta-like virus 76,Macouria meta-like virus 76  isolate GUY2037
HVT7HBGXH_Guyane-Macouria-Nov-2020-Dry-Mansonia-titillans-2_S20,NODE_626_length_4069_cov_2.956456,Metaviridae,Guyane,Macouria,Nov-20,2020,Dry,Mansonia titillans,355,9863722,8747930,40.58,Macouria meta-like virus 64,Macouria meta-like virus 64  isolate GUY2029
HVT7HBGXH_Guyane-Macouria-Nov-2020-Dry-Mansonia-titillans-2_S20,NODE_53_length_7662_cov_7.147187,Metaviridae,Guyane,Macouria,Nov-20,2020,Dry,Mansonia titillans,1256,9863722,8747930,143.58,Macouria meta-like virus 67,Macouria meta-like virus 67  isolate GUY2032
HVT7HBGXH_Guyane-Macouria-Nov-2020-Dry-Mansonia-titillans-2_S20,NODE_4155_length_1766_cov_183.103957,Partitiviridae,Guyane,Macouria,Nov-20,2020,Dry,Mansonia titillans,4616,9863722,8747930,527.67,Macouria partiti-like virus 9,Macouria partiti-like virus 9  isolate GUY2052
HVT7HBGXH_Guyane-Macouria-Nov-2020-Dry-Mansonia-titillans-2_S20,NODE_764_length_3775_cov_18.771475,Metaviridae,Guyane,Macouria,Nov-20,2020,Dry,Mansonia titillans,2231,9863722,8747930,255.03,Macouria meta-like virus 46,Macouria meta-like virus 46  isolate GUY2024
HVT7HBGXH_Guyane-Macouria-Nov-2020-Dry-Mansonia-titillans-2_S20,NODE_3905_length_1836_cov_4.724334,Partitiviridae,Guyane,Macouria,Nov-20,2020,Dry,Mansonia titillans,135,9863722,8747930,15.43,Macouria partiti-like virus 4,Macouria partiti-like virus 4  isolate GUY2051
HVT7HBGXH_Guyane-Macouria-Nov-2020-Dry-Mansonia-titillans-2_S20,NODE_5177_length_1559_cov_2.744280,Phasmaviridae,Guyane,Macouria,Nov-20,2020,Dry,Mansonia titillans,122,9863722,8747930,13.95,Macouria phasma-like virus 1,Macouria phasma-like virus 1  isolate GUY2053
HVT7HBGXH_Guyane-Macouria-Nov-2020-Dry-Mansonia-titillans-2_S20,NODE_5838_length_1456_cov_1.751265,Metaviridae,Guyane,Macouria,Nov-20,2020,Dry,Mansonia titillans,101,9863722,8747930,11.55,Macouria meta-like virus 88,Macouria meta-like virus 88  isolate GUY2045
HVT7HBGXH_Guyane-Macouria-Nov-2020-Dry-Mansonia-titillans-2_S20,NODE_4619_length_1662_cov_3.063562,Metaviridae,Guyane,Macouria,Nov-20,2020,Dry,Mansonia titillans,156,9863722,8747930,17.83,Macouria meta-like virus 87,Macouria meta-like virus 87  isolate GUY2044
HVT7HBGXH_Guyane-Macouria-Nov-2020-Dry-Mansonia-titillans-2_S20,NODE_6057_length_1423_cov_3.573333,Partitiviridae,Guyane,Macouria,Nov-20,2020,Dry,Mansonia titillans,73,9863722,8747930,8.34,Macouria partiti-like virus 10,Macouria partiti-like virus 10  isolate GUY2049
HVT7HBGXH_Guyane-Macouria-Nov-2020-Dry-Mansonia-titillans-2_S20,NODE_4623_length_1660_cov_4.709515,Metaviridae,Guyane,Macouria,Nov-20,2020,Dry,Mansonia titillans,251,9863722,8747930,28.69,Macouria meta-like virus 53,Macouria meta-like virus 53  isolate GUY2028
HVT7HBGXH_Guyane-Macouria-Nov-2020-Dry-Mansonia-titillans-2_S20,NODE_7755_length_1223_cov_2.479130,Metaviridae,Guyane,Macouria,Nov-20,2020,Dry,Mansonia titillans,256,9863722,8747930,29.26,Macouria meta-like virus 70,Macouria meta-like virus 70  isolate GUY2035
HVT7HBGXH_Guyane-Macouria-Nov-2020-Dry-Mansonia-titillans-2_S20,NODE_1103_length_3271_cov_17.126329,Solemoviridae,Guyane,Macouria,Nov-20,2020,Dry,Mansonia titillans,898,9863722,8747930,102.65,Macouria solemo-like virus 5,Macouria solemo-like virus 5  isolate GUY2054
HVT7HBGXH_Guyane-Macouria-Nov-2020-Dry-Mansonia-titillans-2_S20,NODE_9795_length_1050_cov_1.240532,Metaviridae,Guyane,Macouria,Nov-20,2020,Dry,Mansonia titillans,29,9863722,8747930,3.32,Macouria meta-like virus 77,Macouria meta-like virus 77  isolate GUY2038
HVT7HBGXH_Guyane-Macouria-Nov-2020-Dry-Mansonia-titillans-2_S20,NODE_9627_length_1063_cov_2.524242,Metaviridae,Guyane,Macouria,Nov-20,2020,Dry,Mansonia titillans,211,9863722,8747930,24.12,Macouria meta-like virus 78,Macouria meta-like virus 78  isolate GUY2039
HVT7HBGXH_Guyane-Macouria-Nov-2020-Dry-Mansonia-titillans-2_S20,NODE_7827_length_1216_cov_2.587927,Metaviridae,Guyane,Macouria,Nov-20,2020,Dry,Mansonia titillans,95,9863722,8747930,10.86,Macouria meta-like virus 86,Macouria meta-like virus 86  isolate GUY2043
HVT7HBGXH_Guyane-Macouria-Nov-2020-Dry-Mansonia-titillans-2_S20,NODE_10315_length_1015_cov_6.190021,Metaviridae,Guyane,Macouria,Nov-20,2020,Dry,Mansonia titillans,261,9863722,8747930,29.84,Macouria meta-like virus 66,Macouria meta-like virus 66  isolate GUY2031
HVT7HBGXH_Guyane-Macouria-Nov-2020-Dry-Mansonia-titillans-2_S20,NODE_10324_length_1015_cov_2.770701,Partitiviridae,Guyane,Macouria,Nov-20,2020,Dry,Mansonia titillans,74,9863722,8747930,8.46,Macouria partiti-like virus 11,Macouria partiti-like virus 11  isolate GUY2050
HVT7HBGXH_Guyane-Macouria-Nov-2020-Dry-Mansonia-titillans-2_S20,NODE_2819_length_2179_cov_4.757360,Metaviridae,Guyane,Macouria,Nov-20,2020,Dry,Mansonia titillans,195,9863722,8747930,22.29,Macouria meta-like virus 80,Macouria meta-like virus 80  isolate GUY2040
HVT7HBGXH_Guyane-Macouria-Nov-2020-Dry-Mansonia-titillans-2_S20,NODE_9220_length_1089_cov_2.947835,Virgaviridae,Guyane,Macouria,Nov-20,2020,Dry,Mansonia titillans,200,9863722,8747930,22.86,Macouria virga-like virus 5,Macouria virga-like virus 5  isolate GUY2056
HVT7HBGXH_Guyane-Macouria-Nov-2020-Dry-Mansonia-titillans-3_S21,NODE_2_length_11030_cov_88.728393,Virgaviridae,Guyane,Macouria,Nov-20,2020,Dry,Mansonia titillans,14927,7892536,7236464,2062.75,Macouria virga-like virus 4,Macouria virga-like virus 4  isolate GUY2090
HVT7HBGXH_Guyane-Macouria-Nov-2020-Dry-Mansonia-titillans-3_S21,NODE_197_length_4250_cov_12.424467,Metaviridae,Guyane,Macouria,Nov-20,2020,Dry,Mansonia titillans,1632,7892536,7236464,225.52,Macouria meta-like virus 71,Macouria meta-like virus 71  isolate GUY2070
HVT7HBGXH_Guyane-Macouria-Nov-2020-Dry-Mansonia-titillans-3_S21,NODE_22_length_7242_cov_15.471474,Metaviridae,Guyane,Macouria,Nov-20,2020,Dry,Mansonia titillans,2487,7892536,7236464,343.68,Macouria meta-like virus 50,Macouria meta-like virus 50  isolate GUY2063
HVT7HBGXH_Guyane-Macouria-Nov-2020-Dry-Mansonia-titillans-3_S21,NODE_26_length_7138_cov_13.170559,Metaviridae,Guyane,Macouria,Nov-20,2020,Dry,Mansonia titillans,1600,7892536,7236464,221.1,Macouria meta-like virus 64,Macouria meta-like virus 64  isolate GUY2065
HVT7HBGXH_Guyane-Macouria-Nov-2020-Dry-Mansonia-titillans-3_S21,NODE_316_length_3742_cov_30.174707,Metaviridae,Guyane,Macouria,Nov-20,2020,Dry,Mansonia titillans,2530,7892536,7236464,349.62,Macouria meta-like virus 45,Macouria meta-like virus 45  isolate GUY2059
HVT7HBGXH_Guyane-Macouria-Nov-2020-Dry-Mansonia-titillans-3_S21,NODE_1_length_11574_cov_17.051561,Metaviridae,Guyane,Macouria,Nov-20,2020,Dry,Mansonia titillans,5691,7892536,7236464,786.43,Macouria meta-like virus 66,Macouria meta-like virus 66  isolate GUY2066
HVT7HBGXH_Guyane-Macouria-Nov-2020-Dry-Mansonia-titillans-3_S21,NODE_19_length_7291_cov_10.993489,Metaviridae,Guyane,Macouria,Nov-20,2020,Dry,Mansonia titillans,1883,7892536,7236464,260.21,Macouria meta-like virus 85,Macouria meta-like virus 85  isolate GUY2082
HVT7HBGXH_Guyane-Macouria-Nov-2020-Dry-Mansonia-titillans-3_S21,NODE_18_length_7291_cov_31.422001,Metaviridae,Guyane,Macouria,Nov-20,2020,Dry,Mansonia titillans,5458,7892536,7236464,754.24,Macouria meta-like virus 47,Macouria meta-like virus 47  isolate GUY2061
HVT7HBGXH_Guyane-Macouria-Nov-2020-Dry-Mansonia-titillans-3_S21,NODE_90_length_5107_cov_10.688717,Metaviridae,Guyane,Macouria,Nov-20,2020,Dry,Mansonia titillans,2514,7892536,7236464,347.41,Macouria meta-like virus 42,Macouria meta-like virus 42  isolate GUY2057
HVT7HBGXH_Guyane-Macouria-Nov-2020-Dry-Mansonia-titillans-3_S21,NODE_23_length_7224_cov_133.086421,Orthototiviridae,Guyane,Macouria,Nov-20,2020,Dry,Mansonia titillans,15263,7892536,7236464,2109.18,Macouria orthototi-like virus 15,Macouria orthototi-like virus 15  isolate GUY2086
HVT7HBGXH_Guyane-Macouria-Nov-2020-Dry-Mansonia-titillans-3_S21,NODE_28_length_7019_cov_7.792974,Metaviridae,Guyane,Macouria,Nov-20,2020,Dry,Mansonia titillans,1263,7892536,7236464,174.53,Macouria meta-like virus 44,Macouria meta-like virus 44  isolate GUY2058
HVT7HBGXH_Guyane-Macouria-Nov-2020-Dry-Mansonia-titillans-3_S21,NODE_27_length_7064_cov_10.360320,Metaviridae,Guyane,Macouria,Nov-20,2020,Dry,Mansonia titillans,1291,7892536,7236464,178.4,Macouria meta-like virus 78,Macouria meta-like virus 78  isolate GUY2076
HVT7HBGXH_Guyane-Macouria-Nov-2020-Dry-Mansonia-titillans-3_S21,NODE_585_length_3118_cov_2.849261,Metaviridae,Guyane,Macouria,Nov-20,2020,Dry,Mansonia titillans,619,7892536,7236464,85.54,Macouria meta-like virus 81,Macouria meta-like virus 81  isolate GUY2079
HVT7HBGXH_Guyane-Macouria-Nov-2020-Dry-Mansonia-titillans-3_S21,NODE_154_length_4445_cov_3.416057,Metaviridae,Guyane,Macouria,Nov-20,2020,Dry,Mansonia titillans,394,7892536,7236464,54.45,Macouria meta-like virus 80,Macouria meta-like virus 80  isolate GUY2078
HVT7HBGXH_Guyane-Macouria-Nov-2020-Dry-Mansonia-titillans-3_S21,NODE_947_length_2703_cov_4.169202,Metaviridae,Guyane,Macouria,Nov-20,2020,Dry,Mansonia titillans,387,7892536,7236464,53.48,Macouria meta-like virus 76,Macouria meta-like virus 76  isolate GUY2074
HVT7HBGXH_Guyane-Macouria-Nov-2020-Dry-Mansonia-titillans-3_S21,NODE_472_length_3315_cov_7.354411,Metaviridae,Guyane,Macouria,Nov-20,2020,Dry,Mansonia titillans,894,7892536,7236464,123.54,Macouria meta-like virus 69,Macouria meta-like virus 69  isolate GUY2068
HVT7HBGXH_Guyane-Macouria-Nov-2020-Dry-Mansonia-titillans-3_S21,NODE_1259_length_2449_cov_30.330808,Orthomyxoviridae,Guyane,Macouria,Nov-20,2020,Dry,Mansonia titillans,1123,7892536,7236464,155.19,Macouria orthomyxo-like virus 3,Macouria orthomyxo-like virus 3  isolate GUY2085
HVT7HBGXH_Guyane-Macouria-Nov-2020-Dry-Mansonia-titillans-3_S21,NODE_1242_length_2460_cov_55.393381,Orthomyxoviridae,Guyane,Macouria,Nov-20,2020,Dry,Mansonia titillans,2001,7892536,7236464,276.52,Macouria orthomyxo-like virus 2,Macouria orthomyxo-like virus 2  isolate GUY2084
HVT7HBGXH_Guyane-Macouria-Nov-2020-Dry-Mansonia-titillans-3_S21,NODE_152_length_4457_cov_49.093294,Metaviridae,Guyane,Macouria,Nov-20,2020,Dry,Mansonia titillans,5863,7892536,7236464,810.2,Macouria meta-like virus 48,Macouria meta-like virus 48  isolate GUY2062
HVT7HBGXH_Guyane-Macouria-Nov-2020-Dry-Mansonia-titillans-3_S21,NODE_405_length_3476_cov_5.264179,Metaviridae,Guyane,Macouria,Nov-20,2020,Dry,Mansonia titillans,517,7892536,7236464,71.44,Macouria meta-like virus 74,Macouria meta-like virus 74  isolate GUY2073
HVT7HBGXH_Guyane-Macouria-Nov-2020-Dry-Mansonia-titillans-3_S21,NODE_99_length_5012_cov_4.894716,Metaviridae,Guyane,Macouria,Nov-20,2020,Dry,Mansonia titillans,904,7892536,7236464,124.93,Macouria meta-like virus 84,Macouria meta-like virus 84  isolate GUY2081
HVT7HBGXH_Guyane-Macouria-Nov-2020-Dry-Mansonia-titillans-3_S21,NODE_56_length_5891_cov_7.966140,Metaviridae,Guyane,Macouria,Nov-20,2020,Dry,Mansonia titillans,1218,7892536,7236464,168.31,Macouria meta-like virus 67,Macouria meta-like virus 67  isolate GUY2067
HVT7HBGXH_Guyane-Macouria-Nov-2020-Dry-Mansonia-titillans-3_S21,NODE_31_length_6616_cov_4.122727,Metaviridae,Guyane,Macouria,Nov-20,2020,Dry,Mansonia titillans,798,7892536,7236464,110.27,Macouria meta-like virus 79,Macouria meta-like virus 79  isolate GUY2077
HVT7HBGXH_Guyane-Macouria-Nov-2020-Dry-Mansonia-titillans-3_S21,NODE_364_length_3573_cov_4.667714,Metaviridae,Guyane,Macouria,Nov-20,2020,Dry,Mansonia titillans,862,7892536,7236464,119.12,Macouria meta-like virus 77,Macouria meta-like virus 77  isolate GUY2075
HVT7HBGXH_Guyane-Macouria-Nov-2020-Dry-Mansonia-titillans-3_S21,NODE_2922_length_1776_cov_96.116853,Partitiviridae,Guyane,Macouria,Nov-20,2020,Dry,Mansonia titillans,2427,7892536,7236464,335.38,Macouria partiti-like virus 9,Macouria partiti-like virus 9  isolate GUY2088
HVT7HBGXH_Guyane-Macouria-Nov-2020-Dry-Mansonia-titillans-3_S21,NODE_923_length_2735_cov_3.035312,Metaviridae,Guyane,Macouria,Nov-20,2020,Dry,Mansonia titillans,236,7892536,7236464,32.61,Macouria meta-like virus 72,Macouria meta-like virus 72  isolate GUY2071
HVT7HBGXH_Guyane-Macouria-Nov-2020-Dry-Mansonia-titillans-3_S21,NODE_3212_length_1705_cov_8.682598,Partitiviridae,Guyane,Macouria,Nov-20,2020,Dry,Mansonia titillans,219,7892536,7236464,30.26,Macouria partiti-like virus 12,Macouria partiti-like virus 12  isolate GUY2087
HVT7HBGXH_Guyane-Macouria-Nov-2020-Dry-Mansonia-titillans-3_S21,NODE_2632_length_1856_cov_2.002243,Metaviridae,Guyane,Macouria,Nov-20,2020,Dry,Mansonia titillans,138,7892536,7236464,19.07,Macouria meta-like virus 86,Macouria meta-like virus 86  isolate GUY2083
HVT7HBGXH_Guyane-Macouria-Nov-2020-Dry-Mansonia-titillans-3_S21,NODE_117_length_4761_cov_19.900384,Metaviridae,Guyane,Macouria,Nov-20,2020,Dry,Mansonia titillans,3079,7892536,7236464,425.48,Macouria meta-like virus 46,Macouria meta-like virus 46  isolate GUY2060
HVT7HBGXH_Guyane-Macouria-Nov-2020-Dry-Mansonia-titillans-3_S21,NODE_6057_length_1290_cov_3.838127,Metaviridae,Guyane,Macouria,Nov-20,2020,Dry,Mansonia titillans,151,7892536,7236464,20.87,Macouria meta-like virus 82,Macouria meta-like virus 82  isolate GUY2080
HVT7HBGXH_Guyane-Macouria-Nov-2020-Dry-Mansonia-titillans-3_S21,NODE_3916_length_1575_cov_5.963382,Metaviridae,Guyane,Macouria,Nov-20,2020,Dry,Mansonia titillans,302,7892536,7236464,41.73,Macouria meta-like virus 53,Macouria meta-like virus 53  isolate GUY2064
HVT7HBGXH_Guyane-Macouria-Nov-2020-Dry-Mansonia-titillans-3_S21,NODE_489_length_3289_cov_29.342040,Solemoviridae,Guyane,Macouria,Nov-20,2020,Dry,Mansonia titillans,1495,7892536,7236464,206.59,Macouria solemo-like virus 5,Macouria solemo-like virus 5  isolate GUY2089
HVT7HBGXH_Guyane-Macouria-Nov-2020-Dry-Mansonia-titillans-3_S21,NODE_5484_length_1350_cov_3.445576,Metaviridae,Guyane,Macouria,Nov-20,2020,Dry,Mansonia titillans,377,7892536,7236464,52.1,Macouria meta-like virus 70,Macouria meta-like virus 70  isolate GUY2069
HVT7HBGXH_Guyane-Macouria-Nov-2020-Dry-Mansonia-titillans-3_S21,NODE_822_length_2832_cov_1.903588,Metaviridae,Guyane,Macouria,Nov-20,2020,Dry,Mansonia titillans,184,7892536,7236464,25.43,Macouria meta-like virus 73,Macouria meta-like virus 73  isolate GUY2072
HVT7HBGXH_Guyane-Macouria-Oct-2020-Dry-Culex-portesi-1_S10,NODE_5_length_11288_cov_15.793848,Rhabdoviridae,Guyane,Macouria,Oct-20,2020,Dry,Culex portesi,3083,6497067,5114835,602.76,Macouria rhabdo-like virus 2,Macouria rhabdo-like virus 2  isolate GUY2093
HVT7HBGXH_Guyane-Macouria-Oct-2020-Dry-Culex-portesi-1_S10,NODE_1138_length_2068_cov_1.658145,Metaviridae,Guyane,Macouria,Oct-20,2020,Dry,Culex portesi,119,6497067,5114835,23.27,Macouria meta-like virus 39,Macouria meta-like virus 39  isolate GUY2092
HVT7HBGXH_Guyane-Macouria-Oct-2020-Dry-Culex-portesi-1_S10,NODE_1976_length_1633_cov_2.528846,Metaviridae,Guyane,Macouria,Oct-20,2020,Dry,Culex portesi,155,6497067,5114835,30.3,Macouria meta-like virus 37,Macouria meta-like virus 37  isolate GUY2091
HVT7HBGXH_Guyane-Remire-Montjoly-Apr-2020-Rainy-Aedes-aegypti-1_S5,NODE_5_length_6792_cov_15.709927,Phenuiviridae,Guyane,Remire Montjoly,Apr-20,2020,Rainy,Aedes aegypti,1618,2887841,2479850,652.46,Phasivirus phasiense,Phasivirus phasiense  isolate GUY2094
HVT7HBGXH_Guyane-Remire-Montjoly-Apr-2020-Rainy-Aedes-aegypti-1_S5,NODE_1_length_12913_cov_229.732399,Xinmoviridae,Guyane,Remire Montjoly,Apr-20,2020,Rainy,Aedes aegypti,45056,2887841,2479850,18168.84,Remire Montjoly xinmo-like virus 1,Remire Montjoly xinmo-like virus 1  isolate GUY2096
HVT7HBGXH_Guyane-Remire-Montjoly-Apr-2020-Rainy-Aedes-aegypti-1_S5,NODE_22_length_4523_cov_40.871910,Kitaviridae,Guyane,Remire Montjoly,Apr-20,2020,Rainy,Aedes aegypti,3130,2887841,2479850,1262.17,Remire Montjoly kita-like virus 1,Remire Montjoly kita-like virus 1  isolate GUY2095
HVT7HBGXH_Guyane-Remire-Montjoly-Apr-2020-Rainy-Aedes-aegypti-2_S6,NODE_15_length_6695_cov_2927.934461,Phenuiviridae,Guyane,Remire Montjoly,Apr-20,2020,Rainy,Aedes aegypti,345593,7404814,6734636,51315.77,Phasivirus phasiense,Phasivirus phasiense  isolate GUY2098
HVT7HBGXH_Guyane-Remire-Montjoly-Apr-2020-Rainy-Aedes-aegypti-2_S6,NODE_1_length_12917_cov_150.667705,Xinmoviridae,Guyane,Remire Montjoly,Apr-20,2020,Rainy,Aedes aegypti,29826,7404814,6734636,4428.75,Remire Montjoly xinmo-like virus 1,Remire Montjoly xinmo-like virus 1  isolate GUY2104
HVT7HBGXH_Guyane-Remire-Montjoly-Apr-2020-Rainy-Aedes-aegypti-2_S6,NODE_500_length_2554_cov_2.567513,Orthototiviridae,Guyane,Remire Montjoly,Apr-20,2020,Rainy,Aedes aegypti,132,7404814,6734636,19.6,Mosquito toti-like virus XZ18,Mosquito toti-like virus XZ18  isolate GUY2097
HVT7HBGXH_Guyane-Remire-Montjoly-Apr-2020-Rainy-Aedes-aegypti-2_S6,NODE_77_length_4524_cov_806.232757,Kitaviridae,Guyane,Remire Montjoly,Apr-20,2020,Rainy,Aedes aegypti,59259,7404814,6734636,8799.14,Remire Montjoly kita-like virus 1,Remire Montjoly kita-like virus 1  isolate GUY2100
HVT7HBGXH_Guyane-Remire-Montjoly-Apr-2020-Rainy-Aedes-aegypti-2_S6,NODE_243_length_3234_cov_4.075293,Deltaflexiviridae,Guyane,Remire Montjoly,Apr-20,2020,Rainy,Aedes aegypti,255,7404814,6734636,37.86,Remire Montjoly deltaflexi-like virus 1,Remire Montjoly deltaflexi-like virus 1  isolate GUY2099
HVT7HBGXH_Guyane-Remire-Montjoly-Apr-2020-Rainy-Aedes-aegypti-2_S6,NODE_608_length_2376_cov_2.187581,Metaviridae,Guyane,Remire Montjoly,Apr-20,2020,Rainy,Aedes aegypti,104,7404814,6734636,15.44,Remire Montjoly meta-like virus 2,Remire Montjoly meta-like virus 2  isolate GUY2102
HVT7HBGXH_Guyane-Remire-Montjoly-Apr-2020-Rainy-Aedes-aegypti-2_S6,NODE_4040_length_1046_cov_5.138746,Metaviridae,Guyane,Remire Montjoly,Apr-20,2020,Rainy,Aedes aegypti,92,7404814,6734636,13.66,Remire Montjoly meta-like virus 1,Remire Montjoly meta-like virus 1  isolate GUY2101
HVT7HBGXH_Guyane-Remire-Montjoly-Apr-2020-Rainy-Aedes-aegypti-2_S6,NODE_3767_length_1084_cov_2.143422,Orthototiviridae,Guyane,Remire Montjoly,Apr-20,2020,Rainy,Aedes aegypti,30,7404814,6734636,4.45,Remire Montjoly orthototi-like virus 1,Remire Montjoly orthototi-like virus 1  isolate GUY2103
HVT7HBGXH_Guyane-Remire-Montjoly-Apr-2020-Rainy-Aedes-aegypti-3_S7,NODE_4_length_6847_cov_3149.414083,Phenuiviridae,Guyane,Remire Montjoly,Apr-20,2020,Rainy,Aedes aegypti,316527,4403080,3757986,84227.83,Phasivirus phasiense,Phasivirus phasiense  isolate GUY2105
HVT7HBGXH_Guyane-Remire-Montjoly-Apr-2020-Rainy-Aedes-aegypti-3_S7,NODE_1_length_12920_cov_137.440025,Xinmoviridae,Guyane,Remire Montjoly,Apr-20,2020,Rainy,Aedes aegypti,26806,4403080,3757986,7133.08,Remire Montjoly xinmo-like virus 1,Remire Montjoly xinmo-like virus 1  isolate GUY2107
HVT7HBGXH_Guyane-Remire-Montjoly-Apr-2020-Rainy-Aedes-aegypti-3_S7,NODE_6_length_6177_cov_1000.646461,Inseviridae,Guyane,Remire Montjoly,Apr-20,2020,Rainy,Aedes aegypti,95090,4403080,3757986,25303.45,Remire Montjoly inse-like virus 1,Remire Montjoly inse-like virus 1  isolate GUY2106
HVT7HBGXH_Guyane-Remire-Montjoly-Apr-2020-Rainy-Aedes-aegypti-4_S8,NODE_9_length_6231_cov_519.685937,Phenuiviridae,Guyane,Remire Montjoly,Apr-20,2020,Rainy,Aedes aegypti,50426,3571906,3239242,15567.22,Phasivirus phasiense,Phasivirus phasiense  isolate GUY2109
HVT7HBGXH_Guyane-Remire-Montjoly-Apr-2020-Rainy-Aedes-aegypti-4_S8,NODE_1_length_12922_cov_38.882248,Xinmoviridae,Guyane,Remire Montjoly,Apr-20,2020,Rainy,Aedes aegypti,7960,3571906,3239242,2457.37,Remire Montjoly xinmo-like virus 1,Remire Montjoly xinmo-like virus 1  isolate GUY2113
HVT7HBGXH_Guyane-Remire-Montjoly-Apr-2020-Rainy-Aedes-aegypti-4_S8,NODE_377_length_2250_cov_3.906293,Inseviridae,Guyane,Remire Montjoly,Apr-20,2020,Rainy,Aedes aegypti,138,3571906,3239242,42.6,Mosquito toti-like virus XZ15,Mosquito toti-like virus XZ15  isolate GUY2108
HVT7HBGXH_Guyane-Remire-Montjoly-Apr-2020-Rainy-Aedes-aegypti-4_S8,NODE_34_length_4478_cov_27.159591,Kitaviridae,Guyane,Remire Montjoly,Apr-20,2020,Rainy,Aedes aegypti,2215,3571906,3239242,683.8,Remire Montjoly kita-like virus 1,Remire Montjoly kita-like virus 1  isolate GUY2112
HVT7HBGXH_Guyane-Remire-Montjoly-Apr-2020-Rainy-Aedes-aegypti-4_S8,NODE_809_length_1735_cov_4.115523,Inseviridae,Guyane,Remire Montjoly,Apr-20,2020,Rainy,Aedes aegypti,132,3571906,3239242,40.75,Remire Montjoly inse-like virus 1,Remire Montjoly inse-like virus 1  isolate GUY2111
HVT7HBGXH_Guyane-Remire-Montjoly-Apr-2020-Rainy-Aedes-aegypti-4_S8,NODE_2397_length_1104_cov_2.526673,Deltaflexiviridae,Guyane,Remire Montjoly,Apr-20,2020,Rainy,Aedes aegypti,47,3571906,3239242,14.51,Remire Montjoly deltaflexi-like virus 1,Remire Montjoly deltaflexi-like virus 1  isolate GUY2110
HVT7HBGXH_Guyane-Remire-Montjoly-Apr-2020-Rainy-Aedes-aegypti-5_S9,NODE_11_length_6844_cov_2137.576577,Phenuiviridae,Guyane,Remire Montjoly,Apr-20,2020,Rainy,Aedes aegypti,218798,4633492,4434555,49339.34,Phasivirus phasiense,Phasivirus phasiense  isolate GUY2114
HVT7HBGXH_Guyane-Remire-Montjoly-Apr-2020-Rainy-Aedes-aegypti-5_S9,NODE_19_length_6090_cov_702.338208,Inseviridae,Guyane,Remire Montjoly,Apr-20,2020,Rainy,Aedes aegypti,64750,4633492,4434555,14601.24,Remire Montjoly inse-like virus 1,Remire Montjoly inse-like virus 1  isolate GUY2115
HVT7HBGXH_Guyane-Remire-Montjoly-Apr-2020-Rainy-Aedes-aegypti-5_S9,NODE_843_length_2034_cov_0.884753,Metaviridae,Guyane,Remire Montjoly,Apr-20,2020,Rainy,Aedes aegypti,168,4633492,4434555,37.88,Remire Montjoly meta-like virus 1,Remire Montjoly meta-like virus 1  isolate GUY2116
HVT7HBGXH_Guyane-Roura-Mar-2021-Rainy-Coquillettidia-venezuelensis-1_S27,NODE_295_length_3618_cov_1589.220874,Chrysoviridae,Guyane,Roura,Mar-21,2021,Rainy,Coquillettidia venezuelensis,91017,9147233,5405257,16838.61,Roura chryso-like virus 1,Roura chryso-like virus 1  isolate GUY2118
HVT7HBGXH_Guyane-Roura-Mar-2021-Rainy-Coquillettidia-venezuelensis-1_S27,NODE_61_length_5451_cov_3.797880,Metaviridae,Guyane,Roura,Mar-21,2021,Rainy,Coquillettidia venezuelensis,506,9147233,5405257,93.61,Roura meta-like virus 6,Roura meta-like virus 6  isolate GUY2124
HVT7HBGXH_Guyane-Roura-Mar-2021-Rainy-Coquillettidia-venezuelensis-1_S27,NODE_117_length_4584_cov_6.593882,Metaviridae,Guyane,Roura,Mar-21,2021,Rainy,Coquillettidia venezuelensis,549,9147233,5405257,101.57,Roura meta-like virus 8,Roura meta-like virus 8  isolate GUY2126
HVT7HBGXH_Guyane-Roura-Mar-2021-Rainy-Coquillettidia-venezuelensis-1_S27,NODE_189_length_4074_cov_3.595851,Metaviridae,Guyane,Roura,Mar-21,2021,Rainy,Coquillettidia venezuelensis,429,9147233,5405257,79.37,Roura meta-like virus 11,Roura meta-like virus 11  isolate GUY2119
HVT7HBGXH_Guyane-Roura-Mar-2021-Rainy-Coquillettidia-venezuelensis-1_S27,NODE_1494_length_2122_cov_10.406540,Metaviridae,Guyane,Roura,Mar-21,2021,Rainy,Coquillettidia venezuelensis,591,9147233,5405257,109.34,Roura meta-like virus 2,Roura meta-like virus 2  isolate GUY2120
HVT7HBGXH_Guyane-Roura-Mar-2021-Rainy-Coquillettidia-venezuelensis-1_S27,NODE_2223_length_1804_cov_2.487579,Metaviridae,Guyane,Roura,Mar-21,2021,Rainy,Coquillettidia venezuelensis,123,9147233,5405257,22.76,Roura meta-like virus 5,Roura meta-like virus 5  isolate GUY2123
HVT7HBGXH_Guyane-Roura-Mar-2021-Rainy-Coquillettidia-venezuelensis-1_S27,NODE_508_length_3095_cov_1.417273,Metaviridae,Guyane,Roura,Mar-21,2021,Rainy,Coquillettidia venezuelensis,148,9147233,5405257,27.38,Roura meta-like virus 4,Roura meta-like virus 4  isolate GUY2122
HVT7HBGXH_Guyane-Roura-Mar-2021-Rainy-Coquillettidia-venezuelensis-1_S27,NODE_5040_length_1199_cov_2.616341,Metaviridae,Guyane,Roura,Mar-21,2021,Rainy,Coquillettidia venezuelensis,112,9147233,5405257,20.72,Roura meta-like virus 3,Roura meta-like virus 3  isolate GUY2121
HVT7HBGXH_Guyane-Roura-Mar-2021-Rainy-Coquillettidia-venezuelensis-1_S27,NODE_5765_length_1106_cov_3.519845,Metaviridae,Guyane,Roura,Mar-21,2021,Rainy,Coquillettidia venezuelensis,72,9147233,5405257,13.32,Roura meta-like virus 7,Roura meta-like virus 7  isolate GUY2125
HVT7HBGXH_Guyane-Roura-Mar-2021-Rainy-Coquillettidia-venezuelensis-1_S27,NODE_4078_length_1347_cov_2.114600,Aliusviridae,Guyane,Roura,Mar-21,2021,Rainy,Coquillettidia venezuelensis,96,9147233,5405257,17.76,Roura alius-like virus 1,Roura alius-like virus 1  isolate GUY2117
HVT7HBGXH_Guyane-Roura-Mar-2021-Rainy-Coquillettidia-venezuelensis-3_S29,NODE_208_length_4857_cov_4.435828,Metaviridae,Guyane,Roura,Mar-21,2021,Rainy,Coquillettidia venezuelensis,400,5754063,5511613,72.57,Roura meta-like virus 8,Roura meta-like virus 8  isolate GUY2136
HVT7HBGXH_Guyane-Roura-Mar-2021-Rainy-Coquillettidia-venezuelensis-3_S29,NODE_49_length_6799_cov_4.451680,Metaviridae,Guyane,Roura,Mar-21,2021,Rainy,Coquillettidia venezuelensis,765,5754063,5511613,138.8,Roura meta-like virus 6,Roura meta-like virus 6  isolate GUY2134
HVT7HBGXH_Guyane-Roura-Mar-2021-Rainy-Coquillettidia-venezuelensis-3_S29,NODE_2177_length_2174_cov_2.438363,Metaviridae,Guyane,Roura,Mar-21,2021,Rainy,Coquillettidia venezuelensis,120,5754063,5511613,21.77,Roura meta-like virus 13,Roura meta-like virus 13  isolate GUY2130
HVT7HBGXH_Guyane-Roura-Mar-2021-Rainy-Coquillettidia-venezuelensis-3_S29,NODE_2075_length_2228_cov_12.441299,Metaviridae,Guyane,Roura,Mar-21,2021,Rainy,Coquillettidia venezuelensis,554,5754063,5511613,100.52,Roura meta-like virus 2,Roura meta-like virus 2  isolate GUY2132
HVT7HBGXH_Guyane-Roura-Mar-2021-Rainy-Coquillettidia-venezuelensis-3_S29,NODE_256_length_4605_cov_5.535525,Metaviridae,Guyane,Roura,Mar-21,2021,Rainy,Coquillettidia venezuelensis,618,5754063,5511613,112.13,Roura meta-like virus 10,Roura meta-like virus 10  isolate GUY2128
HVT7HBGXH_Guyane-Roura-Mar-2021-Rainy-Coquillettidia-venezuelensis-3_S29,NODE_6267_length_1226_cov_1.542931,Metaviridae,Guyane,Roura,Mar-21,2021,Rainy,Coquillettidia venezuelensis,34,5754063,5511613,6.17,Roura meta-like virus 14,Roura meta-like virus 14  isolate GUY2131
HVT7HBGXH_Guyane-Roura-Mar-2021-Rainy-Coquillettidia-venezuelensis-3_S29,NODE_7129_length_1122_cov_0.807436,Metaviridae,Guyane,Roura,Mar-21,2021,Rainy,Coquillettidia venezuelensis,24,5754063,5511613,4.35,Roura meta-like virus 12,Roura meta-like virus 12  isolate GUY2129
HVT7HBGXH_Guyane-Roura-Mar-2021-Rainy-Coquillettidia-venezuelensis-3_S29,NODE_7586_length_1072_cov_1.226226,Metaviridae,Guyane,Roura,Mar-21,2021,Rainy,Coquillettidia venezuelensis,24,5754063,5511613,4.35,Roura meta-like virus 7,Roura meta-like virus 7  isolate GUY2135
HVT7HBGXH_Guyane-Roura-Mar-2021-Rainy-Coquillettidia-venezuelensis-3_S29,NODE_4057_length_1591_cov_3.326087,Metaviridae,Guyane,Roura,Mar-21,2021,Rainy,Coquillettidia venezuelensis,180,5754063,5511613,32.66,Roura meta-like virus 9,Roura meta-like virus 9  isolate GUY2137
HVT7HBGXH_Guyane-Roura-Mar-2021-Rainy-Coquillettidia-venezuelensis-3_S29,NODE_4296_length_1543_cov_1.923129,Metaviridae,Guyane,Roura,Mar-21,2021,Rainy,Coquillettidia venezuelensis,106,5754063,5511613,19.23,Roura meta-like virus 5,Roura meta-like virus 5  isolate GUY2133
HVT7HBGXH_Guyane-Roura-Mar-2021-Rainy-Coquillettidia-venezuelensis-3_S29,NODE_7790_length_1050_cov_1.842375,Aliusviridae,Guyane,Roura,Mar-21,2021,Rainy,Coquillettidia venezuelensis,62,5754063,5511613,11.25,Roura alius-like virus 1,Roura alius-like virus 1  isolate GUY2127
HVT7HBGXH_Guyane-Roura-Mar-2021-Rainy-Coquillettidia-venezuelensis-4_S30,NODE_82_length_7015_cov_7.872371,Metaviridae,Guyane,Roura,Mar-21,2021,Rainy,Coquillettidia venezuelensis,1329,8455960,6645611,199.98,Roura meta-like virus 11,Roura meta-like virus 11  isolate GUY2139
HVT7HBGXH_Guyane-Roura-Mar-2021-Rainy-Coquillettidia-venezuelensis-4_S30,NODE_254_length_5125_cov_8.707838,Metaviridae,Guyane,Roura,Mar-21,2021,Rainy,Coquillettidia venezuelensis,772,8455960,6645611,116.17,Roura meta-like virus 8,Roura meta-like virus 8  isolate GUY2148
HVT7HBGXH_Guyane-Roura-Mar-2021-Rainy-Coquillettidia-venezuelensis-4_S30,NODE_237_length_5245_cov_4.085847,Metaviridae,Guyane,Roura,Mar-21,2021,Rainy,Coquillettidia venezuelensis,459,8455960,6645611,69.07,Roura meta-like virus 9,Roura meta-like virus 9  isolate GUY2149
HVT7HBGXH_Guyane-Roura-Mar-2021-Rainy-Coquillettidia-venezuelensis-4_S30,NODE_3357_length_1939_cov_3.011254,Metaviridae,Guyane,Roura,Mar-21,2021,Rainy,Coquillettidia venezuelensis,300,8455960,6645611,45.14,Roura meta-like virus 6,Roura meta-like virus 6  isolate GUY2146
HVT7HBGXH_Guyane-Roura-Mar-2021-Rainy-Coquillettidia-venezuelensis-4_S30,NODE_3972_length_1775_cov_12.341951,Metaviridae,Guyane,Roura,Mar-21,2021,Rainy,Coquillettidia venezuelensis,489,8455960,6645611,73.58,Roura meta-like virus 2,Roura meta-like virus 2  isolate GUY2144
HVT7HBGXH_Guyane-Roura-Mar-2021-Rainy-Coquillettidia-venezuelensis-4_S30,NODE_6246_length_1337_cov_4.306171,Metaviridae,Guyane,Roura,Mar-21,2021,Rainy,Coquillettidia venezuelensis,127,8455960,6645611,19.11,Roura meta-like virus 5,Roura meta-like virus 5  isolate GUY2145
HVT7HBGXH_Guyane-Roura-Mar-2021-Rainy-Coquillettidia-venezuelensis-4_S30,NODE_6377_length_1319_cov_2.514446,Metaviridae,Guyane,Roura,Mar-21,2021,Rainy,Coquillettidia venezuelensis,75,8455960,6645611,11.29,Roura meta-like virus 16,Roura meta-like virus 16  isolate GUY2141
HVT7HBGXH_Guyane-Roura-Mar-2021-Rainy-Coquillettidia-venezuelensis-4_S30,NODE_4077_length_1746_cov_3.074716,Metaviridae,Guyane,Roura,Mar-21,2021,Rainy,Coquillettidia venezuelensis,176,8455960,6645611,26.48,Roura meta-like virus 18,Roura meta-like virus 18  isolate GUY2143
HVT7HBGXH_Guyane-Roura-Mar-2021-Rainy-Coquillettidia-venezuelensis-4_S30,NODE_3908_length_1790_cov_8.453698,Metaviridae,Guyane,Roura,Mar-21,2021,Rainy,Coquillettidia venezuelensis,1179,8455960,6645611,177.41,Roura meta-like virus 15,Roura meta-like virus 15  isolate GUY2140
HVT7HBGXH_Guyane-Roura-Mar-2021-Rainy-Coquillettidia-venezuelensis-4_S30,NODE_4593_length_1628_cov_4.028939,Metaviridae,Guyane,Roura,Mar-21,2021,Rainy,Coquillettidia venezuelensis,108,8455960,6645611,16.25,Roura meta-like virus 7,Roura meta-like virus 7  isolate GUY2147
HVT7HBGXH_Guyane-Roura-Mar-2021-Rainy-Coquillettidia-venezuelensis-4_S30,NODE_8857_length_1045_cov_2.401235,Metaviridae,Guyane,Roura,Mar-21,2021,Rainy,Coquillettidia venezuelensis,75,8455960,6645611,11.29,Roura meta-like virus 17,Roura meta-like virus 17  isolate GUY2142
HVT7HBGXH_Guyane-Roura-Mar-2021-Rainy-Coquillettidia-venezuelensis-4_S30,NODE_538_length_4166_cov_4.789152,Aliusviridae,Guyane,Roura,Mar-21,2021,Rainy,Coquillettidia venezuelensis,595,8455960,6645611,89.53,Roura alius-like virus 1,Roura alius-like virus 1  isolate GUY2138
HVT7HBGXH_Guyane-Roura-Mar-2021-Rainy-Coquillettidia-venezuelensis-5_S31,NODE_5_length_9197_cov_7.316089,Metaviridae,Guyane,Roura,Mar-21,2021,Rainy,Coquillettidia venezuelensis,1259,6432865,4616589,272.71,Roura meta-like virus 8,Roura meta-like virus 8  isolate GUY2156
HVT7HBGXH_Guyane-Roura-Mar-2021-Rainy-Coquillettidia-venezuelensis-5_S31,NODE_11_length_7936_cov_5.203612,Metaviridae,Guyane,Roura,Mar-21,2021,Rainy,Coquillettidia venezuelensis,1158,6432865,4616589,250.83,Roura meta-like virus 6,Roura meta-like virus 6  isolate GUY2155
HVT7HBGXH_Guyane-Roura-Mar-2021-Rainy-Coquillettidia-venezuelensis-5_S31,NODE_126_length_4387_cov_4.141864,Metaviridae,Guyane,Roura,Mar-21,2021,Rainy,Coquillettidia venezuelensis,506,6432865,4616589,109.6,Roura meta-like virus 5,Roura meta-like virus 5  isolate GUY2154
HVT7HBGXH_Guyane-Roura-Mar-2021-Rainy-Coquillettidia-venezuelensis-5_S31,NODE_2316_length_1758_cov_13.707418,Metaviridae,Guyane,Roura,Mar-21,2021,Rainy,Coquillettidia venezuelensis,1093,6432865,4616589,236.75,Roura meta-like virus 2,Roura meta-like virus 2  isolate GUY2153
HVT7HBGXH_Guyane-Roura-Mar-2021-Rainy-Coquillettidia-venezuelensis-5_S31,NODE_2006_length_1866_cov_23.105968,Partitiviridae,Guyane,Roura,Mar-21,2021,Rainy,Coquillettidia venezuelensis,615,6432865,4616589,133.22,Roura partiti-like virus 4,Roura partiti-like virus 4  isolate GUY2157
HVT7HBGXH_Guyane-Roura-Mar-2021-Rainy-Coquillettidia-venezuelensis-5_S31,NODE_2214_length_1790_cov_4.636575,Metaviridae,Guyane,Roura,Mar-21,2021,Rainy,Coquillettidia venezuelensis,202,6432865,4616589,43.76,Roura meta-like virus 10,Roura meta-like virus 10  isolate GUY2151
HVT7HBGXH_Guyane-Roura-Mar-2021-Rainy-Coquillettidia-venezuelensis-5_S31,NODE_5576_length_1154_cov_1.863090,Metaviridae,Guyane,Roura,Mar-21,2021,Rainy,Coquillettidia venezuelensis,148,6432865,4616589,32.06,Roura meta-like virus 19,Roura meta-like virus 19  isolate GUY2152
HVT7HBGXH_Guyane-Roura-Mar-2021-Rainy-Coquillettidia-venezuelensis-5_S31,NODE_1094_length_2386_cov_3.419801,Aliusviridae,Guyane,Roura,Mar-21,2021,Rainy,Coquillettidia venezuelensis,260,6432865,4616589,56.32,Roura alius-like virus 1,Roura alius-like virus 1  isolate GUY2150
HVT7HBGXH_Guyane-Roura-Mar-2021-Rainy-Culex-portesi-1_S32,NODE_3_length_8572_cov_23.265914,picorna,Guyane,Roura,Mar-21,2021,Rainy,Culex portesi,3114,7662243,5669933,549.21,Roura picorna-like virus 1,Roura picorna-like virus 1  isolate GUY2159
HVT7HBGXH_Guyane-Roura-Mar-2021-Rainy-Culex-portesi-1_S32,NODE_26_length_4404_cov_7643.319095,Reovirales,Guyane,Roura,Mar-21,2021,Rainy,Culex portesi,487941,7662243,5669933,86057.63,Roura reo-like virus 1,Roura reo-like virus 1  isolate GUY2160
HVT7HBGXH_Guyane-Roura-Mar-2021-Rainy-Culex-portesi-1_S32,NODE_1630_length_1150_cov_1.586815,Leishbuviridae,Guyane,Roura,Mar-21,2021,Rainy,Culex portesi,30,7662243,5669933,5.29,Roura leishbu-like virus 1,Roura leishbu-like virus 1  isolate GUY2158
HVT7HBGXH_Guyane-Roura-Mar-2021-Rainy-Culex-portesi-2_S33,NODE_474_length_3540_cov_1008.704644,Chrysoviridae,Guyane,Roura,Mar-21,2021,Rainy,Culex portesi,51542,9145074,7758700,6643.12,Roura chryso-like virus 2,Roura chryso-like virus 2  isolate GUY2161
HVT7HBGXH_Guyane-Roura-Mar-2021-Rainy-Culex-portesi-2_S33,NODE_358_length_3932_cov_5.390775,Metaviridae,Guyane,Roura,Mar-21,2021,Rainy,Culex portesi,557,9145074,7758700,71.79,Roura meta-like virus 22,Roura meta-like virus 22  isolate GUY2162
HVT7HBGXH_Guyane-Roura-Mar-2021-Rainy-Culex-portesi-3_S34,NODE_284_length_3557_cov_3107.231343,Chrysoviridae,Guyane,Roura,Mar-21,2021,Rainy,Culex portesi,159421,8049758,6689290,23832.28,Roura chryso-like virus 2,Roura chryso-like virus 2  isolate GUY2164
HVT7HBGXH_Guyane-Roura-Mar-2021-Rainy-Culex-portesi-3_S34,NODE_35_length_7048_cov_3.561147,Metaviridae,Guyane,Roura,Mar-21,2021,Rainy,Culex portesi,462,8049758,6689290,69.07,Roura meta-like virus 22,Roura meta-like virus 22  isolate GUY2165
HVT7HBGXH_Guyane-Roura-Mar-2021-Rainy-Culex-portesi-3_S34,NODE_898_length_2480_cov_20.606564,Amalgaviridae,Guyane,Roura,Mar-21,2021,Rainy,Culex portesi,791,8049758,6689290,118.25,Roura amalga-like virus 1,Roura amalga-like virus 1  isolate GUY2163
HVT7HBGXH_Guyane-Roura-Mar-2021-Rainy-Culex-portesi-3_S34,NODE_1639_length_1994_cov_8.039042,Narnaviridae,Guyane,Roura,Mar-21,2021,Rainy,Culex portesi,234,8049758,6689290,34.98,Roura narna-like virus 1,Roura narna-like virus 1  isolate GUY2168
HVT7HBGXH_Guyane-Roura-Mar-2021-Rainy-Culex-portesi-3_S34,NODE_904_length_2476_cov_5.025385,Metaviridae,Guyane,Roura,Mar-21,2021,Rainy,Culex portesi,357,8049758,6689290,53.37,Roura meta-like virus 23,Roura meta-like virus 23  isolate GUY2166
HVT7HBGXH_Guyane-Roura-Mar-2021-Rainy-Culex-portesi-3_S34,NODE_5137_length_1191_cov_2.091234,Orthototiviridae,Guyane,Roura,Mar-21,2021,Rainy,Culex portesi,32,8049758,6689290,4.78,Roura orthototi-like virus 2,Roura orthototi-like virus 2  isolate GUY2169
HVT7HBGXH_Guyane-Roura-Mar-2021-Rainy-Culex-portesi-3_S34,NODE_6548_length_1050_cov_2.473900,Metaviridae,Guyane,Roura,Mar-21,2021,Rainy,Culex portesi,80,8049758,6689290,11.96,Roura meta-like virus 24,Roura meta-like virus 24  isolate GUY2167
HVT7HBGXH_Guyane-Roura-Mar-2021-Rainy-Culex-portesi-4_S35,NODE_2546_length_1221_cov_1.756969,Metaviridae,Guyane,Roura,Mar-21,2021,Rainy,Culex portesi,67,3692504,3043395,22.01,Roura meta-like virus 24,Roura meta-like virus 24  isolate GUY2171
HVT7HBGXH_Guyane-Roura-Mar-2021-Rainy-Culex-portesi-4_S35,NODE_1371_length_1578_cov_2.533555,Metaviridae,Guyane,Roura,Mar-21,2021,Rainy,Culex portesi,375,3692504,3043395,123.22,Roura meta-like virus 22,Roura meta-like virus 22  isolate GUY2170
HVT7HBGXH_Guyane-Roura-Mar-2021-Rainy-Culex-portesi-5_S36,NODE_2_length_11266_cov_5.353346,Rhabdoviridae,Guyane,Roura,Mar-21,2021,Rainy,Culex portesi,938,5769417,3637456,257.87,Roura rhabdo-like virus 1,Roura rhabdo-like virus 1  isolate GUY2176
HVT7HBGXH_Guyane-Roura-Mar-2021-Rainy-Culex-portesi-5_S36,NODE_108_length_3575_cov_1043.470874,Chrysoviridae,Guyane,Roura,Mar-21,2021,Rainy,Culex portesi,54937,5769417,3637456,15103.14,Roura chryso-like virus 2,Roura chryso-like virus 2  isolate GUY2172
HVT7HBGXH_Guyane-Roura-Mar-2021-Rainy-Culex-portesi-5_S36,NODE_2435_length_1306_cov_1.515004,Metaviridae,Guyane,Roura,Mar-21,2021,Rainy,Culex portesi,147,5769417,3637456,40.41,Roura meta-like virus 25,Roura meta-like virus 25  isolate GUY2175
HVT7HBGXH_Guyane-Roura-Mar-2021-Rainy-Culex-portesi-5_S36,NODE_3059_length_1189_cov_1.948029,Metaviridae,Guyane,Roura,Mar-21,2021,Rainy,Culex portesi,39,5769417,3637456,10.72,Roura meta-like virus 22,Roura meta-like virus 22  isolate GUY2174
HVT7HBGXH_Guyane-Roura-Mar-2021-Rainy-Culex-portesi-5_S36,NODE_6_length_9832_cov_33.997643,Hypoviridae,Guyane,Roura,Mar-21,2021,Rainy,Culex portesi,5033,5769417,3637456,1383.66,Roura hypo-like virus 1,Roura hypo-like virus 1  isolate GUY2173
HVT7HBGXH_Madagascar-Ambato-Boeny-Feb-2020-Rainy-Anopheles-coustani-1_S37,NODE_3_length_10116_cov_128.088619,Kitaviridae,Madagascar,Ambato Boeny,Feb-20,2020,Rainy,Anopheles coustani,19538,6918800,3822254,5111.64,Ambato Boeny kita-like virus 1,Ambato Boeny kita-like virus 1  isolate MAD2178
HVT7HBGXH_Madagascar-Ambato-Boeny-Feb-2020-Rainy-Anopheles-coustani-1_S37,NODE_44_length_4018_cov_4.030672,Metaviridae,Madagascar,Ambato Boeny,Feb-20,2020,Rainy,Anopheles coustani,366,6918800,3822254,95.76,Ambato Boeny meta-like virus 3,Ambato Boeny meta-like virus 3  isolate MAD2180
HVT7HBGXH_Madagascar-Ambato-Boeny-Feb-2020-Rainy-Anopheles-coustani-1_S37,NODE_167_length_2317_cov_2.841800,Metaviridae,Madagascar,Ambato Boeny,Feb-20,2020,Rainy,Anopheles coustani,139,6918800,3822254,36.37,Ambato Boeny meta-like virus 7,Ambato Boeny meta-like virus 7  isolate MAD2184
HVT7HBGXH_Madagascar-Ambato-Boeny-Feb-2020-Rainy-Anopheles-coustani-1_S37,NODE_132_length_2557_cov_4.353865,Metaviridae,Madagascar,Ambato Boeny,Feb-20,2020,Rainy,Anopheles coustani,656,6918800,3822254,171.63,Ambato Boeny meta-like virus 5,Ambato Boeny meta-like virus 5  isolate MAD2182
HVT7HBGXH_Madagascar-Ambato-Boeny-Feb-2020-Rainy-Anopheles-coustani-1_S37,NODE_135_length_2540_cov_2.775030,Metaviridae,Madagascar,Ambato Boeny,Feb-20,2020,Rainy,Anopheles coustani,137,6918800,3822254,35.84,Ambato Boeny meta-like virus 6,Ambato Boeny meta-like virus 6  isolate MAD2183
HVT7HBGXH_Madagascar-Ambato-Boeny-Feb-2020-Rainy-Anopheles-coustani-1_S37,NODE_95_length_2904_cov_7593.102084,Solemoviridae,Madagascar,Ambato Boeny,Feb-20,2020,Rainy,Anopheles coustani,301319,6918800,3822254,78832.8,Ambato Boeny solemo-like virus 1,Ambato Boeny solemo-like virus 1  isolate MAD2185
HVT7HBGXH_Madagascar-Ambato-Boeny-Feb-2020-Rainy-Anopheles-coustani-1_S37,NODE_467_length_1572_cov_3.041361,Inseviridae,Madagascar,Ambato Boeny,Feb-20,2020,Rainy,Anopheles coustani,69,6918800,3822254,18.05,Ambato Boeny inse-like virus 1,Ambato Boeny inse-like virus 1  isolate MAD2177
HVT7HBGXH_Madagascar-Ambato-Boeny-Feb-2020-Rainy-Anopheles-coustani-1_S37,NODE_757_length_1351_cov_3.338811,Metaviridae,Madagascar,Ambato Boeny,Feb-20,2020,Rainy,Anopheles coustani,443,6918800,3822254,115.9,Ambato Boeny meta-like virus 2,Ambato Boeny meta-like virus 2  isolate MAD2179
HVT7HBGXH_Madagascar-Ambato-Boeny-Feb-2020-Rainy-Anopheles-coustani-1_S37,NODE_91_length_2936_cov_2.482710,Metaviridae,Madagascar,Ambato Boeny,Feb-20,2020,Rainy,Anopheles coustani,152,6918800,3822254,39.77,Ambato Boeny meta-like virus 4,Ambato Boeny meta-like virus 4  isolate MAD2181
HVT7HBGXH_Madagascar-Ambato-Boeny-Feb-2020-Rainy-Anopheles-coustani-2_S38,NODE_32_length_4053_cov_16220.273869,Reovirales,Madagascar,Ambato Boeny,Feb-20,2020,Rainy,Anopheles coustani,902834,7838414,7365231,122580.54,Ambato Boeny reo-like virus 1,Ambato Boeny reo-like virus 1  isolate MAD2187
HVT7HBGXH_Madagascar-Ambato-Boeny-Feb-2020-Rainy-Anopheles-coustani-2_S38,NODE_76_length_2876_cov_2254.033535,Solemoviridae,Madagascar,Ambato Boeny,Feb-20,2020,Rainy,Anopheles coustani,90754,7838414,7365231,12321.95,Ambato Boeny solemo-like virus 1,Ambato Boeny solemo-like virus 1  isolate MAD2188
HVT7HBGXH_Madagascar-Ambato-Boeny-Feb-2020-Rainy-Anopheles-coustani-2_S38,NODE_1075_length_1278_cov_1.534440,Metaviridae,Madagascar,Ambato Boeny,Feb-20,2020,Rainy,Anopheles coustani,54,7838414,7365231,7.33,Ambato Boeny meta-like virus 4,Ambato Boeny meta-like virus 4  isolate MAD2186
HVT7HBGXH_Madagascar-Ambato-Boeny-Feb-2020-Rainy-Anopheles-coustani-3_S39,NODE_1_length_10171_cov_93.172014,Kitaviridae,Madagascar,Ambato Boeny,Feb-20,2020,Rainy,Anopheles coustani,14632,7394780,6983366,2095.26,Ambato Boeny kita-like virus 1,Ambato Boeny kita-like virus 1  isolate MAD2189
HVT7HBGXH_Madagascar-Ambato-Boeny-Feb-2020-Rainy-Anopheles-coustani-3_S39,NODE_7_length_5205_cov_16781.410756,Reovirales,Madagascar,Ambato Boeny,Feb-20,2020,Rainy,Anopheles coustani,1231297,7394780,6983366,176318.55,Ambato Boeny reo-like virus 1,Ambato Boeny reo-like virus 1  isolate MAD2191
HVT7HBGXH_Madagascar-Ambato-Boeny-Feb-2020-Rainy-Anopheles-coustani-3_S39,NODE_32_length_2892_cov_820.202554,Solemoviridae,Madagascar,Ambato Boeny,Feb-20,2020,Rainy,Anopheles coustani,33835,7394780,6983366,4845.08,Ambato Boeny solemo-like virus 1,Ambato Boeny solemo-like virus 1  isolate MAD2192
HVT7HBGXH_Madagascar-Ambato-Boeny-Feb-2020-Rainy-Anopheles-coustani-3_S39,NODE_107_length_1732_cov_1.277275,Metaviridae,Madagascar,Ambato Boeny,Feb-20,2020,Rainy,Anopheles coustani,51,7394780,6983366,7.3,Ambato Boeny meta-like virus 7,Ambato Boeny meta-like virus 7  isolate MAD2190
HVT7HBGXH_Madagascar-Ambato-Boeny-Feb-2020-Rainy-Anopheles-gambiae-1_S40,NODE_2_length_11966_cov_6158.710250,Xinmoviridae,Madagascar,Ambato Boeny,Feb-20,2020,Rainy,Anopheles gambiae,1056249,7163283,6305815,167503.96,Ambato Boeny xinmo-like virus 1,Ambato Boeny xinmo-like virus 1  isolate MAD2202
HVT7HBGXH_Madagascar-Ambato-Boeny-Feb-2020-Rainy-Anopheles-gambiae-1_S40,NODE_54_length_5263_cov_3.790751,Metaviridae,Madagascar,Ambato Boeny,Feb-20,2020,Rainy,Anopheles gambiae,377,7163283,6305815,59.79,Ambato Boeny meta-like virus 10,Ambato Boeny meta-like virus 10  isolate MAD2193
HVT7HBGXH_Madagascar-Ambato-Boeny-Feb-2020-Rainy-Anopheles-gambiae-1_S40,NODE_17_length_6408_cov_16.616890,Metaviridae,Madagascar,Ambato Boeny,Feb-20,2020,Rainy,Anopheles gambiae,2133,7163283,6305815,338.26,Ambato Boeny meta-like virus 8,Ambato Boeny meta-like virus 8  isolate MAD2199
HVT7HBGXH_Madagascar-Ambato-Boeny-Feb-2020-Rainy-Anopheles-gambiae-1_S40,NODE_129_length_4207_cov_7.314949,Metaviridae,Madagascar,Ambato Boeny,Feb-20,2020,Rainy,Anopheles gambiae,846,7163283,6305815,134.16,Ambato Boeny meta-like virus 9,Ambato Boeny meta-like virus 9  isolate MAD2200
HVT7HBGXH_Madagascar-Ambato-Boeny-Feb-2020-Rainy-Anopheles-gambiae-1_S40,NODE_850_length_2258_cov_3.329062,Flaviviridae,Madagascar,Ambato Boeny,Feb-20,2020,Rainy,Anopheles gambiae,295,7163283,6305815,46.78,Anopheles flavivirus variant 1,Anopheles flavivirus variant 1  isolate MAD2203
HVT7HBGXH_Madagascar-Ambato-Boeny-Feb-2020-Rainy-Anopheles-gambiae-1_S40,NODE_4093_length_1444_cov_4.168490,Partitiviridae,Madagascar,Ambato Boeny,Feb-20,2020,Rainy,Anopheles gambiae,84,7163283,6305815,13.32,Ambato Boeny partiti-like virus 2,Ambato Boeny partiti-like virus 2  isolate MAD2201
HVT7HBGXH_Madagascar-Ambato-Boeny-Feb-2020-Rainy-Anopheles-gambiae-1_S40,NODE_1239_length_2033_cov_3.134694,Metaviridae,Madagascar,Ambato Boeny,Feb-20,2020,Rainy,Anopheles gambiae,142,7163283,6305815,22.52,Ambato Boeny meta-like virus 11,Ambato Boeny meta-like virus 11  isolate MAD2194
HVT7HBGXH_Madagascar-Ambato-Boeny-Feb-2020-Rainy-Anopheles-gambiae-1_S40,NODE_6392_length_1264_cov_1.340890,Metaviridae,Madagascar,Ambato Boeny,Feb-20,2020,Rainy,Anopheles gambiae,34,7163283,6305815,5.39,Ambato Boeny meta-like virus 15,Ambato Boeny meta-like virus 15  isolate MAD2198
HVT7HBGXH_Madagascar-Ambato-Boeny-Feb-2020-Rainy-Anopheles-gambiae-1_S40,NODE_8838_length_1141_cov_1.936330,Metaviridae,Madagascar,Ambato Boeny,Feb-20,2020,Rainy,Anopheles gambiae,36,7163283,6305815,5.71,Ambato Boeny meta-like virus 14,Ambato Boeny meta-like virus 14  isolate MAD2197
HVT7HBGXH_Madagascar-Ambato-Boeny-Feb-2020-Rainy-Anopheles-gambiae-1_S40,NODE_3294_length_1535_cov_1.865253,Metaviridae,Madagascar,Ambato Boeny,Feb-20,2020,Rainy,Anopheles gambiae,60,7163283,6305815,9.52,Ambato Boeny meta-like virus 13,Ambato Boeny meta-like virus 13  isolate MAD2196
HVT7HBGXH_Madagascar-Ambato-Boeny-Feb-2020-Rainy-Anopheles-gambiae-1_S40,NODE_2591_length_1651_cov_2.740177,Metaviridae,Madagascar,Ambato Boeny,Feb-20,2020,Rainy,Anopheles gambiae,98,7163283,6305815,15.54,Ambato Boeny meta-like virus 12,Ambato Boeny meta-like virus 12  isolate MAD2195
HVT7HBGXH_Madagascar-Ambato-Boeny-Feb-2020-Rainy-Anopheles-gambiae-3_S42,NODE_2_length_10696_cov_15.555399,Flaviviridae,Madagascar,Ambato Boeny,Feb-20,2020,Rainy,Anopheles gambiae,2580,7603448,1197217,2155,Anopheles flavivirus variant 1,Anopheles flavivirus variant 1  isolate MAD2209
HVT7HBGXH_Madagascar-Ambato-Boeny-Feb-2020-Rainy-Anopheles-gambiae-3_S42,NODE_3_length_9822_cov_11.294389,Kitaviridae,Madagascar,Ambato Boeny,Feb-20,2020,Rainy,Anopheles gambiae,1722,7603448,1197217,1438.34,Ambato Boeny kita-like virus 2,Ambato Boeny kita-like virus 2  isolate MAD2204
HVT7HBGXH_Madagascar-Ambato-Boeny-Feb-2020-Rainy-Anopheles-gambiae-3_S42,NODE_1_length_11952_cov_627.203216,Xinmoviridae,Madagascar,Ambato Boeny,Feb-20,2020,Rainy,Anopheles gambiae,111228,7603448,1197217,92905.46,Ambato Boeny xinmo-like virus 1,Ambato Boeny xinmo-like virus 1  isolate MAD2208
HVT7HBGXH_Madagascar-Ambato-Boeny-Feb-2020-Rainy-Anopheles-gambiae-3_S42,NODE_6_length_6956_cov_3.025570,Metaviridae,Madagascar,Ambato Boeny,Feb-20,2020,Rainy,Anopheles gambiae,456,7603448,1197217,380.88,Ambato Boeny meta-like virus 8,Ambato Boeny meta-like virus 8  isolate MAD2206
HVT7HBGXH_Madagascar-Ambato-Boeny-Feb-2020-Rainy-Anopheles-gambiae-3_S42,NODE_140_length_1586_cov_1.678784,Metaviridae,Madagascar,Ambato Boeny,Feb-20,2020,Rainy,Anopheles gambiae,46,7603448,1197217,38.42,Ambato Boeny meta-like virus 9,Ambato Boeny meta-like virus 9  isolate MAD2207
HVT7HBGXH_Madagascar-Ambato-Boeny-Feb-2020-Rainy-Anopheles-gambiae-3_S42,NODE_171_length_1472_cov_1.225161,Metaviridae,Madagascar,Ambato Boeny,Feb-20,2020,Rainy,Anopheles gambiae,26,7603448,1197217,21.72,Ambato Boeny meta-like virus 10,Ambato Boeny meta-like virus 10  isolate MAD2205
HVT7HBGXH_Madagascar-Ambato-Boeny-Feb-2020-Rainy-Anopheles-gambiae-4_S43,NODE_2_length_11948_cov_1214.585011,Xinmoviridae,Madagascar,Ambato Boeny,Feb-20,2020,Rainy,Anopheles gambiae,213170,7758705,2901450,73470.16,Ambato Boeny xinmo-like virus 1,Ambato Boeny xinmo-like virus 1  isolate MAD2223
HVT7HBGXH_Madagascar-Ambato-Boeny-Feb-2020-Rainy-Anopheles-gambiae-4_S43,NODE_68_length_3725_cov_3.742333,Aspiviridae,Madagascar,Ambato Boeny,Feb-20,2020,Rainy,Anopheles gambiae,214,7758705,2901450,73.76,Ambato Boeny aspi-like virus 2,Ambato Boeny aspi-like virus 2  isolate MAD2210
HVT7HBGXH_Madagascar-Ambato-Boeny-Feb-2020-Rainy-Anopheles-gambiae-4_S43,NODE_32_length_5015_cov_5.716512,Metaviridae,Madagascar,Ambato Boeny,Feb-20,2020,Rainy,Anopheles gambiae,592,7758705,2901450,204.04,Ambato Boeny meta-like virus 8,Ambato Boeny meta-like virus 8  isolate MAD2215
HVT7HBGXH_Madagascar-Ambato-Boeny-Feb-2020-Rainy-Anopheles-gambiae-4_S43,NODE_6_length_6703_cov_2.770588,Metaviridae,Madagascar,Ambato Boeny,Feb-20,2020,Rainy,Anopheles gambiae,379,7758705,2901450,130.62,Ambato Boeny meta-like virus 9,Ambato Boeny meta-like virus 9  isolate MAD2216
HVT7HBGXH_Madagascar-Ambato-Boeny-Feb-2020-Rainy-Anopheles-gambiae-4_S43,NODE_66_length_3876_cov_2.884565,Orthototiviridae,Madagascar,Ambato Boeny,Feb-20,2020,Rainy,Anopheles gambiae,160,7758705,2901450,55.14,Ambato Boeny orthototi-like virus 5,Ambato Boeny orthototi-like virus 5  isolate MAD2218
HVT7HBGXH_Madagascar-Ambato-Boeny-Feb-2020-Rainy-Anopheles-gambiae-4_S43,NODE_185_length_2183_cov_1.375355,Metaviridae,Madagascar,Ambato Boeny,Feb-20,2020,Rainy,Anopheles gambiae,53,7758705,2901450,18.27,Ambato Boeny meta-like virus 11,Ambato Boeny meta-like virus 11  isolate MAD2213
HVT7HBGXH_Madagascar-Ambato-Boeny-Feb-2020-Rainy-Anopheles-gambiae-4_S43,NODE_164_length_2335_cov_2.311671,Orthototiviridae,Madagascar,Ambato Boeny,Feb-20,2020,Rainy,Anopheles gambiae,333,7758705,2901450,114.77,Ambato Boeny orthototi-like virus 9,Ambato Boeny orthototi-like virus 9  isolate MAD2221
HVT7HBGXH_Madagascar-Ambato-Boeny-Feb-2020-Rainy-Anopheles-gambiae-4_S43,NODE_212_length_2039_cov_2.022380,Aspiviridae,Madagascar,Ambato Boeny,Feb-20,2020,Rainy,Anopheles gambiae,60,7758705,2901450,20.68,Ambato Boeny aspi-like virus 3,Ambato Boeny aspi-like virus 3  isolate MAD2211
HVT7HBGXH_Madagascar-Ambato-Boeny-Feb-2020-Rainy-Anopheles-gambiae-4_S43,NODE_204_length_2075_cov_4.762238,Orthototiviridae,Madagascar,Ambato Boeny,Feb-20,2020,Rainy,Anopheles gambiae,445,7758705,2901450,153.37,Ambato Boeny orthototi-like virus 4,Ambato Boeny orthototi-like virus 4  isolate MAD2217
HVT7HBGXH_Madagascar-Ambato-Boeny-Feb-2020-Rainy-Anopheles-gambiae-4_S43,NODE_109_length_2975_cov_7.174363,Orthototiviridae,Madagascar,Ambato Boeny,Feb-20,2020,Rainy,Anopheles gambiae,573,7758705,2901450,197.48,Ambato Boeny orthototi-like virus 8,Ambato Boeny orthototi-like virus 8  isolate MAD2220
HVT7HBGXH_Madagascar-Ambato-Boeny-Feb-2020-Rainy-Anopheles-gambiae-4_S43,NODE_308_length_1780_cov_4307.163445,Partitiviridae,Madagascar,Ambato Boeny,Feb-20,2020,Rainy,Anopheles gambiae,102733,7758705,2901450,35407.47,Mosquito partiti-like virus YN16,Mosquito partiti-like virus YN16  isolate MAD2224
HVT7HBGXH_Madagascar-Ambato-Boeny-Feb-2020-Rainy-Anopheles-gambiae-4_S43,NODE_585_length_1375_cov_3.407834,Partitiviridae,Madagascar,Ambato Boeny,Feb-20,2020,Rainy,Anopheles gambiae,68,7758705,2901450,23.44,Ambato Boeny partiti-like virus 3,Ambato Boeny partiti-like virus 3  isolate MAD2222
HVT7HBGXH_Madagascar-Ambato-Boeny-Feb-2020-Rainy-Anopheles-gambiae-4_S43,NODE_1265_length_1095_cov_1.135029,Metaviridae,Madagascar,Ambato Boeny,Feb-20,2020,Rainy,Anopheles gambiae,22,7758705,2901450,7.58,Ambato Boeny meta-like virus 16,Ambato Boeny meta-like virus 16  isolate MAD2214
HVT7HBGXH_Madagascar-Ambato-Boeny-Feb-2020-Rainy-Anopheles-gambiae-4_S43,NODE_963_length_1180_cov_1.729901,Metaviridae,Madagascar,Ambato Boeny,Feb-20,2020,Rainy,Anopheles gambiae,96,7758705,2901450,33.09,Ambato Boeny meta-like virus 10,Ambato Boeny meta-like virus 10  isolate MAD2212
HVT7HBGXH_Madagascar-Ambato-Boeny-Feb-2020-Rainy-Anopheles-gambiae-4_S43,NODE_396_length_1575_cov_1.149134,Orthototiviridae,Madagascar,Ambato Boeny,Feb-20,2020,Rainy,Anopheles gambiae,37,7758705,2901450,12.75,Ambato Boeny orthototi-like virus 6,Ambato Boeny orthototi-like virus 6  isolate MAD2219
HVT7HBGXH_Madagascar-Ambato-Boeny-Feb-2020-Rainy-Anopheles-gambiae-5_S44,NODE_2_length_9838_cov_94.776242,Kitaviridae,Madagascar,Ambato Boeny,Feb-20,2020,Rainy,Anopheles gambiae,14268,6748878,2310744,6174.63,Ambato Boeny kita-like virus 2,Ambato Boeny kita-like virus 2  isolate MAD2225
HVT7HBGXH_Madagascar-Ambato-Boeny-Feb-2020-Rainy-Anopheles-gambiae-5_S44,NODE_1_length_11953_cov_3990.318939,Xinmoviridae,Madagascar,Ambato Boeny,Feb-20,2020,Rainy,Anopheles gambiae,682247,6748878,2310744,295249.93,Ambato Boeny xinmo-like virus 1,Ambato Boeny xinmo-like virus 1  isolate MAD2227
HVT7HBGXH_Madagascar-Ambato-Boeny-Feb-2020-Rainy-Anopheles-gambiae-5_S44,NODE_98_length_1780_cov_1977.390744,Partitiviridae,Madagascar,Ambato Boeny,Feb-20,2020,Rainy,Anopheles gambiae,48504,6748878,2310744,20990.64,Mosquito partiti-like virus YN16,Mosquito partiti-like virus YN16  isolate MAD2228
HVT7HBGXH_Madagascar-Ambato-Boeny-Feb-2020-Rainy-Anopheles-gambiae-5_S44,NODE_333_length_1027_cov_2.247379,Partitiviridae,Madagascar,Ambato Boeny,Feb-20,2020,Rainy,Anopheles gambiae,39,6748878,2310744,16.88,Ambato Boeny partiti-like virus 4,Ambato Boeny partiti-like virus 4  isolate MAD2226
HVT7HBGXH_Madagascar-Ambato-Boeny-Feb-2020-Rainy-Culex-antennatus-1_S45,NODE_1_length_10971_cov_31.192971,Kitaviridae,Madagascar,Ambato Boeny,Feb-20,2020,Rainy,Culex antennatus,4978,7175539,4645344,1071.61,Culex pipiens-associated Tunisia virus,Culex pipiens-associated Tunisia virus  isolate MAD2231
HVT7HBGXH_Madagascar-Ambato-Boeny-Feb-2020-Rainy-Culex-antennatus-1_S45,NODE_8_length_3532_cov_4654.138768,Chrysoviridae,Madagascar,Ambato Boeny,Feb-20,2020,Rainy,Culex antennatus,229704,7175539,4645344,49448.22,Chrysoviridae sp.,Chrysoviridae sp.  isolate MAD2230
HVT7HBGXH_Madagascar-Ambato-Boeny-Feb-2020-Rainy-Culex-antennatus-1_S45,NODE_40_length_1532_cov_10320.715559,Partitiviridae,Madagascar,Ambato Boeny,Feb-20,2020,Rainy,Culex antennatus,208362,7175539,4645344,44853.94,Atrato Partiti-like virus 4,Atrato Partiti-like virus 4  isolate MAD2229
HVT7HBGXH_Madagascar-Ambato-Boeny-Feb-2020-Rainy-Culex-antennatus-2_S46,NODE_9_length_3526_cov_546.572256,Chrysoviridae,Madagascar,Ambato Boeny,Feb-20,2020,Rainy,Culex antennatus,28004,8427508,2986919,9375.55,Chrysoviridae sp.,Chrysoviridae sp.  isolate MAD2233
HVT7HBGXH_Madagascar-Ambato-Boeny-Feb-2020-Rainy-Culex-antennatus-2_S46,NODE_21_length_2831_cov_2302.495286,Tombusviridae,Madagascar,Ambato Boeny,Feb-20,2020,Rainy,Culex antennatus,91720,8427508,2986919,30707.23,Culex associated luteo like virus,Culex associated luteo like virus  isolate MAD2234
HVT7HBGXH_Madagascar-Ambato-Boeny-Feb-2020-Rainy-Culex-antennatus-2_S46,NODE_78_length_1507_cov_401.177127,Partitiviridae,Madagascar,Ambato Boeny,Feb-20,2020,Rainy,Culex antennatus,8401,8427508,2986919,2812.6,Atrato Partiti-like virus 4,Atrato Partiti-like virus 4  isolate MAD2232
HVT7HBGXH_Madagascar-Ambato-Boeny-Feb-2020-Rainy-Culex-antennatus-2_S46,NODE_155_length_1115_cov_110.236084,Tombusviridae,Madagascar,Ambato Boeny,Feb-20,2020,Rainy,Culex antennatus,1440,8427508,2986919,482.1,Mosquito luteo-like virus YN4,Mosquito luteo-like virus YN4  isolate MAD2235
HVT7HBGXH_Madagascar-Ambato-Boeny-Feb-2020-Rainy-Culex-antennatus-3_S47,NODE_1_length_11031_cov_167.505840,Kitaviridae,Madagascar,Ambato Boeny,Feb-20,2020,Rainy,Culex antennatus,59238,9119585,4666203,12695.12,Culex pipiens-associated Tunisia virus,Culex pipiens-associated Tunisia virus  isolate MAD2239
HVT7HBGXH_Madagascar-Ambato-Boeny-Feb-2020-Rainy-Culex-antennatus-3_S47,NODE_10_length_3562_cov_19154.518487,Chrysoviridae,Madagascar,Ambato Boeny,Feb-20,2020,Rainy,Culex antennatus,1011679,9119585,4666203,216809.9,Chrysoviridae sp.,Chrysoviridae sp.  isolate MAD2238
HVT7HBGXH_Madagascar-Ambato-Boeny-Feb-2020-Rainy-Culex-antennatus-3_S47,NODE_76_length_1781_cov_107.574356,Partitiviridae,Madagascar,Ambato Boeny,Feb-20,2020,Rainy,Culex antennatus,2799,9119585,4666203,599.85,Ambato Boeny partiti-like virus 5,Ambato Boeny partiti-like virus 5  isolate MAD2236
HVT7HBGXH_Madagascar-Ambato-Boeny-Feb-2020-Rainy-Culex-antennatus-3_S47,NODE_107_length_1504_cov_62.137666,Partitiviridae,Madagascar,Ambato Boeny,Feb-20,2020,Rainy,Culex antennatus,1316,9119585,4666203,282.03,Atrato Partiti-like virus 4,Atrato Partiti-like virus 4  isolate MAD2237
HVT7HBGXH_Madagascar-Ambato-Boeny-Feb-2020-Rainy-Culex-quinquefasciatus-1_S51,NODE_1_length_10201_cov_68.476007,Dicistroviridae,Madagascar,Ambato Boeny,Feb-20,2020,Rainy,Culex quinquefasciatus,10232,2751741,367751,27823.17,Ambato Boeny dicistro-like virus 1,Ambato Boeny dicistro-like virus 1  isolate MAD2240
HVT7HBGXH_Madagascar-Ambato-Boeny-Feb-2020-Rainy-Culex-tritaeniorhynchus-1_S53,NODE_20_length_4368_cov_2.831199,Metaviridae,Madagascar,Ambato Boeny,Feb-20,2020,Rainy,Culex tritaeniorhynchus,296,7534690,3919067,75.53,Ambato Boeny meta-like virus 21,Ambato Boeny meta-like virus 21  isolate MAD2241
HVT7HBGXH_Madagascar-Ambato-Boeny-Feb-2020-Rainy-Culex-tritaeniorhynchus-1_S53,NODE_2_length_6998_cov_100.004188,Orthototiviridae,Madagascar,Ambato Boeny,Feb-20,2020,Rainy,Culex tritaeniorhynchus,11110,7534690,3919067,2834.86,XiangYun toti-like virus 5,XiangYun toti-like virus 5  isolate MAD2243
HVT7HBGXH_Madagascar-Ambato-Boeny-Feb-2020-Rainy-Culex-tritaeniorhynchus-1_S53,NODE_63_length_2799_cov_929.974688,Tombusviridae,Madagascar,Ambato Boeny,Feb-20,2020,Rainy,Culex tritaeniorhynchus,37780,7534690,3919067,9640.05,Culex associated luteo like virus,Culex associated luteo like virus  isolate MAD2242
HVT7HBGXH_Madagascar-Ambato-Boeny-Feb-2020-Rainy-Culex-tritaeniorhynchus-2_S54,NODE_42_length_4303_cov_7.582506,Metaviridae,Madagascar,Ambato Boeny,Feb-20,2020,Rainy,Culex tritaeniorhynchus,694,6767941,5501254,126.15,Ambato Boeny meta-like virus 21,Ambato Boeny meta-like virus 21  isolate MAD2244
HVT7HBGXH_Madagascar-Ambato-Boeny-Feb-2020-Rainy-Culex-tritaeniorhynchus-2_S54,NODE_64_length_3678_cov_4.196117,Metaviridae,Madagascar,Ambato Boeny,Feb-20,2020,Rainy,Culex tritaeniorhynchus,376,6767941,5501254,68.35,Ambato Boeny meta-like virus 23,Ambato Boeny meta-like virus 23  isolate MAD2245
HVT7HBGXH_Madagascar-Ambato-Boeny-Feb-2020-Rainy-Culex-tritaeniorhynchus-2_S54,NODE_5_length_7208_cov_132.981920,Orthototiviridae,Madagascar,Ambato Boeny,Feb-20,2020,Rainy,Culex tritaeniorhynchus,14697,6767941,5501254,2671.57,XiangYun toti-like virus 5,XiangYun toti-like virus 5  isolate MAD2247
HVT7HBGXH_Madagascar-Ambato-Boeny-Feb-2020-Rainy-Culex-tritaeniorhynchus-2_S54,NODE_107_length_2817_cov_493.287536,Tombusviridae,Madagascar,Ambato Boeny,Feb-20,2020,Rainy,Culex tritaeniorhynchus,22148,6767941,5501254,4025.99,Culex associated luteo like virus,Culex associated luteo like virus  isolate MAD2246
HVT7HBGXH_Madagascar-Ambato-Boeny-Feb-2020-Rainy-Culex-tritaeniorhynchus-3_S55,NODE_22_length_4401_cov_4.522412,Metaviridae,Madagascar,Ambato Boeny,Feb-20,2020,Rainy,Culex tritaeniorhynchus,472,7471772,4205620,112.23,Ambato Boeny meta-like virus 21,Ambato Boeny meta-like virus 21  isolate MAD2248
HVT7HBGXH_Madagascar-Ambato-Boeny-Feb-2020-Rainy-Culex-tritaeniorhynchus-3_S55,NODE_5_length_6598_cov_10.834636,Orthototiviridae,Madagascar,Ambato Boeny,Feb-20,2020,Rainy,Culex tritaeniorhynchus,1322,7471772,4205620,314.34,XiangYun toti-like virus 5,XiangYun toti-like virus 5  isolate MAD2250
HVT7HBGXH_Madagascar-Ambato-Boeny-Feb-2020-Rainy-Culex-tritaeniorhynchus-3_S55,NODE_62_length_2798_cov_2272.663119,Tombusviridae,Madagascar,Ambato Boeny,Feb-20,2020,Rainy,Culex tritaeniorhynchus,97498,7471772,4205620,23182.79,Culex associated luteo like virus,Culex associated luteo like virus  isolate MAD2249
HVT7HBGXH_Madagascar-Ambato-Boeny-Feb-2020-Rainy-Mansonia-uniformis-1_S59,NODE_1_length_7256_cov_243.442294,Orthototiviridae,Madagascar,Ambato Boeny,Feb-20,2020,Rainy,Mansonia uniformis,27176,8588113,4807547,5652.78,Ambato Boeny orthototi-like virus 24,Ambato Boeny orthototi-like virus 24  isolate MAD2256
HVT7HBGXH_Madagascar-Ambato-Boeny-Feb-2020-Rainy-Mansonia-uniformis-1_S59,NODE_4_length_5502_cov_9.372813,Metaviridae,Madagascar,Ambato Boeny,Feb-20,2020,Rainy,Mansonia uniformis,1245,8588113,4807547,258.97,Ambato Boeny meta-like virus 26,Ambato Boeny meta-like virus 26  isolate MAD2252
HVT7HBGXH_Madagascar-Ambato-Boeny-Feb-2020-Rainy-Mansonia-uniformis-1_S59,NODE_127_length_1866_cov_4.704406,Partitiviridae,Madagascar,Ambato Boeny,Feb-20,2020,Rainy,Mansonia uniformis,132,8588113,4807547,27.46,Ambato Boeny partiti-like virus 7,Ambato Boeny partiti-like virus 7  isolate MAD2258
HVT7HBGXH_Madagascar-Ambato-Boeny-Feb-2020-Rainy-Mansonia-uniformis-1_S59,NODE_177_length_1681_cov_6.218905,Partitiviridae,Madagascar,Ambato Boeny,Feb-20,2020,Rainy,Mansonia uniformis,155,8588113,4807547,32.24,Ambato Boeny partiti-like virus 6,Ambato Boeny partiti-like virus 6  isolate MAD2257
HVT7HBGXH_Madagascar-Ambato-Boeny-Feb-2020-Rainy-Mansonia-uniformis-1_S59,NODE_475_length_1127_cov_2.011385,Metaviridae,Madagascar,Ambato Boeny,Feb-20,2020,Rainy,Mansonia uniformis,1273,8588113,4807547,264.79,Ambato Boeny meta-like virus 25,Ambato Boeny meta-like virus 25  isolate MAD2251
HVT7HBGXH_Madagascar-Ambato-Boeny-Feb-2020-Rainy-Mansonia-uniformis-1_S59,NODE_440_length_1163_cov_2.441284,Metaviridae,Madagascar,Ambato Boeny,Feb-20,2020,Rainy,Mansonia uniformis,67,8588113,4807547,13.94,Ambato Boeny meta-like virus 35,Ambato Boeny meta-like virus 35  isolate MAD2254
HVT7HBGXH_Madagascar-Ambato-Boeny-Feb-2020-Rainy-Mansonia-uniformis-1_S59,NODE_109_length_1965_cov_2.368922,Metaviridae,Madagascar,Ambato Boeny,Feb-20,2020,Rainy,Mansonia uniformis,171,8588113,4807547,35.57,Ambato Boeny meta-like virus 29,Ambato Boeny meta-like virus 29  isolate MAD2253
HVT7HBGXH_Madagascar-Ambato-Boeny-Feb-2020-Rainy-Mansonia-uniformis-1_S59,NODE_456_length_1149_cov_2.727695,Metaviridae,Madagascar,Ambato Boeny,Feb-20,2020,Rainy,Mansonia uniformis,150,8588113,4807547,31.2,Ambato Boeny meta-like virus 37,Ambato Boeny meta-like virus 37  isolate MAD2255
HVT7HBGXH_Madagascar-Ambato-Boeny-Feb-2020-Rainy-Mansonia-uniformis-3_S61,NODE_2_length_7523_cov_36.332081,Orthototiviridae,Madagascar,Ambato Boeny,Feb-20,2020,Rainy,Mansonia uniformis,4158,5908173,5393722,770.9,Ambato Boeny orthototi-like virus 24,Ambato Boeny orthototi-like virus 24  isolate MAD2262
HVT7HBGXH_Madagascar-Ambato-Boeny-Feb-2020-Rainy-Mansonia-uniformis-3_S61,NODE_71_length_2651_cov_7.859581,Metaviridae,Madagascar,Ambato Boeny,Feb-20,2020,Rainy,Mansonia uniformis,381,5908173,5393722,70.64,Ambato Boeny meta-like virus 26,Ambato Boeny meta-like virus 26  isolate MAD2260
HVT7HBGXH_Madagascar-Ambato-Boeny-Feb-2020-Rainy-Mansonia-uniformis-3_S61,NODE_142_length_1896_cov_3.984641,Metaviridae,Madagascar,Ambato Boeny,Feb-20,2020,Rainy,Mansonia uniformis,205,5908173,5393722,38.01,Ambato Boeny meta-like virus 25,Ambato Boeny meta-like virus 25  isolate MAD2259
HVT7HBGXH_Madagascar-Ambato-Boeny-Feb-2020-Rainy-Mansonia-uniformis-3_S61,NODE_533_length_1076_cov_1.495513,Metaviridae,Madagascar,Ambato Boeny,Feb-20,2020,Rainy,Mansonia uniformis,4563,5908173,5393722,845.98,Ambato Boeny meta-like virus 34,Ambato Boeny meta-like virus 34  isolate MAD2261
HVT7HBGXH_Madagascar-Amparafaravola-Feb-2020-Rainy-Anopheles-coustani-1_S62,NODE_2_length_10692_cov_43.676806,Flaviviridae,Madagascar,Amparafaravola,Feb-20,2020,Rainy,Anopheles coustani,7040,3091509,1205350,5840.63,Anopheles flavivirus variant 1,Anopheles flavivirus variant 1  isolate MAD2266
HVT7HBGXH_Madagascar-Amparafaravola-Feb-2020-Rainy-Anopheles-coustani-1_S62,NODE_3_length_6742_cov_41.535762,Phenuiviridae,Madagascar,Amparafaravola,Feb-20,2020,Rainy,Anopheles coustani,4091,3091509,1205350,3394.03,Amparafaravola phenui-like virus 1,Amparafaravola phenui-like virus 1  isolate MAD2265
HVT7HBGXH_Madagascar-Amparafaravola-Feb-2020-Rainy-Anopheles-coustani-1_S62,NODE_73_length_1528_cov_659.999313,Partitiviridae,Madagascar,Amparafaravola,Feb-20,2020,Rainy,Anopheles coustani,14338,3091509,1205350,11895.3,Amparafaravola partiti-like virus 1,Amparafaravola partiti-like virus 1  isolate MAD2264
HVT7HBGXH_Madagascar-Amparafaravola-Feb-2020-Rainy-Anopheles-coustani-1_S62,NODE_124_length_1224_cov_1.858384,Dicistroviridae,Madagascar,Amparafaravola,Feb-20,2020,Rainy,Anopheles coustani,39,3091509,1205350,32.36,Amparafaravola dicistro-like virus 1,Amparafaravola dicistro-like virus 1  isolate MAD2263
HVT7HBGXH_Madagascar-Amparafaravola-Feb-2020-Rainy-Anopheles-coustani-2_S63,NODE_2_length_10694_cov_378.359006,Flaviviridae,Madagascar,Amparafaravola,Feb-20,2020,Rainy,Anopheles coustani,61391,7023203,6128084,10017.98,Anopheles flavivirus variant 1,Anopheles flavivirus variant 1  isolate MAD2269
HVT7HBGXH_Madagascar-Amparafaravola-Feb-2020-Rainy-Anopheles-coustani-2_S63,NODE_5_length_6399_cov_23202.716408,Inseviridae,Madagascar,Amparafaravola,Feb-20,2020,Rainy,Anopheles coustani,2080009,7023203,6128084,339422.4,Amparafaravola inse-like virus 1,Amparafaravola inse-like virus 1  isolate MAD2267
HVT7HBGXH_Madagascar-Amparafaravola-Feb-2020-Rainy-Anopheles-coustani-2_S63,NODE_119_length_1519_cov_2144.116183,Partitiviridae,Madagascar,Amparafaravola,Feb-20,2020,Rainy,Anopheles coustani,44908,7023203,6128084,7328.23,Amparafaravola partiti-like virus 1,Amparafaravola partiti-like virus 1  isolate MAD2268
HVT7HBGXH_Madagascar-Amparafaravola-Feb-2020-Rainy-Anopheles-coustani-3_S64,NODE_1_length_10701_cov_80.072262,Flaviviridae,Madagascar,Amparafaravola,Feb-20,2020,Rainy,Anopheles coustani,13120,6515096,5073125,2586.18,Anopheles flavivirus variant 1,Anopheles flavivirus variant 1  isolate MAD2274
HVT7HBGXH_Madagascar-Amparafaravola-Feb-2020-Rainy-Anopheles-coustani-3_S64,NODE_2_length_6761_cov_1055.371860,Phenuiviridae,Madagascar,Amparafaravola,Feb-20,2020,Rainy,Anopheles coustani,103861,6515096,5073125,20472.79,Amparafaravola phenui-like virus 1,Amparafaravola phenui-like virus 1  isolate MAD2272
HVT7HBGXH_Madagascar-Amparafaravola-Feb-2020-Rainy-Anopheles-coustani-3_S64,NODE_3_length_6274_cov_5.859216,Dicistroviridae,Madagascar,Amparafaravola,Feb-20,2020,Rainy,Anopheles coustani,1083,6515096,5073125,213.48,Amparafaravola dicistro-like virus 1,Amparafaravola dicistro-like virus 1  isolate MAD2270
HVT7HBGXH_Madagascar-Amparafaravola-Feb-2020-Rainy-Anopheles-coustani-3_S64,NODE_33_length_2847_cov_1128.531363,Solemoviridae,Madagascar,Amparafaravola,Feb-20,2020,Rainy,Anopheles coustani,45715,6515096,5073125,9011.21,Amparafaravola solemo-like virus 1,Amparafaravola solemo-like virus 1  isolate MAD2273
HVT7HBGXH_Madagascar-Amparafaravola-Feb-2020-Rainy-Anopheles-coustani-3_S64,NODE_89_length_1517_cov_33780.513850,Partitiviridae,Madagascar,Amparafaravola,Feb-20,2020,Rainy,Anopheles coustani,754837,6515096,5073125,148791.33,Amparafaravola partiti-like virus 1,Amparafaravola partiti-like virus 1  isolate MAD2271
HVT7HBGXH_Madagascar-Amparafaravola-Feb-2020-Rainy-Anopheles-gambiae-2_S66,NODE_3_length_10718_cov_419.838234,Flaviviridae,Madagascar,Amparafaravola,Feb-20,2020,Rainy,Anopheles gambiae,67883,5328241,3714253,18276.35,Anopheles flavivirus variant 1,Anopheles flavivirus variant 1  isolate MAD2277
HVT7HBGXH_Madagascar-Amparafaravola-Feb-2020-Rainy-Anopheles-gambiae-2_S66,NODE_319_length_2249_cov_6.390165,picorna,Madagascar,Amparafaravola,Feb-20,2020,Rainy,Anopheles gambiae,388,5328241,3714253,104.47,Hubei mosquito virus 4,Hubei mosquito virus 4  isolate MAD2278
HVT7HBGXH_Madagascar-Amparafaravola-Feb-2020-Rainy-Anopheles-gambiae-2_S66,NODE_289_length_2337_cov_1.303004,Metaviridae,Madagascar,Amparafaravola,Feb-20,2020,Rainy,Anopheles gambiae,64,5328241,3714253,17.23,Amparafaravola meta-like virus 2,Amparafaravola meta-like virus 2  isolate MAD2275
HVT7HBGXH_Madagascar-Amparafaravola-Feb-2020-Rainy-Anopheles-gambiae-2_S66,NODE_307_length_2292_cov_3.865705,Metaviridae,Madagascar,Amparafaravola,Feb-20,2020,Rainy,Anopheles gambiae,222,5328241,3714253,59.77,Amparafaravola meta-like virus 3,Amparafaravola meta-like virus 3  isolate MAD2276
HVT7HBGXH_Madagascar-Amparafaravola-Feb-2020-Rainy-Anopheles-gambiae-4_S68,NODE_2_length_6356_cov_9.349992,Orthototiviridae,Madagascar,Amparafaravola,Feb-20,2020,Rainy,Anopheles gambiae,871,6683597,2289335,380.46,Amparafaravola orthototi-like virus 1,Amparafaravola orthototi-like virus 1  isolate MAD2280
HVT7HBGXH_Madagascar-Amparafaravola-Feb-2020-Rainy-Anopheles-gambiae-4_S68,NODE_168_length_1271_cov_3.004174,Dicistroviridae,Madagascar,Amparafaravola,Feb-20,2020,Rainy,Anopheles gambiae,108,6683597,2289335,47.17,Amparafaravola dicistro-like virus 1,Amparafaravola dicistro-like virus 1  isolate MAD2279
HVT7HBGXH_Madagascar-Amparafaravola-Feb-2020-Rainy-Anopheles-gambiae-5_S69,NODE_1_length_10699_cov_49.547995,Flaviviridae,Madagascar,Amparafaravola,Feb-20,2020,Rainy,Anopheles gambiae,7959,6610379,371962,21397.35,Anopheles flavivirus variant 1,Anopheles flavivirus variant 1  isolate MAD2282
HVT7HBGXH_Madagascar-Amparafaravola-Feb-2020-Rainy-Anopheles-gambiae-5_S69,NODE_56_length_1025_cov_1.259454,Dicistroviridae,Madagascar,Amparafaravola,Feb-20,2020,Rainy,Anopheles gambiae,80,6610379,371962,215.08,Amparafaravola dicistro-like virus 1,Amparafaravola dicistro-like virus 1  isolate MAD2281
HVT7HBGXH_Madagascar-Amparafaravola-Feb-2020-Rainy-Culex-antennatus-1_S70,NODE_1_length_10999_cov_52.612850,Kitaviridae,Madagascar,Amparafaravola,Feb-20,2020,Rainy,Culex antennatus,8527,6412269,3834827,2223.57,Culex pipiens-associated Tunisia virus,Culex pipiens-associated Tunisia virus  isolate MAD2284
HVT7HBGXH_Madagascar-Amparafaravola-Feb-2020-Rainy-Culex-antennatus-1_S70,NODE_51_length_4437_cov_15.062786,Metaviridae,Madagascar,Amparafaravola,Feb-20,2020,Rainy,Culex antennatus,1348,6412269,3834827,351.52,Amparafaravola meta-like virus 12,Amparafaravola meta-like virus 12  isolate MAD2283
HVT7HBGXH_Madagascar-Amparafaravola-Feb-2020-Rainy-Culex-antennatus-3_S72,NODE_2_length_11000_cov_26.392605,Kitaviridae,Madagascar,Amparafaravola,Feb-20,2020,Rainy,Culex antennatus,4524,6179964,1608387,2812.76,Culex pipiens-associated Tunisia virus,Culex pipiens-associated Tunisia virus  isolate MAD2289
HVT7HBGXH_Madagascar-Amparafaravola-Feb-2020-Rainy-Culex-antennatus-3_S72,NODE_1_length_11822_cov_263.930377,Rhabdoviridae,Madagascar,Amparafaravola,Feb-20,2020,Rainy,Culex antennatus,47665,6179964,1608387,29635.28,Merida virus,Merida virus  isolate MAD2290
HVT7HBGXH_Madagascar-Amparafaravola-Feb-2020-Rainy-Culex-antennatus-3_S72,NODE_11_length_3238_cov_5.866983,Narnaviridae,Madagascar,Amparafaravola,Feb-20,2020,Rainy,Culex antennatus,349,6179964,1608387,216.99,Amparafaravola narna-like virus 2,Amparafaravola narna-like virus 2  isolate MAD2285
HVT7HBGXH_Madagascar-Amparafaravola-Feb-2020-Rainy-Culex-antennatus-3_S72,NODE_29_length_2373_cov_367.190870,Partitiviridae,Madagascar,Amparafaravola,Feb-20,2020,Rainy,Culex antennatus,13095,6179964,1608387,8141.7,Amparafaravola partiti-like virus 4,Amparafaravola partiti-like virus 4  isolate MAD2286
HVT7HBGXH_Madagascar-Amparafaravola-Feb-2020-Rainy-Culex-antennatus-3_S72,NODE_37_length_2195_cov_97.822809,Partitiviridae,Madagascar,Amparafaravola,Feb-20,2020,Rainy,Culex antennatus,3190,6179964,1608387,1983.35,Amparafaravola partiti-like virus 7,Amparafaravola partiti-like virus 7  isolate MAD2287
HVT7HBGXH_Madagascar-Amparafaravola-Feb-2020-Rainy-Culex-antennatus-3_S72,NODE_65_length_1551_cov_4.843031,Phasmaviridae,Madagascar,Amparafaravola,Feb-20,2020,Rainy,Culex antennatus,112,6179964,1608387,69.63,Amparafaravola phasma-like virus 2,Amparafaravola phasma-like virus 2  isolate MAD2288